﻿姓名,省/直辖市,市/区,医院,科室类别,科室,职称,教育职称,综合推荐热度,在线问诊量,擅长,个人网站总访问,个人网站总文章,个人网站总患者,微信诊后报道患者,总诊后报到患者,诊后服务星,诊治后患者数,随访中患者数
张力军,新疆,巴音郭楞,巴州人民医院,内科,心血管内科,主任医师,,3.1,12,高血压，急慢性心衰，冠心病，心律失常，心肌病，高血脂等内科常见疾病的诊治,"7,088次",0篇,12位,12位,12位,,,
玛依努尔·哈依尔,新疆,巴音郭楞,巴州人民医院,内科,心血管内科,主任医师,,3.0,2,心绞痛、心衰、高血压等心血管内科常见疾病的诊治,"3,189次",0篇,2位,2位,2位,,,
排孜来提·尤努斯,新疆,巴音郭楞,巴州人民医院,内科,心血管内科,主任医师,,3.0,,高血压、冠心病、心律失常、心衰、心肌缺血等心血管内科常见疾病的诊治,,0篇,0位,0位,0位,,,
欧阳晓东,新疆,巴音郭楞,巴州人民医院,内科,心血管内科,主任医师,,3.0,,心脑血管常见病、多发病、疑难病的诊治,,,,,,,,
袁山,新疆,巴音郭楞,巴州人民医院,内科,心血管内科,主治医师,,3.0,,高血压，急慢性心衰，冠心病，心律失常，心肌病，高血脂等内科常见疾病的诊治,"5,813次",0篇,0位,0位,0位,,,
常明,新疆,巴音郭楞,巴州人民医院,内科,心血管内科,副主任医师,,2.9,,心血管常见病、多发病进行诊治，特别是对危重症患者能独立指挥抢救治疗,,,,,,,,
熊新华,新疆,巴音郭楞,巴州人民医院,内科,心血管内科,主任医师,,2.8,,,,,,,,,,
王红燕,新疆,巴音郭楞,巴州人民医院,内科,心血管内科,副主任医师,,2.8,,心血管常见病、多发病、疑难病的诊治,,,,,,,,
任胜林,新疆,巴音郭楞,巴州人民医院,内科,心血管内科,副主任医师,,2.8,,心血管内科各种急危重症的诊治，尤其复杂心率失常的诊治，在心血管疾病的介入治疗方面有独特的专长，能够独立完成急性心肌梗塞的急诊PCI术、选择性冠状动脉成形术及支架植入术、临时永久起搏器植入术、导管射频消融术等技术,,,,,,,,
廖春林,新疆,巴音郭楞,巴州人民医院,内科,心血管内科,副主任医师,,2.8,,心脏起博与射频消融治疗心律失常、冠脉造影术、心脏临时及永久起博植入诊治,,,,,,,,
王玉兰,新疆,巴音郭楞,巴州人民医院,内科,心血管内科,副主任医师,,2.8,,心血管常见病、多发病进行诊治，特别是对危重症患者能独立指挥抢救治疗,,,,,,,,
马云玉,新疆,巴音郭楞,巴州人民医院,内科,心血管内科,副主任医师,,2.8,,,,,,,,,,
李浩,新疆,巴音郭楞,巴州人民医院,内科,心血管内科,住院医师,,2.8,,高血压，急慢性心衰，冠心病，心律失常，心肌病，高血脂等内科常见疾病的诊治,"6,629次",0篇,0位,0位,0位,,,
张廷吉,新疆,巴音郭楞,巴州人民医院,内科,心血管内科,主治医师,,2.8,22,高血压、冠心病;心功能不全等,,30篇,22位,14位,15位,,,
卢艳,新疆,巴音郭楞,巴州人民医院,内科,心血管内科,主治医师,,2.8,4,冠心病、高血压等,,0篇,0位,0位,0位,,,
高亚丽,新疆,巴音郭楞,巴州人民医院,内科,心血管内科,主治医师,,2.8,,高血压、冠心病等,"5,835次",0篇,0位,0位,0位,,,
陈建,新疆,巴音郭楞,巴州人民医院,内科,心血管内科,住院医师,,2.8,,高血压、冠心病,,0篇,0位,0位,0位,,,
樊昕,新疆,巴音郭楞,巴州人民医院,内科,心血管内科,住院医师,,2.8,2,心血管疾病,"6,653次",0篇,2位,2位,2位,,,
苗新刚,新疆,巴音郭楞,巴州人民医院,内科,神经内科,副主任医师,,3.0,,神经内科及血液科常见病、多发病、疑难病的诊治,,,,,,,,
吴新山,新疆,巴音郭楞,巴州人民医院,内科,神经内科,主治医师,,2.9,,脑血管病、癫痫、周围神经病、头痛、头晕等常见病、多发病的诊治,,0篇,0位,0位,0位,,,
齐月仙,新疆,巴音郭楞,巴州人民医院,内科,神经内科,主任医师,,2.9,,周围神经病、中枢神经系统脱髓鞘疾病、神经系统变性疾病、神经—肌肉接头疾病、肌肉疾病等疾病的诊治,,,,,,,,
李雅博,新疆,巴音郭楞,巴州人民医院,内科,神经内科,主任医师,,2.9,,,,,,,,,,
张虔,新疆,巴音郭楞,巴州人民医院,内科,神经内科,副主任医师,,2.8,,脑血管病、脑损伤、脊髓损伤、脑瘫的康复的诊治,,,,,,,,
艾克拜尔·加玛力,新疆,巴音郭楞,巴州人民医院,内科,神经内科,副主任医师,,2.8,,脑血管疾病、癫痫、帕金森病、多发性硬化肌运动神经元病、肌肉疾病、周围神经病的诊断及治疗,,,,,,,,
艾合买提·扎依尔,新疆,巴音郭楞,巴州人民医院,内科,神经内科,副主任医师,,2.8,,,,,,,,,,
王平,新疆,巴音郭楞,巴州人民医院,内科,神经内科,主治医师,,2.8,39,脑血管病，癫痫，痴呆，帕金森病，头痛等疾病的诊治,"26,282次",11篇,39位,34位,35位,,,
吴海跃,新疆,巴音郭楞,巴州人民医院,内科,神经内科,住院医师,,2.8,,脑血管病、癫痫、周围神经病、头痛、头晕等常见病、多发病的诊治,,0篇,0位,0位,0位,,,
艾则麦提江·亚森,新疆,巴音郭楞,巴州人民医院,内科,神经内科,住院医师,,2.8,2,脑血管病、癫痫、周围神经病、头痛、头晕等常见病、多发病的诊治,"4,426次",0篇,2位,2位,2位,,,
朱坤,新疆,巴音郭楞,巴州人民医院,内科,神经内科,住院医师,,2.7,,脑血管病、癫痫、周围神经病、头痛、头晕等常见病、多发病的诊治,,0篇,0位,0位,0位,,,
商灵英,新疆,巴音郭楞,巴州人民医院,内科,内分泌科,主任医师,,3.0,,心血管病、老年病专业的诊治,,,,,,,,
哈力岱.哈吾力,新疆,巴音郭楞,巴州人民医院,内科,内分泌科,主任医师,,2.9,,内分泌科常见病、多发病及疑难病的诊治,,,,,,,,
李继红,新疆,巴音郭楞,巴州人民医院,内科,内分泌科,副主任医师,,2.9,,内分泌专业（糖尿病、甲状腺、肾上腺、垂体及骨质疏松等）及病的诊治,,,,,,,,
刘冬,新疆,巴音郭楞,巴州人民医院,内科,内分泌科,副主任医师,,2.9,,脑垂体卒中、下丘脑综合症、原发性甲状旁腺功能亢进症、高泌乳素血症及溢乳-闭经综合症、多发性内分泌腺瘤病、空泡蝶鞍、高血压、原发性醛固酮增多症、低钠血症、痛风及高尿酸血症、尿崩症等疾病能准确诊断治疗，尤其对糖尿病病因及分型的诊断,,,,,,,,
赵晓玲,新疆,巴音郭楞,巴州人民医院,内科,内分泌科,副主任医师,,2.9,,心肺复苏术、急性肺水肿的抢救、顽固性心衰的诊治、肺源性心脏病、心功能不全的诊治、糖尿病酮症酸中毒的抢救、肺性脑病诊治,,,,,,,,
徐新,新疆,巴音郭楞,巴州人民医院,内科,内分泌科,主任医师,,2.9,,,,,,,,,,
陈立,新疆,巴音郭楞,巴州人民医院,内科,内分泌科,主任医师,,2.9,,,,,,,,,,
帕塔木汗.卡德尔,新疆,巴音郭楞,巴州人民医院,内科,内分泌科,副主任医师,,2.9,,心肺复苏术、急性肺水肿的抢救、顽固性心衰的诊治、肺源性心脏病、心功能不全的诊治、糖尿病酮症酸中毒的抢救、肺性脑病诊治、哮喘持续状态及大咯血的抢救，与ICU合作成功抢救ARDS、Ⅱ型呼衰病人，尤其是糖尿病及并发症、甲状腺疾病的诊治,,,,,,,,
冯振梅,新疆,巴音郭楞,巴州人民医院,内科,内分泌科,副主任医师,,2.8,,,,,,,,,,
热纳古力·艾拜布拉,新疆,巴音郭楞,巴州人民医院,内科,内分泌科,副主任医师,,2.8,,,,,,,,,,
强波荣,新疆,巴音郭楞,巴州人民医院,内科,内分泌科,副主任医师,,2.8,,,,,,,,,,
李艳秋,新疆,巴音郭楞,巴州人民医院,内科,肾病、风湿免疫科,,,2.7,,急慢性肾病、急慢性肾功能衰竭、泌尿感染、系统性红斑狼疮、类风湿性关节炎、高血压病、糖尿病肾病、常见心血管病、心力衰竭、心肌病、心律失常,,,,,,,,
任棖梅,新疆,巴音郭楞,巴州人民医院,内科,肾病、风湿免疫科,副主任医师,,3.0,,急慢性泌尿系感染、狼疮性肾炎、类风湿关节炎、结缔组织疾病、痛风等疾病的诊治,,,,,,,,
顾小萍,新疆,巴音郭楞,巴州人民医院,内科,肾病、风湿免疫科,副主任医师,,2.9,,风湿科常见病、多发病、疑难病的诊治,,,,,,,,
金萍,新疆,巴音郭楞,巴州人民医院,内科,肾病、风湿免疫科,副主任医师,,2.8,,肾病专业，急慢性肾功能衰竭、急慢性肾炎、急性肾孟肾炎、狼疮性肾炎、糖尿病肾病、IGA肾病、肾病综合症、常见心血管疾病、高血压病、冠心病、心肌病、心功能不全等疾病的诊治,,,,,,,,
殷红梅,新疆,巴音郭楞,巴州人民医院,内科,肾病、风湿免疫科,副主任医师,,2.8,,,,,,,,,,
窦兴虎,新疆,巴音郭楞,巴州人民医院,内科,肾病、风湿免疫科,住院医师,,2.8,22,肾内科常见疾病的诊治，如急、慢性肾炎、急慢性肾功衰、肾病综合征、糖尿病肾病、高血压肾病等,"21,668次",54篇,22位,21位,22位,,,
季永江,新疆,巴音郭楞,巴州人民医院,内科,肾病、风湿免疫科,主治医师,,2.8,7,肾内科常见疾病的诊治，如急、慢性肾炎、急慢性肾功衰、肾病综合征、糖尿病肾病、高血压肾病等,,0篇,7位,0位,0位,,,
程翔,新疆,巴音郭楞,巴州人民医院,内科,肾病、风湿免疫科,住院医师,,2.7,,肾内科常见疾病的诊治，如急、慢性肾炎、急慢性肾功衰、肾病综合征、糖尿病肾病、高血压肾病等,"4,723次",0篇,0位,0位,0位,,,
阿米娜·阿不都热衣木,新疆,巴音郭楞,巴州人民医院,内科,感染内科,主任医师,,3.1,,肝炎、肝硬化、肺结核，常见传染病等,,0篇,0位,0位,0位,,,
桑玉兰,新疆,巴音郭楞,巴州人民医院,内科,感染内科,主任医师,,3.0,,各型病毒性肝炎及其他原因引起的各型肝炎，肝功损害，脂肪肝，肝炎后肝硬化，酒精性肝炎，各型重症肝炎，末期肝病的治疗，肝昏迷，肝硬化消化道大出血，感染性腹泻，肺结核等病的诊断和治疗,,,,,,,,
吴艳琴,新疆,巴音郭楞,巴州人民医院,内科,感染内科,主任医师,,2.9,,,,,,,,,,
谭再海,新疆,巴音郭楞,巴州人民医院,内科,感染内科,副主任医师,,2.9,,传染病，感染性疾病，尤其病毒性肝炎，乙型抗病毒治疗,,,,,,,,
鲍荣华,新疆,巴音郭楞,巴州人民医院,内科,感染内科,副主任医师,,2.9,,病毒性肝炎，肺结核，麻疹，水痘，流行性腮腺炎等传染病,,,,,,,,
熊学荣,新疆,巴音郭楞,巴州人民医院,内科,感染内科,副主任医师,,2.9,,各种感染性疾病的诊断治疗,,,,,,,,
古力菲娅,新疆,巴音郭楞,巴州人民医院,内科,感染内科,副主任医师,,2.9,,传染科常见病、多发病的诊治，尤其是肺曲肺炎的诊治,,,,,,,,
沈黎俊,新疆,巴音郭楞,巴州人民医院,内科,感染内科,副主任医师,,2.9,,,,,,,,,,
王宏磊,新疆,巴音郭楞,巴州人民医院,内科,消化内科,主任医师,,2.9,,胃、肠、肝、胆、胰等疾病的诊断及治疗,,,,,,,,
米力坎·尼亚孜,新疆,巴音郭楞,巴州人民医院,内科,消化内科,主任医师,,2.8,,,,,,,,,,
古丽娜·托呼提,新疆,巴音郭楞,巴州人民医院,内科,消化内科,副主任医师,,2.8,,消化内常见病、多发病、疑难病的诊治,,,,,,,,
路远,新疆,巴音郭楞,巴州人民医院,内科,消化内科,副主任医师,,2.8,,,,,,,,,,
田红丽,新疆,巴音郭楞,巴州人民医院,内科,消化内科,副主任医师,,2.8,,,,,,,,,,
国华,新疆,巴音郭楞,巴州人民医院,内科,消化内科,副主任医师,,2.8,,,,,,,,,,
陈辉,新疆,巴音郭楞,巴州人民医院,内科,呼吸内科,主任医师,,3.2,,慢性支气管炎、肺心病、哮喘、支气管扩张、各类胸腔疾病的诊断和治疗,,,,,,,,
袁小玲,新疆,巴音郭楞,巴州人民医院,内科,呼吸内科,副主任医师,,3.1,,内科常见病、多发病、危重病，尤其是呼吸系统疾病的诊治,,,,,,,,
海日尼莎·艾沙,新疆,巴音郭楞,巴州人民医院,内科,呼吸内科,副主任医师,,3.0,,慢性支气管炎、阻塞性肺气肿、慢性肺源性心脏病、支气管哮喘、细菌性肺炎、气胸胸腔积液的诊断和治疗,,,,,,,,
胡德春,新疆,巴音郭楞,巴州人民医院,内科,呼吸内科,副主任医师,,3.0,,,,,,,,,,
哈斯也提·司马义,新疆,巴音郭楞,巴州人民医院,内科,呼吸内科,,,3.0,,呼吸系统疾病（支气管哮喘、肺心病、肺部感染）的诊治,,,,,,,,
徐科,新疆,巴音郭楞,巴州人民医院,内科,急诊科,主任医师,,2.9,,,,,,,,,,
张连萍,新疆,巴音郭楞,巴州人民医院,内科,急诊科,副主任医师,,2.8,,,,,,,,,,
韩海滨,新疆,巴音郭楞,巴州人民医院,内科,老年病科,主治医师,,2.9,35,高血压、继发性高血压等疾病的诊治,"8,271次",1篇,35位,35位,35位,,,
阿娜古丽·艾力,新疆,巴音郭楞,巴州人民医院,内科,内科,副主任医师,,2.8,,,,,,,,,,
丁江平,新疆,巴音郭楞,巴州人民医院,外科,骨科,主任医师,,2.9,,脊柱外科、人工关节置换、断指再植术、断肢再植术、吻合血管的复合组织瓣移植修复四肢严重碾压毁损、濒临截肢肢体和骨盆髋臼骨折内固定术及骨肿瘤的诊治,,,,,,,,
王新安,新疆,巴音郭楞,巴州人民医院,外科,骨科,主任医师,副教授,3.2,,脊柱手足外科常见疾病诊断治疗,"5,563次",0篇,0位,0位,0位,,,
王斌,新疆,巴音郭楞,巴州人民医院,外科,骨科,副主任医师,,3.1,632,颈腰腿痛、脊柱退变性疾病、椎管狭窄微创手术、脊柱畸形、脊柱微创治疗椎间盘突出、颈椎损伤脱位，脊柱骨折脱位、脊柱肿瘤、脊柱结核,"131,588次",22篇,632位,391位,391位,,,
冯新文,新疆,巴音郭楞,巴州人民医院,外科,骨科,主治医师,,2.9,1196,颈腰椎间盘突出，椎管狭窄，脊柱椎体滑脱。脊柱骨折，脊柱侧弯畸形，强直性脊柱炎，脊柱结核等脊柱疑难杂症！,"270,209次",19篇,1196位,59位,60位,,,
王尧天,新疆,巴音郭楞,巴州人民医院,外科,骨科,副主任医师,,2.9,,骨科常见病、多发病、疑难病的诊治,,,,,,,,
伊明江,新疆,巴音郭楞,巴州人民医院,外科,骨科,副主任医师,,2.9,,骨科常见病、多发病、疑难复杂四肢骨折脱位等疾病的诊治，四肢长管状骨折外固定架骨治疗及康复,,,,,,,,
刘昆,新疆,巴音郭楞,巴州人民医院,外科,骨科,副主任医师,,2.8,,老年骨与关节疾病治疗及功能训练；人工关节置换（人工膝关节、髋关节、肩关节、踝关节、指间关节、肿瘤关节假体）手术治疗及术后康复治疗；小儿畸形矫形、成人肢体关节畸形,,,,,,,,
吴文利,新疆,巴音郭楞,巴州人民医院,外科,骨科,副主任医师,,2.8,,四肢骨折脱位创伤的修复；严重四肢创伤的保肢治疗；四肢血管神经损伤的修复,,,,,,,,
颜渠江,新疆,巴音郭楞,巴州人民医院,外科,骨科,副主任医师,,2.8,,,,,,,,,,
常生伟,新疆,巴音郭楞,巴州人民医院,外科,骨科,副主任医师,,2.8,,,,,,,,,,
牛奔,新疆,巴音郭楞,巴州人民医院,外科,骨科,副主任医师,,2.8,,,,,,,,,,
蒲金川,新疆,巴音郭楞,巴州人民医院,外科,骨科,副主任医师,,2.8,,,,,,,,,,
邹岩,新疆,巴音郭楞,巴州人民医院,外科,骨科,主治医师,,2.9,550,儿童骨折、先天性畸形矫形、浅表肿瘤等,"207,563次",17篇,550位,454位,454位,,,
吐尔洪江·斯地克,新疆,巴音郭楞,巴州人民医院,外科,神经外科,副主任医师,,2.9,1,颅脑肿瘤，脑血管疾病，脑出血，颅脑外伤等,"5,438次",0篇,1位,0位,0位,,,
王森岗,新疆,巴音郭楞,巴州人民医院,外科,神经外科,副主任医师,,2.9,1,脑血管病，颅脑肿瘤，颅脑外伤等疾病的诊治,"6,327次",0篇,1位,1位,1位,,,
艾合买提·海力力,新疆,巴音郭楞,巴州人民医院,外科,神经外科,主任医师,,2.9,,,,,,,,,,
余全明,新疆,巴音郭楞,巴州人民医院,外科,神经外科,主任医师,,2.9,,,,,,,,,,
徐彬,新疆,巴音郭楞,巴州人民医院,外科,神经外科,副主任医师,,2.8,,重型颅脑损伤综合救治处理、脑出血气体定向手术及微创显微手术、颅内肿瘤显微手术切除、脑血管病救治手术、功能性疾病诊治处理等,,,,,,,,
于江龙,新疆,巴音郭楞,巴州人民医院,外科,神经外科,副主任医师,,2.8,,,,,,,,,,
路连祥,新疆,巴音郭楞,巴州人民医院,外科,神经外科,副主任医师,,2.8,,,,,,,,,,
阿依都.阿不都热依木,新疆,巴音郭楞,巴州人民医院,外科,普外科,,,2.7,,普外科常见病、多发病、疑难病的诊治,,,,,,,,
塔依尔,新疆,巴音郭楞,巴州人民医院,外科,普外科,副主任医师,,2.9,,肝胆胰外科及普外科各类疑难病症的诊断及治疗,,,,,,,,
张辅江,新疆,巴音郭楞,巴州人民医院,外科,普外科,主任医师,,2.9,,,,,,,,,,
薛永忠,新疆,巴音郭楞,巴州人民医院,外科,普外科,副主任医师,,2.8,,普外科常见病、多发病、疑难病的诊治,,,,,,,,
刘建军,新疆,巴音郭楞,巴州人民医院,外科,普外科,副主任医师,,2.8,,普外科的常见病及多发病的诊断及治疗,,,,,,,,
木拉提·吐尔逊,新疆,巴音郭楞,巴州人民医院,外科,普外科,副主任医师,,2.8,,腹部外科微创腹腔镜诊治，小儿外科诊治，疝与腹壁外科,591次,0篇,0位,0位,0位,,,
李炜,新疆,巴音郭楞,巴州人民医院,外科,泌尿外科,副主任医师,,3.0,,前列腺增生症，膀胱肿瘤，肾肿瘤的手术治疗，经尿道前列腺电切，膀胱全切原位回肠新膀胱术，经尿道输尿管,,,,,,,,
黄义旦,新疆,巴音郭楞,巴州人民医院,外科,泌尿外科,副主任医师,,2.9,,肾癌根治术、肾盂输尿管成型术、经尿道增生前列腺汽化电切术（TURP）、经尿道膀胱肿瘤电切术（TUR-Bt）、腹膜后腹腔镜手术、张力性尿失禁手术治疗及隐睾下降固定术等，正在开展膀胱全切原位回肠新膀胱术及腔镜下前列腺癌根治术,,,,,,,,
阿布来提·艾孜布拉,新疆,巴音郭楞,巴州人民医院,外科,泌尿外科,主任医师,,2.9,,,,,,,,,,
马惠斌,新疆,巴音郭楞,巴州人民医院,外科,泌尿外科,住院医师,,2.8,23,,"1,057次",0篇,23位,5位,5位,,,
玉素莆,新疆,巴音郭楞,巴州人民医院,外科,胸心外科,主任医师,,2.9,,食管各段癌，甲状腺ca，肺ca，乳腺ca，贲门ca，胃ca，肠ca，胰头ca，肝ca，肝叶切除,,,,,,,,
阿布都吉力力,新疆,巴音郭楞,巴州人民医院,外科,胸心外科,副主任医师,,2.8,,,,,,,,,,
李宗健,新疆,巴音郭楞,巴州人民医院,外科,脊柱手足外科,住院医师,,2.9,,脊柱创伤、退变等疾病的诊治，椎间孔镜等,"1,755次",0篇,0位,0位,0位,,,
王淼,新疆,巴音郭楞,巴州人民医院,外科,脊柱手足外科,副主任医师,,2.9,,复杂断指、断肢再植，周围血管、神经、肌腱损伤及晚期功能重建，四肢软组织缺损带蒂、游离组织瓣修复，小儿先天畸形矫正，糖尿病足保肢，拇外翻矫形技术,750次,0篇,0位,0位,0位,,,
吴凤英,新疆,巴音郭楞,巴州人民医院,妇儿,妇科,,,2.8,,妇产科常见病、多发病及疑难病症，各类宫、腹腔镜手术，妇科恶性肿瘤的诊治,,,,,,,,
古丽娜·买买提,新疆,巴音郭楞,巴州人民医院,妇儿,妇科,副主任医师,,3.0,,妇科内分泌疾病、不孕症的治疗，善于妇产科常见病、多发病的诊治、各类普通妇科手术及计划生育手术。擅长阴式子宫切除术、筋膜内子宫全切术、筋膜外子宫全切术、腹腔镜下附件手术，擅长宫腔镜检查和手术,,,,,,,,
王华,新疆,巴音郭楞,巴州人民医院,妇儿,妇科,副主任医师,,3.0,,妇产科常见病、多发病及疑难病症,,,,,,,,
周咏梅,新疆,巴音郭楞,巴州人民医院,妇儿,妇科,副主任医师,,3.0,,妇科肿瘤的诊治、宫颈病变的诊治,,,,,,,,
候菊荣,新疆,巴音郭楞,巴州人民医院,妇儿,妇科,主任医师,,2.9,,妇科常见病诊治、各类肿瘤手术化疗放疗,,,,,,,,
邓朝红,新疆,巴音郭楞,巴州人民医院,妇儿,妇科,主任医师,,2.9,,妇产科常见病、多发病及疑难病症,,,,,,,,
田松,新疆,巴音郭楞,巴州人民医院,妇儿,妇科,主任医师,,2.9,,,,,,,,,,
李萍,新疆,巴音郭楞,巴州人民医院,妇儿,妇科,主任医师,,2.9,,,,,,,,,,
赵珍,新疆,巴音郭楞,巴州人民医院,妇儿,妇科,主任医师,,2.9,,,,,,,,,,
敬谢英,新疆,巴音郭楞,巴州人民医院,妇儿,妇科,副主任医师,,2.8,,,,,,,,,,
邓万芳,新疆,巴音郭楞,巴州人民医院,妇儿,妇科,副主任医师,,2.8,,,,,,,,,,
呼俊,新疆,巴音郭楞,巴州人民医院,妇儿,儿科,副主任医师,,2.8,,新生儿疾病及儿童常见病、多发病症诊断与抢救,,,,,,,,
欧尔兰,新疆,巴音郭楞,巴州人民医院,妇儿,儿科,副主任医师,,2.9,,儿科各种急、危、重病症及疑难杂症的诊断及处理,,,,,,,,
栾俊强,新疆,巴音郭楞,巴州人民医院,妇儿,儿科,副主任医师,,2.8,,儿科各种急危病症的抢救与治,,,,,,,,
魏群,新疆,巴音郭楞,巴州人民医院,妇儿,儿科,副主任医师,,2.8,,,,,,,,,,
殷虹,新疆,巴音郭楞,巴州人民医院,妇儿,儿科,副主任医师,,2.8,,,,,,,,,,
何丽平,新疆,巴音郭楞,巴州人民医院,妇儿,产科,主任医师,,2.9,,妇产科常见病、多发病、疑难病的诊断诊疗,,,,,,,,
王庆红,新疆,巴音郭楞,巴州人民医院,妇儿,产科,主任医师,,3.1,,生理学科、病理学科的常见病、疑难病,,,,,,,,
金云,新疆,巴音郭楞,巴州人民医院,妇儿,产科,主任医师,,2.9,,,,,,,,,,
张安仓,新疆,巴音郭楞,巴州人民医院,其他,眼科,主任医师,,2.9,,屈光、准分子激光近视眼、白内障、玻璃体切除、视网膜脱离、眼眶肿瘤的疾病的诊断、手术与治疗,,,,,,,,
普拉提·艾沙,新疆,巴音郭楞,巴州人民医院,其他,眼科,主任医师,,2.9,,眼部美容手术，青光眼各类手术，白内障、现代囊外及囊内摘除，超声乳化及人工晶体植入术，后房壁、前房壁人工晶体、眼部肿瘤手术及鼻腔沟囊内吻合术等疾病,,,,,,,,
王秋霞,新疆,巴音郭楞,巴州人民医院,其他,眼科,主任医师,,2.9,,,,,,,,,,
乌兰格丽,新疆,巴音郭楞,巴州人民医院,其他,眼科,主任医师,,2.9,,,,,,,,,,
陈静,新疆,巴音郭楞,巴州人民医院,其他,眼科,副主任医师,,2.9,,白内障，青光眼，复杂眼外伤的手术治疗,,,,,,,,
秦雅玲,新疆,巴音郭楞,巴州人民医院,其他,眼科,副主任医师,,2.9,,眼科常见病、多发病的诊断及治疗,,,,,,,,
张晓元,新疆,巴音郭楞,巴州人民医院,其他,眼科,副主任医师,,2.9,,,,,,,,,,
热西旦木·玉山,新疆,巴音郭楞,巴州人民医院,其他,眼科,副主任医师,,2.9,,,,,,,,,,
张瑞萍,新疆,巴音郭楞,巴州人民医院,其他,中医科,主任医师,,3.1,,中医内科杂病辨证施治，运用中医辨证施治与西医辨病相结合处理心脑血管、消化呼吸、内分泌系统常见病多发病及疑难杂症有独到的治疗,,,,,,,,
吴文清,新疆,巴音郭楞,巴州人民医院,其他,中医科,主任医师,,3.1,,呼吸内科，心内科常见病、多发病的诊治,,,,,,,,
孟真,新疆,巴音郭楞,巴州人民医院,其他,中医科,主任医师,,3.1,,中医内科杂病辨证施治,,,,,,,,
郑明明,新疆,巴音郭楞,巴州人民医院,其他,中医科,主治医师,,3.0,31,高血压 甲亢 冠心病 月经病 高脂血症 胃炎 痤疮 湿疹等的中医治疗,"53,828次",1篇,31位,10位,11位,,,
李友莉,新疆,巴音郭楞,巴州人民医院,其他,中医科,副主任医师,,3.0,,急性脑血管意外、上消化道大出血，各种中毒糖尿病急症，各型休克等的诊治,,,,,,,,
徐晨,新疆,巴音郭楞,巴州人民医院,其他,中医科,副主任医师,,3.0,,中医诊治常见病、多发病,,,,,,,,
赛尔格玲,新疆,巴音郭楞,巴州人民医院,其他,中医科,副主任医师,,3.0,,,,,,,,,,
袁敏莉,新疆,巴音郭楞,巴州人民医院,其他,口腔科,主任医师,,2.9,,颌面外科，能独立完成唇、腭裂，面部外伤美容性修复，上下颌骨肿瘤，涎腺肿瘤，口腔癌联合根治术。是牙体病、牙周病、牙颌畸形矫治、烤瓷牙修复、中西医治疗口腔粘膜病等,,,,,,,,
王超,新疆,巴音郭楞,巴州人民医院,其他,口腔科,主治医师,,2.9,1,种植牙，口腔修复（烤瓷牙，全口义齿），颌面外科,"5,985次",0篇,1位,0位,0位,,,
阿米纳·吐尔逊,新疆,巴音郭楞,巴州人民医院,其他,口腔科,主任医师,,2.9,,,,,,,,,,
魏小帆,新疆,巴音郭楞,巴州人民医院,其他,口腔科,主任医师,,2.9,,,,,,,,,,
金花,新疆,巴音郭楞,巴州人民医院,其他,口腔科,主任医师,,2.9,,,,,,,,,,
曹卫东,新疆,巴音郭楞,巴州人民医院,其他,口腔科,副主任医师,,2.9,,口腔科常见病、多发病及疑难病的诊治,,,,,,,,
王朝阳,新疆,巴音郭楞,巴州人民医院,其他,口腔科,副主任医师,,2.9,,,,,,,,,,
张帆,新疆,巴音郭楞,巴州人民医院,其他,药剂科,主任药师,,2.9,,,,,,,,,,
张丽萍,新疆,巴音郭楞,巴州人民医院,其他,药剂科,副主任药师,,2.9,,,,,,,,,,
刁菱燕,新疆,巴音郭楞,巴州人民医院,其他,药剂科,主任药师,,2.9,,,,,,,,,,
林桦,新疆,巴音郭楞,巴州人民医院,其他,药剂科,副主任药师,,2.9,,,,,,,,,,
任红芳,新疆,巴音郭楞,巴州人民医院,其他,药剂科,副主任药师,,2.9,,,,,,,,,,
任建新,新疆,巴音郭楞,巴州人民医院,其他,药剂科,副主任药师,,2.9,,,,,,,,,,
陈刚,新疆,巴音郭楞,巴州人民医院,其他,超声科,主任医师,,2.9,,腹部、妇产科、小器官超声及介入超声诊断,,,,,,,,
张云华,新疆,巴音郭楞,巴州人民医院,其他,超声科,副主任医师,,2.8,,,,,,,,,,
赵正勤,新疆,巴音郭楞,巴州人民医院,其他,超声科,副主任医师,,2.8,,,,,,,,,,
孙玉山,新疆,巴音郭楞,巴州人民医院,其他,超声科,副主任医师,,2.8,,,,,,,,,,
英曼,新疆,巴音郭楞,巴州人民医院,其他,超声科,副主任医师,,2.8,,,,,,,,,,
赵丽,新疆,巴音郭楞,巴州人民医院,其他,超声科,副主任医师,,2.8,,,,,,,,,,
王朝霞,新疆,巴音郭楞,巴州人民医院,其他,麻醉科,副主任医师,,2.8,,各种麻醉的实施及处理，手术后疼痛治疗和慢性疼痛诊治,,,,,,,,
毛少磊,新疆,巴音郭楞,巴州人民医院,其他,麻醉科,主任医师,,2.9,,,,,,,,,,
敖云,新疆,巴音郭楞,巴州人民医院,其他,麻醉科,副主任医师,,2.8,,急危重病人的重大手术、疑难复杂手术的麻醉工作及各种疼痛的诊治,,,,,,,,
常玉华,新疆,巴音郭楞,巴州人民医院,其他,麻醉科,副主任医师,,2.8,,,,,,,,,,
施伟肖,新疆,巴音郭楞,巴州人民医院,其他,麻醉科,副主任医师,,2.8,,,,,,,,,,
代里根,新疆,巴音郭楞,巴州人民医院,其他,麻醉科,副主任医师,,2.8,,,,,,,,,,
上官新燕英,新疆,巴音郭楞,巴州人民医院,其他,肿瘤科,副主任医师,,3.0,,肿瘤内科的化疗、内分泌治疗、生物免疫、基因靶向治疗、姑息康复治疗、肿瘤的中医中药治疗,,,,,,,,
玛依努尔,新疆,巴音郭楞,巴州人民医院,其他,肿瘤科,主任医师,,3.0,,消化内科、肿瘤内科常见病、多发病及疑难病的诊治,,,,,,,,
郑樟跃,新疆,巴音郭楞,巴州人民医院,其他,肿瘤科,主任医师,,2.9,,胸部手术、乳癌、肺癌、食管癌等肿瘤手术，脑部手术，胃癌，直肠癌等手术,,,,,,,,
刘平生,新疆,巴音郭楞,巴州人民医院,其他,肿瘤科,主任医师,,2.9,,普外肿瘤和胸外肿瘤的诊治,,,,,,,,
玛依努尔·玉苏甫,新疆,巴音郭楞,巴州人民医院,其他,肿瘤科,主任医师,,2.9,,,,,,,,,,
陈红英,新疆,巴音郭楞,巴州人民医院,其他,肿瘤科,副主任医师,,2.8,,,,,,,,,,
张秀英,新疆,巴音郭楞,巴州人民医院,其他,检验科,副主任医师,,2.8,,血液的配置及微生物学的研究,,,,,,,,
阿力同其其克,新疆,巴音郭楞,巴州人民医院,其他,检验科,副主任技师,,2.7,,,,,,,,,,
王新玲,新疆,巴音郭楞,巴州人民医院,其他,检验科,主任技师,,2.7,,,,,,,,,,
刘丽,新疆,巴音郭楞,巴州人民医院,其他,检验科,副主任技师,,2.7,,,,,,,,,,
李欣,新疆,巴音郭楞,巴州人民医院,其他,检验科,主任技师,,2.7,,,,,,,,,,
于集虹,新疆,巴音郭楞,巴州人民医院,其他,医学影像科,主任医师,,2.9,,,,,,,,,,
姜卫萍,新疆,巴音郭楞,巴州人民医院,其他,医学影像科,副主任医师,,2.9,,,,,,,,,,
王晖,新疆,巴音郭楞,巴州人民医院,其他,医学影像科,副主任医师,,2.9,,,,,,,,,,
王振祥,新疆,巴音郭楞,巴州人民医院,其他,医学影像科,,,2.8,,CT、MRI的操作及诊断,,,,,,,,
杨潇娜,新疆,巴音郭楞,巴州人民医院,其他,医学影像科,副主任技师,,2.8,,,,,,,,,,
殷晓辉,新疆,巴音郭楞,巴州人民医院,其他,介入科,副主任医师,,2.8,,放射CT MRI及血管造影技术，CT导引下病灶穿刺活检术，腹腔脓肿，肝肾囊肿硬化治疗术,,,,,,,,
张建勋,新疆,巴音郭楞,巴州人民医院,其他,介入科,副主任医师,,2.8,,常见病、多发病的X线诊断,,,,,,,,
刘志新,新疆,巴音郭楞,巴州人民医院,其他,介入科,副主任医师,,2.8,,X线诊断的骨科方面及胃肠道方面的诊断,,,,,,,,
刘清斌,新疆,巴音郭楞,巴州人民医院,其他,介入科,副主任医师,,2.8,,放射诊断,,,,,,,,
林平,新疆,巴音郭楞,巴州人民医院,其他,介入科,副主任医师,,2.8,,放射诊断,,,,,,,,
袁永革,新疆,巴音郭楞,巴州人民医院,其他,皮肤科,副主任医师,,3.2,,皮肤病及性病的多发病、常见病能熟练诊断与治疗,,,,,,,,
徐益明,新疆,巴音郭楞,巴州人民医院,其他,皮肤科,主任医师,,3.2,,,,,,,,,,
查汗,新疆,巴音郭楞,巴州人民医院,其他,皮肤科,主任医师,,3.2,,,,,,,,,,
张玲,新疆,巴音郭楞,巴州人民医院,其他,皮肤科,副主任医师,,3.2,,皮肤科常见病、多发病、疑难病的诊治,,,,,,,,
黄斌,新疆,巴音郭楞,巴州人民医院,其他,病理科,副主任医师,,2.8,,中冷冻病理诊断及液基薄层宫颈细胞学检查,,,,,,,,
苏拉,新疆,巴音郭楞,巴州人民医院,其他,病理科,副主任医师,,2.8,,胃肠道肿瘤，妇科肿瘤方面疑难疾病的病理诊断,,,,,,,,
韩玉华,新疆,巴音郭楞,巴州人民医院,其他,病理科,主治医师,,2.8,,妇科、胸部，神经系统，甲状腺，肾上腺等器官病变的病理诊断,"2,005次",0篇,0位,0位,0位,,,
郭玉梅,新疆,巴音郭楞,巴州人民医院,其他,耳鼻喉,主任医师,,2.9,,阻塞性睡眠呼吸暂停低通气综合征的手术治疗,,,,,,,,
古力逊阿衣·阿布力米提,新疆,巴音郭楞,巴州人民医院,其他,耳鼻喉,副主任医师,,2.8,,,,,,,,,,
葛文杰,新疆,巴音郭楞,巴州人民医院,其他,耳鼻喉,副主任医师,,2.8,,,,,,,,,,
帕尔哈提·艾则孜,新疆,巴音郭楞,巴州人民医院,其他,不孕不育科,主治医师,,2.9,119,男性不育症，少弱精症，无精子症，性功能障碍，男性生殖整形等,"17,455次",0篇,0位,0位,0位,,,
吾·哈斯西木克,新疆,巴音郭楞,巴州人民医院,其他,不孕不育科,住院医师,,2.8,,,"2,025次",0篇,0位,0位,0位,,,
罗霞,新疆,巴音郭楞,巴州人民医院,其他,重症医学科,主治医师,,2.9,5,呼吸科常见病、呼吸急危重症的救治,,2篇,0位,0位,0位,,,
唐克强,新疆,巴音郭楞,巴州人民医院,其他,重症医学科,副主任医师,,2.8,,急危重病救治及疑难神经内科疾病的救治,,,,,,,,
杨红杰,新疆,巴音郭楞,巴州人民医院,其他,放射科,副主任医师,,3.1,,,,,,,,,,
徐永能,新疆,巴音郭楞,巴州人民医院,其他,放射科,,,3.0,,临床常见疾病的诊断,,,,,,,,
吉林,新疆,巴音郭楞,巴州人民医院,其他,放疗科,主任医师,,2.9,,,,,,,,,,
陈守文,新疆,巴音郭楞,巴州人民医院,其他,放疗科,副主任技师,,2.8,,,,,,,,,,
江燕春,新疆,巴音郭楞,巴州人民医院,其他,体检科,主任医师,,2.9,,,,,,,,,,
赵梦洁,新疆,巴音郭楞,巴州人民医院,其他,全科医学科,住院医师,,2.7,6,老年内科疾病的诊治，如老年心脑血管疾病，高血压，糖尿病，高脂血症等,"3,453次",1篇,6位,6位,6位,,,
刘雪燕,新疆,巴音郭楞,巴州人民医院,其他,医疗美容科,主治医师,,2.8,19,"外科美容：玻尿酸填充泪沟、法令纹、丰下颏、鼻部塑形等；肉毒素注射瘦脸、除皱、腋臭、手足多汗症等治疗；水光针补水亮肤；面部线雕提升；小切口提升。
激光美容：擅长使用强脉冲光、调Q激光、点阵激光等治疗太田痣、褐青色痣、黄褐斑、雀斑、毛细血管扩张、瘢痕、睑黄瘤、汗管瘤、面部光老化等皮肤问题。
常见皮肤病的诊断及治疗：擅长痤疮、黄褐斑及面部老化的综合治疗。
皮肤外科：皮肤肿瘤（各种良恶性皮肤肿瘤、基底细胞癌、鳞状细胞癌、恶性黑素瘤等），瘢痕（浅表性瘢痕、凹陷性瘢痕、增生性瘢痕、瘢痕疙瘩）、冷冻及物理治疗（果酸焕肤）、微创腋臭切除术",,0篇,0位,0位,0位,,,
苏云其美克,新疆,巴音郭楞,巴州人民医院,其他,针灸科,主任医师,,3.2,,,,,,,,,,
郑雪梅,新疆,巴音郭楞,巴州人民医院,其他,康复医学科,副主任技师,,2.8,,,,,,,,,,
张跃,新疆,巴音郭楞,巴州人民医院,其他,肿瘤外科,主任医师,,2.9,,,,,,,,,,
陈丽萍,新疆,巴音郭楞,焉耆回族自治县人民医院,内科,心血管内科,副主任医师,,2.8,,高血压心血管疾病,,,,,,,,
古力逊木卡德尔,新疆,巴音郭楞,焉耆回族自治县人民医院,内科,心血管内科,主治医师,,2.7,3,高血压，急慢性心衰，冠心病，心律失常，心肌病，高血脂，急、慢性肾小球肾炎，肾病综合征，肾功能衰竭等泌尿系统疾病的诊治等,"8,678次",0篇,3位,3位,3位,,,
刘强,新疆,巴音郭楞,焉耆回族自治县人民医院,内科,心血管内科,副主任医师,,2.7,,心内科常见疾病的诊治，尤其擅长心血管疾病的诊治，并开展了冠心病介入治疗。,,0篇,0位,0位,0位,,,
陆军,新疆,巴音郭楞,焉耆回族自治县人民医院,内科,心血管内科,副主任医师,,2.7,,高血压，急慢性心衰，冠心病，心律失常，心肌病，高血脂等内科常见疾病的诊治,,0篇,0位,0位,0位,,,
马云,新疆,巴音郭楞,焉耆回族自治县人民医院,内科,心血管内科,副主任医师,,2.7,26,高血压，急慢性心衰，冠心病，心律失常，心肌病，高血脂等内科常见疾病的诊治,"11,424次",0篇,26位,26位,26位,,,
热比耶·阿卜都热合曼,新疆,巴音郭楞,焉耆回族自治县人民医院,内科,心血管内科,住院医师,,2.6,2,高血压，冠心病，心律失常等疾病的诊治,"5,686次",0篇,2位,2位,2位,,,
刘学荣,新疆,巴音郭楞,焉耆回族自治县人民医院,内科,心血管内科,住院医师,,2.6,3,心内科常见疾病的诊治,"5,281次",0篇,3位,3位,3位,,,
伏永兵,新疆,巴音郭楞,焉耆回族自治县人民医院,内科,心血管内科,住院医师,,2.4,3,高血压，急慢性心衰，冠心病，心律失常，心肌病，高血脂等内科常见疾病的诊治,"5,377次",0篇,3位,3位,3位,,,
梅彬,新疆,巴音郭楞,焉耆回族自治县人民医院,内科,内分泌、神经内科,主任医师,,2.9,,脑血管病、癫痫、周围神经病、糖尿病、甲亢甲减等疾病的诊治,"3,955次",0篇,0位,0位,0位,,,
米日班,新疆,巴音郭楞,焉耆回族自治县人民医院,内科,内分泌、神经内科,副主任医师,,2.8,,内分泌系统疾病,,,,,,,,
陈永华,新疆,巴音郭楞,焉耆回族自治县人民医院,内科,内分泌、神经内科,副主任医师,,2.8,1,脑血管病、癫痫、周围神经病、头痛、头晕等常见病、多发病的诊治,"5,332次",0篇,1位,1位,1位,,,
闻晓云,新疆,巴音郭楞,焉耆回族自治县人民医院,内科,内分泌、神经内科,主治医师,,2.7,4,脑血管病，癫痫，糖尿病，甲状腺疾病的诊治等,"5,656次",0篇,4位,1位,3位,,,
吐鲁逊娜依.艾买提,新疆,巴音郭楞,焉耆回族自治县人民医院,内科,内分泌、神经内科,住院医师,,2.6,,糖尿病及其并发症，甲状腺疾病，以及垂体、性腺、肾上腺等疾病的诊治,"5,749次",0篇,0位,0位,0位,,,
张智鹏,新疆,巴音郭楞,焉耆回族自治县人民医院,内科,内分泌、神经内科,主治医师,,2.5,1,脑血管病、癫痫、周围神经病、头痛、头晕、糖尿病、甲状腺疾病、痛风、贫血等常见病、多发病的诊治,"6,457次",0篇,1位,1位,1位,,,
李晶,新疆,巴音郭楞,焉耆回族自治县人民医院,内科,内分泌、神经内科,住院医师,,2.4,11,内分泌科常见疾病的诊治,"8,751次",0篇,11位,10位,10位,,,
孙凤梅,新疆,巴音郭楞,焉耆回族自治县人民医院,内科,消化呼吸科,副主任医师,,2.9,,慢阻肺、哮喘、呼吸系统感染、肺心病、胃及十二指肠溃疡，肠易激综合症等呼吸、消化系统疾病的诊治,"5,380次",0篇,0位,0位,0位,,,
李林,新疆,巴音郭楞,焉耆回族自治县人民医院,内科,消化呼吸科,主治医师,,3.0,,呼吸系统各种急、危重症（重症哮喘、急性呼衰、支气管扩张、肺结核大咯血等）,,,,,,,,
曹宏玲,新疆,巴音郭楞,焉耆回族自治县人民医院,内科,消化呼吸科,住院医师,,2.9,,,"19,671次",0篇,0位,0位,0位,,,
吕正江,新疆,巴音郭楞,焉耆回族自治县人民医院,内科,消化呼吸科,住院医师,,2.6,,呼吸系统，消化系统常见疾病的诊治，以及消化内镜的临床应用等,"5,234次",0篇,0位,0位,0位,,,
祁馨锐,新疆,巴音郭楞,焉耆回族自治县人民医院,内科,消化呼吸科,住院医师,,2.6,7,呼吸系统，消化系统常见疾病的诊治,"6,972次",0篇,7位,7位,7位,,,
李伦,新疆,巴音郭楞,焉耆回族自治县人民医院,内科,急救中心,副主任医师,,2.8,,心源性休克，失血性休克，过敏性休克，感染性休克等，特别是有机磷农药、灭鼠药、乙醇、一氧化碳中毒,,,,,,,,
饶志清,新疆,巴音郭楞,焉耆回族自治县人民医院,内科,急救中心,副主任医师,,2.8,,各种休克，急性脑血管病，各种心律失常，急性心肌梗死，急性消化道出血等急症,"12,690次",0篇,0位,0位,0位,,,
徐景良,新疆,巴音郭楞,焉耆回族自治县人民医院,内科,急救中心,副主任医师,,2.8,,急救外科、创伤外科的一些常见疾病和疑难病症,,,,,,,,
张瑾,新疆,巴音郭楞,焉耆回族自治县人民医院,内科,急救中心,副主任医师,,2.8,,急性心肌梗塞,,,,,,,,
罗晓斌,新疆,巴音郭楞,焉耆回族自治县人民医院,内科,肾病内科,副主任医师,,2.8,,内科的常见病、多发病及各种危重病症,,,,,,,,
初采瑛,新疆,巴音郭楞,焉耆回族自治县人民医院,内科,肾病内科,副主任医师,,2.8,,肾病内科常见病，多发病的诊治，多种急、危重症（急性肾衰、脑出血、急性心梗、休克、药物中毒等）,,,,,,,,
吉庆军,新疆,巴音郭楞,焉耆回族自治县人民医院,内科,肾病内科,主任医师,,2.8,20,心血管、肾病,"9,176次",0篇,20位,20位,20位,,,
张宗藩,新疆,巴音郭楞,焉耆回族自治县人民医院,内科,内科,主任医师,,2.8,,,,,,,,,,
刘莉,新疆,巴音郭楞,焉耆回族自治县人民医院,内科,内科,,,2.7,,消化内科各种疑难杂症,,,,,,,,
丁谦,新疆,巴音郭楞,焉耆回族自治县人民医院,内科,感染内科,副主任医师,,2.6,4,,624次,0篇,4位,2位,2位,,,
何崇军,新疆,巴音郭楞,焉耆回族自治县人民医院,外科,骨科,副主任医师,,2.8,,脊柱颈胸腰段爆裂骨折前路、后路减压植骨内固定术以及人工全髋、全膝关节置换术，关节镜清理术、游离体摘除术、半月板修整成形术、半月板切除术、前后交叉韧带重建术，胸腰椎结核病灶清除植骨内固定术,,,,,,,,
谭耿,新疆,巴音郭楞,焉耆回族自治县人民医院,外科,骨科,副主任医师,,2.8,,胫腓骨开放性骨折外固定架固定术，股骨多段骨折交带髓内针固定，股骨颈骨折空心钉固定，粗隆间粉碎性骨折动力髋及r钉固定术，股骨下段粉碎性骨折动力髁固定，及倒打钉固定手术,,,,,,,,
葛永鑫,新疆,巴音郭楞,焉耆回族自治县人民医院,外科,骨科,,,2.8,,熟练掌握了骨科常见病的诊断与治疗，基本掌握了骨科手术的操作技巧,,,,,,,,
杨盼来,新疆,巴音郭楞,焉耆回族自治县人民医院,外科,神经外科,主任医师,,2.9,,颅脑损伤手术，颅内肿瘤，经口鼻蝶入路垂体瘤切除，和大脑前A中A瘤夹闭术，脑包囊虫手术，脑包囊虫手术,,,,,,,,
周亚明,新疆,巴音郭楞,焉耆回族自治县人民医院,外科,神经外科,副主任医师,,2.8,3,高血压脑出血、颅脑损伤、急性脑疝、脑膜瘤、脑积水等等神经外科疾病。,"50,832次",0篇,3位,0位,0位,,,
吐逊古丽.达吾提,新疆,巴音郭楞,焉耆回族自治县人民医院,妇儿,妇产科,副主任医师,,2.8,,全子宫切除等手术,,,,,,,,
赵燕红,新疆,巴音郭楞,焉耆回族自治县人民医院,妇儿,妇产科,副主任医师,,2.8,,大月份药物流产，新式剖宫产术，筋膜内全子宫切除术，阴式张力性尿失禁，阴道前后壁修补术，全阴道裂伤修补术，阴道镜,,,,,,,,
布拉盖,新疆,巴音郭楞,焉耆回族自治县人民医院,妇儿,妇产科,主治医师,,2.8,,妇产科常见病、多发病,,,,,,,,
董媚,新疆,巴音郭楞,焉耆回族自治县人民医院,妇儿,妇产科,主治医师,,2.8,,妇产科的疑难病症,,,,,,,,
廖云霞,新疆,巴音郭楞,焉耆回族自治县人民医院,妇儿,妇产科,主治医师,,2.8,,妇产科的疑难病症,,,,,,,,
车万霞,新疆,巴音郭楞,焉耆回族自治县人民医院,妇儿,儿科,副主任医师,,2.8,,小儿肺炎伴心衰、小儿腹泻、小儿病毒性脑炎等常见病及多发病及疑难杂症,,,,,,,,
王苏淮,新疆,巴音郭楞,焉耆回族自治县人民医院,妇儿,儿科,副主任医师,,2.8,,,,,,,,,,
聂红,新疆,巴音郭楞,焉耆回族自治县人民医院,妇儿,儿科,主治医师,,2.8,,,,,,,,,,
依力哈木.吾甫尔,新疆,巴音郭楞,焉耆回族自治县人民医院,妇儿,儿科,主治医师,,2.8,,,,,,,,,,
史苏萍,新疆,巴音郭楞,焉耆回族自治县人民医院,妇儿,儿科,住院医师,,2.7,,新生儿窒息，新生儿缺氧、缺血性脑病,,,,,,,,
阿力同.才次克,新疆,巴音郭楞,焉耆回族自治县人民医院,其他,检验科,,,2.7,,生化和细胞学,,,,,,,,
何芳,新疆,巴音郭楞,焉耆回族自治县人民医院,其他,检验科,,,2.7,,生化和细胞学,,,,,,,,
贾翠兰,新疆,巴音郭楞,焉耆回族自治县人民医院,其他,检验科,,,2.7,,生化和细胞学,,,,,,,,
茹鲜古丽.卡德尔,新疆,巴音郭楞,焉耆回族自治县人民医院,其他,检验科,,,2.7,,生化和细胞学,,,,,,,,
肖振清,新疆,巴音郭楞,焉耆回族自治县人民医院,其他,检验科,,,2.7,,生化和细胞学,,,,,,,,
许时菲,新疆,巴音郭楞,焉耆回族自治县人民医院,其他,检验科,,,2.7,,生化和细胞学,,,,,,,,
杨志伟,新疆,巴音郭楞,焉耆回族自治县人民医院,其他,检验科,,,2.7,,生化和细胞学,,,,,,,,
冶辉,新疆,巴音郭楞,焉耆回族自治县人民医院,其他,检验科,,,2.7,,,,,,,,,,
洪润环,新疆,巴音郭楞,焉耆回族自治县人民医院,其他,放射科,主任医师,教授,3.4,,,,,,,,,,
於唯鸣,新疆,巴音郭楞,焉耆回族自治县人民医院,其他,放射科,主任医师,,3.1,,神经、呼吸、循环、骨骼、消化系统的诊断,,,,,,,,
孙春彦,新疆,巴音郭楞,焉耆回族自治县人民医院,其他,放射科,副主任医师,,3.1,,CT诊断,,,,,,,,
游继平,新疆,巴音郭楞,焉耆回族自治县人民医院,其他,放射科,副主任医师,,3.1,,神经、呼吸、循环、骨骼、消化系统的诊断,,,,,,,,
周春芳,新疆,巴音郭楞,焉耆回族自治县人民医院,其他,放射科,副主任医师,,3.1,,放射科各项特殊造影，如脑血管，支气管，消化道造影，早期肺癌，食道癌，脑肿瘤，肾肿瘤，骨肿瘤及新生儿肺透膜病变，先天性多发性肺夹肿,,,,,,,,
李在明,新疆,巴音郭楞,焉耆回族自治县人民医院,其他,放射科,主治医师,,3.1,,神经、呼吸、循环、骨骼、消化系统的诊断,,,,,,,,
潘志国,新疆,巴音郭楞,焉耆回族自治县人民医院,其他,放射科,住院医师,,3.0,,,,,,,,,,
吐沙古丽.买买提,新疆,巴音郭楞,焉耆回族自治县人民医院,其他,放射科,住院医师,,3.0,,X线诊断和放射治疗,,,,,,,,
齐锦华,新疆,巴音郭楞,焉耆回族自治县人民医院,其他,超声诊断科,副主任医师,,2.8,,心脏超声诊断,,,,,,,,
王光菊,新疆,巴音郭楞,焉耆回族自治县人民医院,其他,超声诊断科,副主任医师,,2.8,,肝、胆、腹部、妇产科疑难病例,,,,,,,,
周华,新疆,巴音郭楞,焉耆回族自治县人民医院,其他,超声诊断科,副主任医师,,2.8,,彩色多普勒超声心电图的超声诊断,,,,,,,,
马瑰玫,新疆,巴音郭楞,焉耆回族自治县人民医院,其他,超声诊断科,主治医师,,2.8,,彩色多普勒超声心电图的超声诊断,,,,,,,,
马桂花,新疆,巴音郭楞,焉耆回族自治县人民医院,其他,超声诊断科,主治医师,,2.8,,彩色多普勒超声心动图的超声诊断，以及脑彩超的诊断,,,,,,,,
欧阳晓光,新疆,巴音郭楞,焉耆回族自治县人民医院,其他,超声诊断科,主治医师,,2.8,,,,,,,,,,
宋智选,新疆,巴音郭楞,焉耆回族自治县人民医院,其他,超声诊断科,主治医师,,2.8,,对心电图、肝、胆、腹部超声诊断具有丰富的临床经验。,,,,,,,,
万新明,新疆,巴音郭楞,焉耆回族自治县人民医院,其他,口腔科,副主任医师,,2.9,,口腔内科，口腔正畸专业,,,,,,,,
马晓琼,新疆,巴音郭楞,焉耆回族自治县人民医院,其他,口腔科,住院医师,,2.8,,桥、铸造义齿、隐形义齿及烤瓷义齿，桥、铸造义齿、隐形义齿及烤瓷义齿,,,,,,,,
孙振栋,新疆,巴音郭楞,焉耆回族自治县人民医院,其他,口腔科,住院医师,,2.8,,口内、修复、儿牙,,,,,,,,
张炜,新疆,巴音郭楞,焉耆回族自治县人民医院,其他,口腔科,,,2.8,,口腔常见病，如：口内（牙体，牙髓病、牙周、跟尖周病），口外（拔牙、清创缝合），修复（镶牙、烤瓷、贴面）等专业技术操作。,,,,,,,,
欧东燕,新疆,巴音郭楞,焉耆回族自治县人民医院,其他,口腔科,住院医师,,2.8,,口内、修复、儿牙,,,,,,,,
肖琳,新疆,巴音郭楞,焉耆回族自治县人民医院,其他,口腔科,住院医师,,2.8,,颌面外科手术，口腔内科，儿科牙病预防,,,,,,,,
才吉甫,新疆,巴音郭楞,焉耆回族自治县人民医院,其他,中医皮肤科,副主任医师,,3.2,,肛肠、皮肤病、性病,,,,,,,,
赵晓兰,新疆,巴音郭楞,焉耆回族自治县人民医院,其他,中医皮肤科,住院医师,,3.1,,各种常见皮肤病,,,,,,,,
代剑峰,新疆,巴音郭楞,焉耆回族自治县人民医院,其他,中医皮肤科,主治医师,,3.1,40,银屑病、痤疮、湿疹、皮炎、带状疱疹、急慢性荨麻疹、黄褐斑等常见皮肤病等方面运用中医特色疗法均取得良好的临床疗效,"50,510次",3篇,40位,9位,9位,,,
田黎明,新疆,巴音郭楞,焉耆回族自治县人民医院,其他,病理科,,,2.8,,普通石蜡切片、穿刺细胞学、脱落细胞学,,,,,,,,
张志高,新疆,巴音郭楞,焉耆回族自治县人民医院,其他,病理科,住院医师,,2.8,,,,,,,,,,
郑琴,新疆,巴音郭楞,焉耆回族自治县人民医院,其他,病理科,住院医师,,2.8,,普通石蜡切片、穿刺细胞学、脱落细胞学,,,,,,,,
魏云霞,新疆,巴音郭楞,焉耆回族自治县人民医院,其他,耳鼻咽喉科,主治医师,,2.8,,眼科疾病,,,,,,,,
罗菊香,新疆,巴音郭楞,焉耆回族自治县人民医院,其他,耳鼻咽喉科,副主任医师,,2.8,,抗青光眼手术，眼底病,,,,,,,,
王芳,新疆,巴音郭楞,焉耆回族自治县人民医院,其他,理疗科,住院医师,,2.8,,中医针灸推拿，对颈椎病、退行性骨关节病、周围神经性疾病及肩周炎,,,,,,,,
朱新红,新疆,巴音郭楞,焉耆回族自治县人民医院,其他,医疗美容科,,,2.7,,重睑术、隆鼻术、吸脂术、丰下颌术、酒窝成形术、无痛漂染全唇、如何安全有效地祛斑及日常保养、青春痘,,,,,,,,
宋建勇,新疆,巴音郭楞,焉耆回族自治县人民医院,其他,烧伤外科,住院医师,,2.8,,烧伤外科的常见疾病,,,,,,,,
汪晓灵,新疆,巴音郭楞,新疆兵团第二师焉耆医院,内科,心血管内科,副主任医师,,2.7,,高血压，急慢性心衰，冠心病，心律失常，心肌病，高血脂等内科常见疾病的诊治,"3,967次",0篇,0位,0位,0位,,,
张彩丽,新疆,巴音郭楞,新疆兵团第二师焉耆医院,内科,心血管内科,副主任医师,,2.7,,高血压，急慢性心衰，冠心病，心律失常，心肌病，高血脂等内科常见疾病的诊治,"4,199次",0篇,0位,0位,0位,,,
徐显春,新疆,巴音郭楞,新疆兵团第二师焉耆医院,内科,心血管内科,主治医师,,2.7,,高血压，冠心病，心衰等疾病的诊治,"4,023次",0篇,0位,0位,0位,,,
汪涛,新疆,巴音郭楞,新疆兵团第二师焉耆医院,内科,心血管内科,主治医师,,2.7,,心内科常见疾病的诊治,"3,840次",0篇,0位,0位,0位,,,
魏彬,新疆,巴音郭楞,新疆兵团第二师焉耆医院,内科,心血管内科,主治医师,,2.7,2,高血压，急慢性心衰，冠心病，心律失常，心肌病，高血脂等内科常见疾病的诊治,"4,705次",0篇,2位,2位,2位,,,
李连江,新疆,巴音郭楞,新疆兵团第二师焉耆医院,内科,心血管内科,住院医师,,2.4,,常见心血管疾病的诊断、治疗、预防，并能熟练掌握科室的各项检查的操作。,,,,,,,,
陈贺,新疆,巴音郭楞,新疆兵团第二师焉耆医院,内科,心血管内科,住院医师,,2.4,,高血压，冠心病，心衰等疾病的诊治,"3,512次",0篇,0位,0位,0位,,,
梁俊飞,新疆,巴音郭楞,新疆兵团第二师焉耆医院,内科,心血管内科,住院医师,,2.4,,,,,,,,,,
姚淑琴,新疆,巴音郭楞,新疆兵团第二师焉耆医院,内科,神经内科,副主任医师,,2.7,,各种常见内科老年病、脑血管疾病、帕金森病、头晕、头疼、颈椎病、老年性痴呆、癫痫等疾病的诊断与治疗，对神经内科罕见病、疑难病有较深的了解，对神经系统急危重症的抢救有丰富的临床经验。,,,,,,,,
王盛,新疆,巴音郭楞,新疆兵团第二师焉耆医院,内科,神经内科,副主任医师,,2.7,,脑血管病的诊断、治疗、康复、预防，并对癫痫、帕金森病，痴呆、脑血管病后遗症的康复治疗有较为丰富的经验，同时熟练掌握神经肌电检诊仪的操作及分析。,,,,,,,,
侯帮发,新疆,巴音郭楞,新疆兵团第二师焉耆医院,内科,神经内科,主治医师,,2.5,,良性位置性眩晕的手法复位治疗，尤其擅长急慢性脑血管病、周围神经病诊治。,,,,,,,,
卢晓春,新疆,巴音郭楞,新疆兵团第二师焉耆医院,内科,神经内科,主治医师,,2.5,,脑血管病、周围神经病、帕金森病、脑变性病、遗传性神经类病的诊断及治疗。,,,,,,,,
蔡颖,新疆,巴音郭楞,新疆兵团第二师焉耆医院,内科,神经内科,主治医师,,2.5,,脑血管病、周围神经病、癫痫、脑膜炎诊断及治疗。,,,,,,,,
王俊伟,新疆,巴音郭楞,新疆兵团第二师焉耆医院,内科,神经内科,副主任医师,,2.5,,用中西医结合方法治疗头疼、头晕、睡眠障碍及外感类疾病。,,,,,,,,
张锐锐,新疆,巴音郭楞,新疆兵团第二师焉耆医院,内科,神经内科,住院医师,,2.4,,,,,,,,,,
张淑凤,新疆,巴音郭楞,新疆兵团第二师焉耆医院,内科,神经内科,住院医师,,2.4,,,,,,,,,,
陈国祥,新疆,巴音郭楞,新疆兵团第二师焉耆医院,内科,消化、肿瘤科,主任医师,,2.7,1,擅长CT引导下各种脏器占位性病变穿刺活检及微创诊疗技术，肝肾囊肿穿刺抽液硬化治疗，肝脓肿微创诊疗以及各部位脓肿引流，骨髓活检，心包穿刺置管术，中心静脉置管术等技术，对胸腹部影像诊断也有很高的造诣，对消化内科、肿瘤内科常见病、疑难病及危重患者的诊治有独到见解,"2,483次",0篇,1位,0位,0位,,,
杨成俊,新疆,巴音郭楞,新疆兵团第二师焉耆医院,内科,消化、肿瘤科,主治医师,,2.7,,消化内科常见疾病的诊治，尤其擅长消化内镜的镜下诊断与治疗,"5,262次",0篇,0位,0位,0位,,,
宋国芝,新疆,巴音郭楞,新疆兵团第二师焉耆医院,内科,消化、肿瘤科,主治医师,,2.4,,对胃、肠道、肝病、结核病有一定的临床诊疗经验。,,,,,,,,
李国进,新疆,巴音郭楞,新疆兵团第二师焉耆医院,内科,消化、肿瘤科,住院医师,,2.4,,,,,,,,,,
张兴真,新疆,巴音郭楞,新疆兵团第二师焉耆医院,内科,消化、肿瘤科,住院医师,,2.4,,,,,,,,,,
陶岚,新疆,巴音郭楞,新疆兵团第二师焉耆医院,内科,消化、肿瘤科,住院医师,,2.4,,,,,,,,,,
汪彦宁,新疆,巴音郭楞,新疆兵团第二师焉耆医院,内科,消化、肿瘤科,住院医师,,2.4,,,,,,,,,,
刘连起,新疆,巴音郭楞,新疆兵团第二师焉耆医院,内科,肾病内分泌科,副主任医师,,2.7,,内分泌、肾病、血液等疾病的诊断与治疗。,,,,,,,,
樊春梅,新疆,巴音郭楞,新疆兵团第二师焉耆医院,内科,肾病内分泌科,主治医师,,2.7,,肾脏内分泌科常见疾病如急、慢性肾小球肾炎，慢性肾功能不全、糖尿病、甲亢的诊断治疗，熟练掌握并擅长血液透析技术，对血液净化血管通路的建立有一定的心得。,,,,,,,,
米飞,新疆,巴音郭楞,新疆兵团第二师焉耆医院,内科,肾病内分泌科,住院医师,,2.4,,,,,,,,,,
邵先宁,新疆,巴音郭楞,新疆兵团第二师焉耆医院,内科,肾病内分泌科,住院医师,,2.4,,,,,,,,,,
于兆宝,新疆,巴音郭楞,新疆兵团第二师焉耆医院,内科,肾病内分泌科,住院医师,,2.4,,,,,,,,,,
吕艳红,新疆,巴音郭楞,新疆兵团第二师焉耆医院,内科,肾病内分泌科,住院医师,,2.4,,糖尿病及糖尿病急慢性并发症、甲状腺疾病、痛风等内分泌疾病的诊断和治疗。,,,,,,,,
杨志全,新疆,巴音郭楞,新疆兵团第二师焉耆医院,内科,呼吸内科,副主任医师,,2.8,,各种原因引起的心脏病以及各种心律失常，顽固性心衰，肺部疾病以及呼吸衰竭、咯血、各种哮喘，肺性脑病等呼吸系统疾病。,,,,,,,,
欧昌文,新疆,巴音郭楞,新疆兵团第二师焉耆医院,内科,呼吸内科,主治医师,,2.7,,对呼吸系统常见病的诊治有一定的经验。,,,,,,,,
黄宝库,新疆,巴音郭楞,新疆兵团第二师焉耆医院,内科,呼吸内科,主治医师,,2.7,,呼吸系统疾病，呼吸衰竭、支气管炎、慢性支气管炎、慢性阻塞性肺疾病等。,,,,,,,,
刘海滨,新疆,巴音郭楞,新疆兵团第二师焉耆医院,内科,呼吸内科,住院医师,,2.6,,,,,,,,,,
闫保强,新疆,巴音郭楞,新疆兵团第二师焉耆医院,内科,呼吸内科,住院医师,,2.6,,,,,,,,,,
王和平,新疆,巴音郭楞,新疆兵团第二师焉耆医院,外科,骨外神经外科,副主任医师,,2.7,,能成熟开展各类创伤，髋、膝、肩等关节初次置换及翻修术，膝关节单髁置换术，关节镜及椎间孔镜等微创手术，复杂骨盆骨折及显微外科手术，糖尿病足胫骨横向骨搬运术等具有丰富的临床经验。,,,,,,,,
吴义军,新疆,巴音郭楞,新疆兵团第二师焉耆医院,外科,骨外神经外科,副主任医师,,2.6,,能成熟开展各类脑肿瘤、脑动脉瘤、脑垂体瘤、以及全脑血管造影等手术，特别是对颅脑外伤，以及高血压脑出血有丰富的临床经验。,,,,,,,,
陈屹泉,新疆,巴音郭楞,新疆兵团第二师焉耆医院,外科,骨外神经外科,主治医师,,2.5,,对四肢骨折、脊柱骨折、腰椎间盘突出、颈椎病的诊断与治疗有丰富的临床经验。,,,,,,,,
解廷富,新疆,巴音郭楞,新疆兵团第二师焉耆医院,外科,骨外神经外科,副主任医师,,2.5,,能诊治骨科疑难病症，在脊柱及多发骨折等疑难手术和老年性退行性病变的诊断和治疗方面有独到之处。,,,,,,,,
樊龙,新疆,巴音郭楞,新疆兵团第二师焉耆医院,外科,骨外神经外科,住院医师,,2.4,,,,,,,,,,
杨雄博,新疆,巴音郭楞,新疆兵团第二师焉耆医院,外科,骨外神经外科,住院医师,,2.4,,,,,,,,,,
徐邦龙,新疆,巴音郭楞,新疆兵团第二师焉耆医院,外科,骨外神经外科,住院医师,,2.4,,,,,,,,,,
徐乐,新疆,巴音郭楞,新疆兵团第二师焉耆医院,外科,骨外神经外科,住院医师,,2.4,,,,,,,,,,
马景冬,新疆,巴音郭楞,新疆兵团第二师焉耆医院,外科,骨外神经外科,住院医师,,2.4,,,,,,,,,,
麦尔旦·吐尔逊,新疆,巴音郭楞,新疆兵团第二师焉耆医院,外科,骨外神经外科,住院医师,,2.4,,,,,,,,,,
何承远,新疆,巴音郭楞,新疆兵团第二师焉耆医院,外科,骨外神经外科,住院医师,,2.4,,,,,,,,,,
李志坚,新疆,巴音郭楞,新疆兵团第二师焉耆医院,外科,普外科,主治医师,,2.7,,对肝、胆、胃肠、肛肠、甲状腺及乳腺等疾病的综合治疗有较丰富的经验。,,,,,,,,
严俊杰,新疆,巴音郭楞,新疆兵团第二师焉耆医院,外科,普外科,住院医师,,2.7,,保胆取石术、腹腔镜疝修补术、腹腔镜下胃肠肿瘤及相关疾病的诊断及治疗，普外科复杂及疑难疾病的诊治。,,,,,,,,
吕超波,新疆,巴音郭楞,新疆兵团第二师焉耆医院,外科,普外科,主治医师,,2.7,,对肝、胆、胃肠、肛肠、甲状腺及乳腺等疾病的综合治疗有较丰富的经验。,,,,,,,,
杜春明,新疆,巴音郭楞,新疆兵团第二师焉耆医院,外科,普外科,副主任医师,,2.5,,能对本专业常见病、多发病及部分疑难危重病进行正确的诊断与治疗，能熟练进行甲状腺、乳腺、肝胆、胃肠等常规手术的操作。,,,,,,,,
田义,新疆,巴音郭楞,新疆兵团第二师焉耆医院,外科,普外科,住院医师,,2.5,,精通腹外疝的各种无张力修补术及腹腔镜手术、胸外科、胃肠道肿瘤、乳甲外科等疾病的诊治,,,,,,,,
陈咏梅,新疆,巴音郭楞,新疆兵团第二师焉耆医院,外科,普外科,住院医师,,2.4,,,,,,,,,,
赵新立,新疆,巴音郭楞,新疆兵团第二师焉耆医院,外科,普外科,住院医师,,2.4,,,,,,,,,,
田东烊,新疆,巴音郭楞,新疆兵团第二师焉耆医院,外科,普外科,住院医师,,2.4,,,,,,,,,,
叶琦,新疆,巴音郭楞,新疆兵团第二师焉耆医院,外科,泌尿外科,主治医师,,2.5,,对前列腺疾病、泌尿系结石、肿瘤、男女性泌尿系统常见病、多发病及疑难杂症有着较为深入的研究及丰富的临床诊疗经验,,,,,,,,
楚鹏举,新疆,巴音郭楞,新疆兵团第二师焉耆医院,外科,泌尿外科,住院医师,,2.5,,,,,,,,,,
郭宏亮,新疆,巴音郭楞,新疆兵团第二师焉耆医院,外科,泌尿外科,住院医师,,2.5,,,,,,,,,,
王丽琼,新疆,巴音郭楞,新疆兵团第二师焉耆医院,妇儿,妇产科,副主任医师,,2.7,,妇科子宫肌瘤、卵巢肿瘤、宫颈疾病、异常子宫出血、闭经、不孕症、反复自然流产、多囊卵巢综合征、更年期综合征；产科合并症并发症及产后康复等疾病诊治，熟练掌握宫腔镜阴道镜诊治及妇产科各类手术操作技术。,,,,,,,,
薛艳,新疆,巴音郭楞,新疆兵团第二师焉耆医院,妇儿,妇产科,副主任医师,,2.6,,妇科常见病、多发病:子宫肌瘤、卵巢囊肿、异位妊娠、异常子宫出血、宫颈病变等，熟练应用宫腹腔镜阴道镜，对于妇科内分泌尤为擅长。熟练掌握并处理产科急危重症：妊娠期高血压、妊娠期糖尿病等。,,,,,,,,
刘德芳,新疆,巴音郭楞,新疆兵团第二师焉耆医院,妇儿,妇产科,主治医师,,2.6,,能熟练进行妇产科常见病、多发疾的诊治及危急重症患者的抢救工作，妇科宫腔镜手术操作娴熟，对产科妊娠合并症、并发症的诊治以及危急重症病人的抢救有很好的临床经验。,,,,,,,,
刘春杰,新疆,巴音郭楞,新疆兵团第二师焉耆医院,妇儿,妇产科,主治医师,,2.6,,妇产科常见病、多发疾的诊治及危急重症患者的抢救工作，妇科宫、腔镜微创手术操作娴熟，尤其擅长异常子宫出血、宫颈病变、卵巢肿瘤、子宫肌瘤等疾病的诊治;对产科妊娠合并症、并发症的诊治以及危急重症病人的抢救有很好的临床经验。,,,,,,,,
班柯,新疆,巴音郭楞,新疆兵团第二师焉耆医院,妇儿,妇产科,住院医师,,2.4,,,,,,,,,,
鲁亚梅,新疆,巴音郭楞,新疆兵团第二师焉耆医院,妇儿,妇产科,住院医师,,2.4,,,,,,,,,,
陈江玲,新疆,巴音郭楞,新疆兵团第二师焉耆医院,妇儿,儿科,副主任医师,,2.7,,间质性肺炎、重症支气管哮喘、肺源性心脏病、小儿呼吸系统、小儿消化系统等疾病的诊断与治疗；对重症感染性疾病、各类休克、呼吸衰竭、心力衰竭、急性肾功能衰竭等各类急危重患者的诊治具有丰富的临床经验。,,,,,,,,
湛英,新疆,巴音郭楞,新疆兵团第二师焉耆医院,妇儿,儿科,主治医师,,2.6,,对于儿科常见病、多发病以及儿科危重症及新生儿窒息复苏的救治能力有一定的临床经验。,,,,,,,,
马玉萍,新疆,巴音郭楞,新疆兵团第二师焉耆医院,妇儿,儿科,住院医师,,2.4,,,,,,,,,,
阿丽米热·买合木提,新疆,巴音郭楞,新疆兵团第二师焉耆医院,妇儿,儿科,住院医师,,2.4,,,,,,,,,,
努尔比耶·吐尔迪,新疆,巴音郭楞,新疆兵团第二师焉耆医院,妇儿,儿科,住院医师,,2.4,,,,,,,,,,
王燕霞,新疆,巴音郭楞,新疆兵团第二师焉耆医院,妇儿,儿科,住院医师,,2.4,,,,,,,,,,
龚祥,新疆,巴音郭楞,新疆兵团第二师焉耆医院,其他,精神科,住院医师,,2.4,,,,,,,,,,
帅畅,新疆,巴音郭楞,新疆兵团第二师焉耆医院,其他,精神科,住院医师,,2.4,,,,,,,,,,
李朝霞,新疆,巴音郭楞,新疆兵团第二师焉耆医院,其他,精神科,住院医师,,2.4,,,,,,,,,,
秦欣,新疆,巴音郭楞,新疆兵团第二师焉耆医院,其他,精神科,住院医师,,2.4,,,,,,,,,,
伍江,新疆,巴音郭楞,新疆兵团第二师焉耆医院,其他,精神科,住院医师,,2.4,,,,,,,,,,
夏晓霞,新疆,巴音郭楞,新疆兵团第二师焉耆医院,其他,精神科,住院医师,,2.4,,,,,,,,,,
杨玥,新疆,巴音郭楞,新疆兵团第二师焉耆医院,其他,五官科,主治医师,,2.7,,耳鼻喉常见病，多发病诊治，对角膜炎、眼底病治疗有独到的见解。,,,,,,,,
康中华,新疆,巴音郭楞,新疆兵团第二师焉耆医院,其他,五官科,副主任医师,,2.7,,白内障，青光眼及眼科疑难杂症等手术治疗。鼻窦炎，扁桃体，耳部胆脂瘤等手术。颌面部骨折，面部肿瘤等手术治疗,,,,,,,,
丁宇,新疆,巴音郭楞,新疆兵团第二师焉耆医院,其他,五官科,主治医师,,2.6,,耳鼻喉常见病诊治及手术，成人及小儿鼾症手术、扁桃体、腺样体手术，耳石症诊断及治疗，鼻内窥镜相关疾病手术，对耳聋、耳鸣有独到见解。,,,,,,,,
童静,新疆,巴音郭楞,新疆兵团第二师焉耆医院,其他,五官科,住院医师,,2.4,,,,,,,,,,
周利民,新疆,巴音郭楞,新疆兵团第二师焉耆医院,其他,中医科,副主任医师,,2.7,,功能性消化不良，慢性萎缩性胃炎，复发性口腔溃疡、溃疡性结肠炎、慢性结肠炎，习惯性便秘，膀胱过度活动综合征、喘息性支气管炎、咳嗽变异性哮喘、类风湿关节炎，痛风、多汗症，小儿遗尿、痛经、月经不调、围绝经期综合征，偏头痛、睡眠障碍、下肢水肿，ED以及各种神经症和各种人群亚健康治疗。中西医结合运用于治疗各种皮肤病，诸如各型荨麻疹、各型湿疹、银屑病（包括寻常银屑病、脓疱型银屑病、红皮病型银屑病），天疱疮、进行性硬化症、皮肌炎等，和带状疱疹及带状疱疹后遗神经痛、斑秃、痤疮（寻常痤疮、聚合性痤疮），淤积性皮炎，下肢静脉性溃疡以及部分精神性皮病、部分色素改变皮病。,,,,,,,,
祁博,新疆,巴音郭楞,新疆兵团第二师焉耆医院,其他,中医科,住院医师,,2.6,,,,,,,,,,
刘意玄,新疆,巴音郭楞,新疆兵团第二师焉耆医院,其他,中医科,住院医师,,2.6,,,,,,,,,,
李新军,新疆,巴音郭楞,新疆兵团第二师焉耆医院,其他,功能科,副主任医师,,2.7,15,擅长心脏、血管、腹部、腔内、浅表器官、产科四维等方面的超声诊断及心电图诊断，对各类常见病、疑难病及复杂先心病能做出准确诊断。,"19,964次",6篇,15位,9位,10位,,,
约麦尔.麦麦提,新疆,巴音郭楞,轮台县人民医院,内科,内二科,,,2.4,,,,,,,,,,
王明科,新疆,巴音郭楞,轮台县人民医院,内科,内二科,,,2.4,,急危重症患者的抢救,,,,,,,,
吴益峰,新疆,巴音郭楞,轮台县人民医院,内科,内二科,,,2.4,,心血管内科、危急重症病人救治,,,,,,,,
贾耀宁,新疆,巴音郭楞,轮台县人民医院,内科,内二科,,,2.4,,内科疾病的诊治积累了经验。,,,,,,,,
努尔尼沙库尔班,新疆,巴音郭楞,轮台县人民医院,内科,内二科,,,2.4,,心血管系统多发病，常见病,,,,,,,,
俞兆鹏,新疆,巴音郭楞,轮台县人民医院,内科,内二科,,,2.4,,心血管系统多发病、常见病,,,,,,,,
张君艳,新疆,巴音郭楞,轮台县人民医院,内科,内一科,,,2.6,,呼吸系统，消化系统常见病,,,,,,,,
古丽且热.吐尔逊,新疆,巴音郭楞,轮台县人民医院,内科,内一科,,,2.6,,"慢性支气管炎,慢性阻塞性肺疾病，支气管哮喘,肺心病,肺结核等疾病的诊治。",,,,,,,,
崔冉冉,新疆,巴音郭楞,轮台县人民医院,内科,内一科,,,2.6,,呼吸，消化相关疾病,,,,,,,,
吉钱,新疆,巴音郭楞,轮台县人民医院,内科,急诊科,,,2.4,,"急诊急救，各类中毒,休克",,,,,,,,
赵城会,新疆,巴音郭楞,轮台县人民医院,内科,急诊科,,,2.4,,急诊急救、昔外科常见病,,,,,,,,
王彦磊,新疆,巴音郭楞,轮台县人民医院,内科,感染科,,,2.5,,消化道疾病,,,,,,,,
刘振伟,新疆,巴音郭楞,轮台县人民医院,外科,外一科,,,2.4,,骨科创伤、退变性骨关节疾病,,,,,,,,
刘富友,新疆,巴音郭楞,轮台县人民医院,外科,外一科,,,2.4,,骨科创伤、退变性骨关节疾病,,,,,,,,
查光,新疆,巴音郭楞,轮台县人民医院,外科,外一科,,,2.4,,骨科创伤、退变性骨关节疾病有,,,,,,,,
姬富伟,新疆,巴音郭楞,轮台县人民医院,外科,外一科,,,2.4,,骨科创伤、退变性骨关节疾病,,,,,,,,
王刚,新疆,巴音郭楞,轮台县人民医院,外科,外一科,,,2.4,,骨科创伤、退变性骨关节疾病,,,,,,,,
哈斯木库尔班,新疆,巴音郭楞,轮台县人民医院,外科,外一科,,,2.4,,骨科创伤、退变性骨关节疾病,,,,,,,,
王新,新疆,巴音郭楞,轮台县人民医院,外科,外三科,主治医师,,2.5,,脑血管病等神经系统疾病的预防保健、治疗及康复。心理、精神、心身疾病的健康咨询。,"11,075次",0篇,0位,0位,0位,,,
卢兴才,新疆,巴音郭楞,轮台县人民医院,外科,外三科,,,2.4,,神经外科多发病常见病的诊治,,,,,,,,
管志强,新疆,巴音郭楞,轮台县人民医院,外科,外三科,,,2.4,,,,,,,,,,
刘兴振,新疆,巴音郭楞,轮台县人民医院,外科,外三科,,,2.4,,神经外科疑难病,,,,,,,,
崔建奇,新疆,巴音郭楞,轮台县人民医院,外科,外二科,,,2.4,,肝胆、胃肠、甲状腺、乳腺,,,,,,,,
何丰华,新疆,巴音郭楞,轮台县人民医院,外科,外二科,,,2.4,,肝胆，胃肠，甲状腺，乳腺,,,,,,,,
窦文婷,新疆,巴音郭楞,轮台县人民医院,妇儿,妇产科,住院医师,,2.4,2,妇产科疾病,"8,747次",0篇,2位,1位,1位,,,
陈小段,新疆,巴音郭楞,轮台县人民医院,妇儿,妇产科,,,2.4,,妇科、产科常见疾病及并发症的诊治,,,,,,,,
古丽巴哈尔艾山,新疆,巴音郭楞,轮台县人民医院,妇儿,妇产科,,,2.4,,妇产科常见病及多发病的处理,,,,,,,,
管秀娟,新疆,巴音郭楞,轮台县人民医院,妇儿,妇产科,,,2.4,,妇产科常见疾病及多发病的诊断及治疗,,,,,,,,
古丽尼沙吐尔逊,新疆,巴音郭楞,轮台县人民医院,妇儿,妇产科,,,2.4,,妇产科急危重症的抢救及处理,,,,,,,,
美合日古丽·艾力,新疆,巴音郭楞,轮台县人民医院,妇儿,妇产科,,,2.4,,妇科常见疾病及多发病的处理,,,,,,,,
王照存,新疆,巴音郭楞,轮台县人民医院,妇儿,妇产科,,,2.4,,妇产科常见疾病及并发症的处理,,,,,,,,
王燕,新疆,巴音郭楞,轮台县人民医院,妇儿,儿科,,,2.4,,儿科、新生儿科各种常见病,,,,,,,,
艾君,新疆,巴音郭楞,轮台县人民医院,妇儿,儿科,,,2.4,,儿科、新生儿科各种常见病,,,,,,,,
王鸿,新疆,巴音郭楞,轮台县人民医院,妇儿,儿科,,,2.4,,儿科、新生儿科各种常见病,,,,,,,,
孙明,新疆,巴音郭楞,轮台县人民医院,妇儿,儿科,,,2.4,,内科、儿科常见病、多发病,,,,,,,,
何楠桢,新疆,巴音郭楞,轮台县人民医院,妇儿,儿科,,,2.4,,儿科呼吸系统、消化系统疾病,,,,,,,,
潘瑶,新疆,巴音郭楞,轮台县人民医院,其他,中医科,,,2.6,,颈肩腰腿疼痛疾病诊断及治疗,,,,,,,,
贾耀山,新疆,巴音郭楞,轮台县人民医院,其他,中医科,,,2.6,,擅长颈肩腰腿疼痛疾病诊断及治疗。,,,,,,,,
邹静,新疆,巴音郭楞,轮台县人民医院,其他,中医科,,,2.6,,内科、妇科、儿科常见病,,,,,,,,
吕游,新疆,巴音郭楞,轮台县人民医院,其他,中医科,,,2.6,,颈肩腰腿疼痛疾病诊断及治疗。,,,,,,,,
李明亮,新疆,巴音郭楞,轮台县人民医院,其他,中医科,,,2.6,,脊柱劳损性疾病诊断及治疗,,,,,,,,
车顺,新疆,巴音郭楞,轮台县人民医院,其他,疼痛科,副主任医师,,2.8,,各种颈肩腰腿痛、头面部疼痛及神经病理性疼痛,"37,853次",20篇,0位,0位,0位,,,
于华涛,新疆,巴音郭楞,轮台县人民医院,其他,疼痛科,,,2.5,,中医针刺及小针刀治疗,,,,,,,,
李诗敏,新疆,巴音郭楞,轮台县人民医院,其他,眼耳鼻喉科,,,2.4,,,,,,,,,,
房桂芳,新疆,巴音郭楞,轮台县人民医院,其他,眼耳鼻喉科,,,2.4,,,,,,,,,,
安成,新疆,巴音郭楞,轮台县人民医院,其他,口腔科,,,2.5,,牙体牙髓病、根尖周病、口腔修复,,,,,,,,
刘英,新疆,巴音郭楞,库尔勒市第二人民医院,内科,急诊科,主治医师,,2.6,10,呼吸系统疾病，急诊危重常见病多发病的诊疗，老年系统性疾病诊疗,465次,0篇,10位,0位,0位,,,
司李威,新疆,巴音郭楞,库尔勒市第二人民医院,内科,急诊科,,,,,,,,,,,,,
高莹垠,新疆,巴音郭楞,库尔勒市第二人民医院,内科,急诊科,,,,,,,,,,,,,
雷蕾,新疆,巴音郭楞,库尔勒市第二人民医院,内科,心血管内科,,,,,,,,,,,,,
蔚泓,新疆,巴音郭楞,库尔勒市第二人民医院,内科,心血管内科,,,,,,,,,,,,,
李霞,新疆,巴音郭楞,库尔勒市第二人民医院,内科,心血管内科,,,,,,,,,,,,,
宋波,新疆,巴音郭楞,库尔勒市第二人民医院,内科,消化内分泌科,主任医师,,2.6,1,,372次,0篇,1位,1位,1位,,,
许婷,新疆,巴音郭楞,库尔勒市第二人民医院,内科,消化内分泌科,,,,,,,,,,,,,
赵菲,新疆,巴音郭楞,库尔勒市第二人民医院,内科,呼吸神经内科,,,,,,,,,,,,,
蔡志强,新疆,巴音郭楞,库尔勒市第二人民医院,外科,普外科,住院医师,,2.5,1,乳腺、甲状腺疾病的诊断、治疗,386次,0篇,1位,0位,0位,,,
马建强,新疆,巴音郭楞,库尔勒市第二人民医院,外科,普外科,,,,,,,,,,,,,
陈永志,新疆,巴音郭楞,库尔勒市第二人民医院,外科,普外科,,,,,,,,,,,,,
陈海龙,新疆,巴音郭楞,库尔勒市第二人民医院,外科,普外科,,,,,,,,,,,,,
杨哲,新疆,巴音郭楞,库尔勒市第二人民医院,外科,骨科,住院医师,,2.5,,,401次,0篇,0位,0位,0位,,,
宋连起,新疆,巴音郭楞,库尔勒市第二人民医院,外科,肛肠科,,,,,,,,,,,,,
蔡发奎,新疆,巴音郭楞,库尔勒市第二人民医院,外科,神经外科,,,,,,,,,,,,,
闵玲,新疆,巴音郭楞,库尔勒市第二人民医院,妇儿,妇产科,,,,,,,,,,,,,
汪宇红,新疆,巴音郭楞,库尔勒市第二人民医院,妇儿,妇产科,,,,,,,,,,,,,
王梅,新疆,巴音郭楞,库尔勒市第二人民医院,妇儿,妇产科,,,,,,,,,,,,,
陈晓娟,新疆,巴音郭楞,库尔勒市第二人民医院,妇儿,妇产科,,,,,,,,,,,,,
张宇斐,新疆,巴音郭楞,库尔勒市第二人民医院,妇儿,儿科,,,,,,,,,,,,,
王江红,新疆,巴音郭楞,库尔勒市第二人民医院,其他,口腔科,,,,,,,,,,,,,
王艳,新疆,巴音郭楞,库尔勒市第二人民医院,其他,口腔科,,,,,,,,,,,,,
艾海提·艾肯,新疆,巴音郭楞,库尔勒市第二人民医院,其他,口腔科,,,,,,,,,,,,,
顾翔,新疆,巴音郭楞,库尔勒市第二人民医院,其他,康复科,,,,,,,,,,,,,
石娜,新疆,巴音郭楞,库尔勒市第二人民医院,其他,皮肤科,,,,,,,,,,,,,
章显丽,新疆,巴音郭楞,库尔勒市第二人民医院,其他,眼耳鼻喉科,,,,,,,,,,,,,
薛东莉,新疆,巴音郭楞,和静县人民医院,内科,心血管内科,副主任医师,,2.7,,高血压，急慢性心衰，冠心病，心律失常，心肌病，高血脂等内科常见疾病的诊治,,0篇,0位,0位,0位,,,
李晶晶,新疆,巴音郭楞,和静县人民医院,内科,心血管内科,主治医师,,2.7,87,高血压，急慢性心衰，冠心病，心律失常，心肌病，高血脂等内科常见疾病的诊治,"19,829次",0篇,87位,87位,87位,,,
朱磊,新疆,巴音郭楞,和静县人民医院,内科,心血管内科,住院医师,,2.6,22,高血压，急慢性心衰，冠心病，心律失常，心肌病，高血脂等内科常见疾病的诊治,"11,121次",0篇,22位,22位,22位,,,
张德权,新疆,巴音郭楞,和静县人民医院,内科,心血管内科,住院医师,,2.6,12,高血压，急性心肌梗塞，急慢性心衰，冠心病，心律失常，心肌病，高血脂等内科常见疾病的诊治,"8,369次",1篇,12位,12位,12位,,,
王亚楠,新疆,巴音郭楞,和静县人民医院,内科,心血管内科,住院医师,,2.5,130,高血压，急慢性心衰，冠心病，心律失常，心肌病，高血脂等内科常见疾病的诊治,"20,772次",0篇,130位,126位,128位,,,
马耀华,新疆,巴音郭楞,和静县人民医院,内科,心血管内科,住院医师,,2.5,41,高血压，急慢性心衰，冠心病，心律失常，心肌病，高血脂等内科常见疾病的诊治,"15,430次",0篇,41位,41位,41位,,,
郑智澜,新疆,巴音郭楞,和静县人民医院,内科,心血管内科,副主任医师,,2.5,3,高血压，急慢性心衰，冠心病，心律失常，心肌病，高血脂等内科常见疾病的诊治,"5,610次",0篇,3位,3位,3位,,,
闫宏义,新疆,巴音郭楞,和静县人民医院,内科,消化、内分泌科,住院医师,,2.6,,糖尿病及其并发症，胃及十二指肠溃疡，消化系统感染等疾病的诊治,"4,266次",0篇,0位,0位,0位,,,
甘玉翠,新疆,巴音郭楞,和静县人民医院,内科,消化、内分泌科,住院医师,,2.5,10,消化、内分泌科常见疾病的诊治,"6,207次",0篇,10位,10位,10位,,,
王小霞,新疆,巴音郭楞,和静县人民医院,内科,消化、内分泌科,住院医师,,2.5,15,糖尿病及其并发症，胃及十二指肠溃疡，消化系统感染等疾病的诊治,"8,701次",0篇,15位,14位,14位,,,
陈强,新疆,巴音郭楞,和静县人民医院,内科,消化、内分泌科,住院医师,,2.4,,普通内科常见疾病的诊治，如糖尿病，甲亢甲减等,"4,082次",0篇,0位,0位,0位,,,
张丽华,新疆,巴音郭楞,和静县人民医院,内科,老年病科,主任医师,,2.6,237,老年科常见疾病的诊治，如高血压，冠心病，糖尿病等,,0篇,237位,237位,237位,,,
韩永明,新疆,巴音郭楞,和静县人民医院,外科,骨科,主治医师,,2.6,,脊柱骨科、创伤骨科、关节骨科常见疾病等,,0篇,0位,0位,0位,,,
马博,新疆,巴音郭楞,和静县人民医院,外科,骨科,主治医师,,2.5,,显微外科、骨科疾病的诊治。,"6,233次",0篇,0位,0位,0位,,,
胡伟雄,新疆,巴音郭楞,和静县人民医院,外科,泌尿外科,住院医师,,2.6,,泌尿系统结石、前列腺疾病等,"2,533次",0篇,0位,0位,0位,,,
唐洪波,新疆,巴音郭楞,和静县人民医院,其他,皮肤科,主治医师,,3.0,603,"各类病毒性皮肤病：单纯疱疹，带状疱疹，水痘，传染性软疣，寻常疣，扁平疣，麻疹，风疹，幼儿急疹，手足口病，疱疹性咽峡炎等。
各类细菌性皮肤病：脓疱疮，毛囊炎，疖肿，痈，丹毒，化脓性汗腺炎，须疮等。各类真菌性皮肤病：头癣，体癣，股癣，手足癣，马拉色菌毛囊炎，念珠菌病，甲真菌病等。
各类虫咬皮炎。
各类变应性皮肤病：湿疹，接触性皮炎，尿布皮炎，化妆品皮炎，荨麻疹，丘疹性荨麻疹，颜面复发性皮炎，药物性皮炎等。
各类性传播疾病：梅毒，林病，非淋球菌性尿道炎，软下疳，尖锐湿优，生殖器疱疹，艾滋病等。
各种物理性皮肤病：烧伤，烫伤，电击伤，放射性皮炎，痱子，夏季皮炎，冻伤，冻疮，胼胝，鸡眼，褥疮，手足皲裂。
各类光感性皮肤病：日光性皮炎，多形日光疹，光化性肉芽肿。
各类神经功能障碍性皮肤病：皮肤搔痒症，慢性单纯性苔藓，痒疹，结节性痒疹。
各类红斑性鳞屑性皮肤病：多形红斑，重症多形红斑，结节性红斑，环状红斑，环状肉芽肿，玫瑰糠疹，银血病，副银屑病，单纯糠疹，红皮病，扁平苔藓，线状苔藓。
各类水疱大疱性皮肤病：天疱疮，大疱性类天疱疮，家族性良性慢性天疱疮，妊娠疱疹，疱疹样皮炎，掌脓疱病。
各类皮肤血管病及淋巴管病：雷诺病，过敏性紫癜，荨麻疹性血管炎，结节性血管炎。
各类皮肤腺疾病：指异性皮炎，痤疮，酒糟鼻，口周皮炎，汗疱疹。各类毛发及甲病：斑秃，脱发，血管或神经性脱发，甲沟炎，甲肿瘤。
各类色素障碍性皮肤病：雀斑，黄褐斑，白癜风，黑变病，蒙古斑，太田痣。
各类皮肤肿瘤：表皮痣，皮角，表皮囊肿，皮样囊肿，bowen病，paget病，基底细胞癌，鳞状细胞癌，皮脂腺囊肿，汗管瘤，皮肤纤维瘤，鲜红斑痣，皮肤血管瘤，皮肤淋巴瘤等。",,10篇,0位,0位,0位,,,
李尧,新疆,巴音郭楞,库尔勒市第一人民医院,内科,心血管内科,主任医师,,2.5,,高血压冠心病,"9,470次",0篇,0位,0位,0位,,,
纪新和,新疆,巴音郭楞,库尔勒市第一人民医院,内科,心血管内科,副主任医师,,2.5,3,高血压，冠心病,"18,031次",0篇,3位,0位,3位,,,
布海力且木·买买提,新疆,巴音郭楞,库尔勒市第一人民医院,内科,心血管内科,副主任医师,,2.5,,高血压、冠心病等,"8,378次",0篇,0位,0位,0位,,,
赵跃忠,新疆,巴音郭楞,库尔勒市第一人民医院,内科,心血管内科,主治医师,,2.4,66,高血压，冠心病,"82,375次",0篇,66位,65位,65位,,,
郭准,新疆,巴音郭楞,库尔勒市第一人民医院,内科,内分泌科,住院医师,,2.5,,,"2,197次",0篇,0位,0位,0位,,,
马超,新疆,巴音郭楞,库尔勒市第一人民医院,外科,泌尿外科,住院医师,,2.6,7,泌尿男科常见疾病等,"5,231次",1篇,7位,0位,0位,,,
唐岚,新疆,巴音郭楞,库尔勒市第一人民医院,外科,骨科,副主任医师,,2.5,1,骨折，颈椎病,"11,908次",0篇,1位,0位,1位,,,
孟小娟,新疆,巴音郭楞,库尔勒市第一人民医院,妇儿,儿科,副主任医师,,2.5,,小儿呼吸道感染 小儿肺炎,"9,146次",0篇,0位,0位,0位,,,
袁辉,新疆,巴音郭楞,库尔勒市第一人民医院,其他,疼痛科,主治医师,,2.5,1,1.软组织骨关节疼痛等；2.腰椎间盘突出；3.颈椎病；4.神经病理性疼痛；5.肿瘤相关性疼痛。,"11,866次",0篇,1位,0位,0位,,,
宁贵菊,新疆,巴音郭楞,且末县人民医院,内科,普通内科,主治医师,,2.8,21,糖尿病，心血管疾病的诊治,"7,143次",0篇,21位,1位,2位,,,
程启领,新疆,巴音郭楞,且末县人民医院,内科,普通内科,住院医师,,2.4,9,呼吸，消化系统疾病,"13,542次",0篇,9位,0位,0位,,,
王星海,新疆,巴音郭楞,且末县人民医院,内科,普通内科,住院医师,,2.4,3,肺结核 肝炎 慢阻肺 哮喘 先心病 消化道出血,"12,613次",0篇,3位,2位,2位,,,
赵绍文,新疆,巴音郭楞,且末县人民医院,内科,普通内科,住院医师,,2.4,,,,,,,,,,
范建宁,新疆,巴音郭楞,且末县人民医院,其他,眼耳鼻咽喉科,住院医师,,2.7,10,眼科耳鼻喉常见病,"16,655次",0篇,10位,2位,3位,,,
何建清,新疆,巴音郭楞,若羌县人民医院,内科,普通内科,副主任医师,,2.7,10,普通内科常见疾病的诊治，如高血压，高血脂，冠心病，糖尿病，消化性溃疡，呼吸系统常见疾病等,"7,311次",0篇,10位,10位,10位,,,
张宝红,新疆,巴音郭楞,若羌县人民医院,内科,普通内科,主治医师,,2.7,26,慢阻肺、肺心病等呼吸系统疾病，高血压,"14,777次",0篇,26位,26位,26位,,,
肖敏,新疆,巴音郭楞,若羌县人民医院,妇儿,妇产科,,,2.4,,月经失调、妇科炎症、不孕症,,,,,,,,
金慧,新疆,巴音郭楞,若羌县人民医院,妇儿,儿科,,,2.4,,儿科、新生儿科专业,,,,,,,,
张明,新疆,巴音郭楞,若羌县人民医院,其他,重症医学科,,,2.4,,重症疾病,,,,,,,,
肉孜完古丽·阿不都克来木,新疆,巴音郭楞,新疆生产建设兵团第二师库尔勒医院,内科,消化科,住院医师,,2.7,1,,16次,0篇,1位,1位,1位,,,
陈奕良,新疆,巴音郭楞,新疆生产建设兵团第二师库尔勒医院,外科,骨科,住院医师,,2.6,,脊椎病、腰椎间盘突出、骨质疏松的诊治,"4,222次",0篇,0位,0位,0位,,,
祁鹏军,新疆,巴音郭楞,新疆生产建设兵团第二师库尔勒医院,其他,皮肤美容,副主任医师,,2.8,12,皮肤科常见病及多发病的中西医结合治疗，湿疹及皮炎，痤疮，银屑病，荨麻疹及激光美容,"7,459次",0篇,12位,0位,0位,,,
杜强,新疆,巴音郭楞,新疆生产建设兵团第二师库尔勒医院,其他,病理科,住院医师,,2.6,,女性生殖系统消化系统疾病以及甲乳外科疾病等等,"5,220次",0篇,0位,0位,0位,,,
邓先丽,新疆,巴音郭楞,和硕县人民医院,内科,感染内科,住院医师,,2.7,1,感染性疾病,"9,271次",0篇,1位,0位,0位,,,
蒋立辉,新疆,巴音郭楞,和硕县人民医院,其他,中医科,主任医师,,2.9,10,中西医结合治疗内科杂病，如高血压，高血脂，冠心病，糖尿病等,"5,151次",0篇,10位,10位,10位,,,
李俊玲,新疆,巴音郭楞,尉犁县人民医院,内科,心血管、内分泌科,主任医师,,2.8,22,高血压，急慢性心衰，冠心病，心律失常，心肌病，高血脂，糖尿病及其并发症，甲状腺疾病，以及垂体、性腺、肾上腺等疾病的诊治,"8,927次",0篇,22位,22位,22位,,,
吴宝娟,新疆,巴音郭楞,尉犁县人民医院,内科,感染科,主任医师,,2.6,5,,115次,0篇,5位,5位,5位,1,5例,5例
蒋四新,新疆,巴音郭楞,博湖县人民医院,内科,普通内科,副主任医师,,2.6,2,普通内科常见疾病的诊治，如脑血管疾病，高血压，高血脂，冠心病，糖尿病等,"3,897次",0篇,2位,2位,2位,,,
王则鹏,新疆,巴音郭楞,博湖县人民医院,内科,心血管内科,主治医师,,2.7,157,心肌梗死、心率失常、高血压疾病的诊治,"26,561次",0篇,157位,155位,156位,,,
张华,新疆,巴音郭楞,库尔勒市妇幼保健院,其他,康复医学科,副主任技师,,2.5,106,产后康复，盆底功能障碍，尿失禁，产后乳汁分泌少，饮食指导，乳腺疾病，小儿推拿，肩颈疼痛，康复医学等。,"9,995次",0篇,106位,106位,106位,,,
巴图早日格,新疆,巴音郭楞,巴州妇幼保健院,其他,儿童保健科,主治医师,,2.5,2,,"2,519次",0篇,2位,0位,0位,,,
