﻿姓名,省/直辖市,市/区,医院,科室类别,科室,职称,教育职称,综合推荐热度,在线问诊量,擅长,个人网站总访问,个人网站总文章,个人网站总患者,微信诊后报道患者,总诊后报到患者,诊后服务星,诊治后患者数,随访中患者数
王忠,新疆,石河子,石河子大学医学院第一附属医院,内科,心血管内科,主任医师,教授,3.4,,擅长胸痛诊断及冠心病药物治疗，擅长高血压病、心律失常、高脂血症等的诊断与治疗； 擅长冠心病心绞痛、心肌梗死支架植入及术后处理；心动过缓诊断及心脏起搏器植入；心房颤动、心房扑动药物治疗及射频消融治疗；频发室早、室速药物治疗及射频消融治疗，对心脏病疑难病症的诊治有较高的造诣。,"15,103次",0篇,0位,0位,0位,,,
张望强,新疆,石河子,石河子大学医学院第一附属医院,内科,心血管内科,副主任医师,,3.2,,复杂冠心病介入支架植入术、永久起搏器置入术、埋藏式心脏复律除颤器安置术（ICD）、心脏再同步治疗（CRT）、阵发性室上速及室性心律失常的射频消融术等心脏病介入诊疗技术,,,,,,,,
刘克坚,新疆,石河子,石河子大学医学院第一附属医院,内科,心血管内科,主任医师,,3.2,,高血压、冠心病及心力衰竭的诊断及治疗。,"2,046次",0篇,0位,0位,0位,,,
殷音,新疆,石河子,石河子大学医学院第一附属医院,内科,心血管内科,副主任医师,,3.2,,冠心病急诊及复杂病变的介入手术治疗及心律失常起搏介入手术治疗,,,,,,,,
柴睿,新疆,石河子,石河子大学医学院第一附属医院,内科,心血管内科,副主任医师,,3.2,,各种心血管疑难及急危重疾病,,,,,,,,
孟兆慧,新疆,石河子,石河子大学医学院第一附属医院,内科,心血管内科,副主任医师,讲师,3.2,,诊治急性冠脉综合征、慢性心力衰竭、高血压、各类心律失常等疾病,,,,,,,,
翟志红,新疆,石河子,石河子大学医学院第一附属医院,内科,心血管内科,副主任医师,,3.2,,对冠心病、高血压、心律失常等心血管疾病有丰富临床经验，擅长诊治急性冠脉综合征、慢性心力衰竭、高血压、各类心律失常等疾病,,,,,,,,
严治涛,新疆,石河子,石河子大学医学院第一附属医院,内科,心血管内科,主任医师,,3.1,,擅长于继发性高血压的诊断及治疗（尤其是肾上腺疾病、肾血管性高血压、睡眠呼吸暂停低通气综合征相关性高血压等及疑难高血压的诊疗）、冠心病的诊断及介入治疗、起搏器的植入治疗，外周血管的介入诊疗,,,,,,,,
王丽,新疆,石河子,石河子大学医学院第一附属医院,内科,心血管内科,主任医师,,3.1,34,冠心病，高血压，心肌病，心衰，心律失常等疾病的诊治,"11,333次",0篇,34位,0位,0位,,,
周康,新疆,石河子,石河子大学医学院第一附属医院,内科,心血管内科,副主任医师,副教授,3.0,,,,,,,,,,
谭锋,新疆,石河子,石河子大学医学院第一附属医院,内科,心血管内科,副主任医师,,3.0,24,冠心病的介入治疗；高血压的诊断治疗随访等；心力衰竭的诊断治疗随访，各种心律失常的诊治及随访。,"15,458次",0篇,24位,2位,2位,,,
李平珍,新疆,石河子,石河子大学医学院第一附属医院,内科,心血管内科,主治医师,助教,3.0,43,高血压、冠心病,"118,286次",0篇,43位,2位,39位,,,
陈晓玲,新疆,石河子,石河子大学医学院第一附属医院,内科,心血管内科,主治医师,助教,3.0,4,高血压、冠心病,"13,162次",0篇,4位,0位,4位,,,
张英武,新疆,石河子,石河子大学医学院第一附属医院,内科,心血管内科,主治医师,,2.9,1,高血压、冠心病、心衰、心律失常,"4,131次",0篇,1位,0位,0位,,,
杜广胜,新疆,石河子,石河子大学医学院第一附属医院,内科,心血管内科,副主任医师,讲师,2.9,,冠心病、高血压、心衰等,,,,,,,,
张永,新疆,石河子,石河子大学医学院第一附属医院,内科,心血管内科,主治医师,,2.9,35,高血压、冠心病,"40,774次",0篇,35位,18位,20位,,,
邱强,新疆,石河子,石河子大学医学院第一附属医院,内科,心血管内科,,,2.7,,,,,,,,,,
姚恩生,新疆,石河子,石河子大学医学院第一附属医院,内科,神经内科,副主任医师,讲师,3.2,68,脑血管病、癫痫、头痛头晕、痴呆、面肌痉挛、震颤麻痹、颅内感染、周围神经及肌肉疾病的诊断及治疗,"15,729次",2篇,68位,4位,4位,,,
王宏,新疆,石河子,石河子大学医学院第一附属医院,内科,神经内科,主任医师,教授,3.2,,脑血管病、癫痫、运动障碍疾病、头痛等,"11,488次",0篇,0位,0位,0位,,,
耿玉荣,新疆,石河子,石河子大学医学院第一附属医院,内科,神经内科,副主任医师,,3.2,,急性脑血管病、眩晕、运动障碍、神经免疫性疾病等诊治,,,,,,,,
李晓军,新疆,石河子,石河子大学医学院第一附属医院,内科,神经内科,副主任医师,讲师,3.2,,神经内科常见疾病的诊治,,,,,,,,
冯丽娜,新疆,石河子,石河子大学医学院第一附属医院,内科,神经内科,副主任医师,讲师,3.2,,脑血管病、癫痫、眩晕等疾病的诊治,,,,,,,,
余鹃,新疆,石河子,石河子大学医学院第一附属医院,内科,神经内科,副主任医师,讲师,3.2,,神经重症；脑血管病、癫痫；帕金森氏病,,,,,,,,
谢靖,新疆,石河子,石河子大学医学院第一附属医院,内科,神经内科,副主任医师,,3.2,,急性脑血管病、癫痫、头痛、睡眠障碍等疾病的诊断及治疗,,,,,,,,
刘春红,新疆,石河子,石河子大学医学院第一附属医院,内科,神经内科,主任医师,副教授,3.1,1,对脑血管病、痴呆、帕金森病、癫痫病有丰富经验，擅长诊治脑血管病及康复治疗、血管性认知功能障碍疾病,,0篇,1位,0位,0位,,,
唐娟,新疆,石河子,石河子大学医学院第一附属医院,内科,神经内科,副主任医师,讲师,3.1,16,脑血管病，头痛，头晕，肢体麻木，肌肉萎缩，面肌痉挛，癫痫，运动神经元病，帕金森，痴呆，睡眠障碍等常见神经系统疾病的诊治。,"13,019次",2篇,16位,0位,0位,,,
仇银全,新疆,石河子,石河子大学医学院第一附属医院,内科,神经内科,主任医师,教授,3.0,,脑血管疾病、癫痫、周围神经病,,,,,,,,
罗达人,新疆,石河子,石河子大学医学院第一附属医院,内科,神经内科,主任医师,教授,3.0,,脑血管疾病、癫痫、神经免疫疾病等,,,,,,,,
刘桂云,新疆,石河子,石河子大学医学院第一附属医院,内科,神经内科,副主任医师,讲师,3.0,,神经系统常见疾病的诊治，如脑血管疾病，癫痫，帕金森等疾病的诊治,"7,258次",0篇,0位,0位,0位,,,
张惠丽,新疆,石河子,石河子大学医学院第一附属医院,内科,神经内科,副主任医师,副教授,2.9,,神经系统常见疾病的诊治，尤其是头痛、脑血管疾病的诊治,,,,,,,,
张云霞,新疆,石河子,石河子大学医学院第一附属医院,内科,神经内科,副主任医师,副教授,2.9,,脑血管病、癫痫、头痛等疾病的诊断和处理,,,,,,,,
卢献灵,新疆,石河子,石河子大学医学院第一附属医院,内科,呼吸内科,主任医师,,3.5,,慢性阻塞性肺疾病、支气管哮喘、肺炎、肺栓塞、胸腔积液等呼吸系统疾病,,,,,,,,
刘冬,新疆,石河子,石河子大学医学院第一附属医院,内科,呼吸内科,副主任医师,,3.4,,慢性阻塞性肺疾病、支气管哮喘、肺炎、肺栓塞、胸腔积液等呼吸系统疾病,,,,,,,,
高岩,新疆,石河子,石河子大学医学院第一附属医院,内科,呼吸内科,副主任医师,,3.4,,慢性阻塞性肺疾病、支气管哮喘、肺部感染性疾病、肺栓塞、胸腔积液、肺癌等呼吸系统疾病,,,,,,,,
安忠义,新疆,石河子,石河子大学医学院第一附属医院,内科,呼吸内科,主任医师,教授,3.3,,对呼吸科常见病及多发病的诊断和治疗，积累了丰富的经验。熟读x线胸片，且能熟练掌握呼吸科多种操作及纤维支气管镜的诊疗技术。,,,,,,,,
许西琳,新疆,石河子,石河子大学医学院第一附属医院,内科,呼吸内科,主任医师,教授,3.3,,呼吸系统疾病的诊断和治疗,,,,,,,,
关健,新疆,石河子,石河子大学医学院第一附属医院,内科,呼吸内科,副主任医师,副教授,3.2,,慢性支气管炎、肺气肿、肺心病、支气管哮喘、肺炎、肺结核、肺癌等常见呼吸系统疾病；纤维支气管镜检查技术,,,,,,,,
张中宏,新疆,石河子,石河子大学医学院第一附属医院,内科,呼吸内科,副主任医师,,3.2,,精通本专业呼吸内科常见病的诊断和治疗：急性上呼吸道感染和急性气管－支气管炎、肺部感染性疾病、支气管扩张症、肺结核、慢性阻塞性肺疾病、支气管哮喘、肺动脉高压与肺源性心脏病、胸膜疾病、原发性支气管肺癌、呼吸衰竭、肺栓塞、间质性肺炎的诊治；,,0篇,0位,0位,0位,,,
吴志义,新疆,石河子,石河子大学医学院第一附属医院,内科,呼吸内科,副主任医师,副教授,3.1,,慢性支气管炎、肺气肿、肺心病、支气管哮喘、肺炎、肺结核、肺癌等常见呼吸系统疾病,,,,,,,,
梁文晋,新疆,石河子,石河子大学医学院第一附属医院,内科,呼吸内科,主治医师,,3.0,5,慢阻肺、哮踹,"8,523次",0篇,5位,2位,2位,,,
欧阳军,新疆,石河子,石河子大学医学院第一附属医院,内科,急诊科,主任医师,教授,3.2,,普外、创伤外科、急腹症及急危重症抢救,,,,,,,,
秦练,新疆,石河子,石河子大学医学院第一附属医院,内科,急诊科,副主任医师,讲师,3.2,,心血管系统疾病危重症的临床救治,,,,,,,,
吐亚,新疆,石河子,石河子大学医学院第一附属医院,内科,急诊科,副主任医师,讲师,3.2,,急诊危重症救治、急性中毒救治、高压氧临床治疗,,,,,,,,
周爱国,新疆,石河子,石河子大学医学院第一附属医院,内科,急诊科,副主任医师,讲师,3.2,,严重多发伤救治、普外急诊、急危重疑难病和心肺复苏等,,,,,,,,
马玉英,新疆,石河子,石河子大学医学院第一附属医院,内科,急诊科,主任医师,教授,3.1,5,心血管疾病、急性中毒救治,"41,375次",0篇,5位,0位,0位,,,
李桂花,新疆,石河子,石河子大学医学院第一附属医院,内科,急诊科,副主任医师,副教授,3.0,,内科各类急症、危重疾病及急性中毒的救治,,,,,,,,
周军,新疆,石河子,石河子大学医学院第一附属医院,内科,急诊科,副主任医师,副教授,2.9,,普外、创伤外科、急腹症及急危重症抢救,,,,,,,,
杨晚青,新疆,石河子,石河子大学医学院第一附属医院,内科,急诊科,副主任医师,,2.8,,内科各种急、危重病的救治及急性中毒的诊治,,,,,,,,
吴广胜,新疆,石河子,石河子大学医学院第一附属医院,内科,血液风湿科,主任医师,教授,3.2,,各种贫血、白血病、血液肿瘤、骨关节肿痛、不明原因发热等血液病和风湿病的诊断、治疗、造血干细胞移植等,,,,,,,,
潘歆,新疆,石河子,石河子大学医学院第一附属医院,内科,血液风湿科,副主任医师,讲师,3.2,,多发性骨髓瘤、骨髓增殖性肿瘤、慢性白血病的诊治,,,,,,,,
农卫霞,新疆,石河子,石河子大学医学院第一附属医院,内科,血液风湿科,副主任医师,,3.1,,常见血液系统疾病如：缺铁性贫血、巨幼细胞性贫血、再生障碍性贫血、溶血性贫血等，出凝血疾病、血液系统恶性疾病-白血病、淋巴瘤、骨髓瘤的诊断及治疗,,,,,,,,
张红霞,新疆,石河子,石河子大学医学院第一附属医院,内科,血液风湿科,副主任医师,,3.1,,急性白血病、骨髓增生异常综合征、再生障碍性贫血等，包括各种原因所致血细胞减少。针对急性白血病、骨髓增生异常综合征的诊治,,,,,,,,
章大谦,新疆,石河子,石河子大学医学院第一附属医院,内科,血液风湿科,副主任医师,,3.1,,出血严重的原发免疫性血小板减少症、血凝异常患者救治,,,,,,,,
王祖钦,新疆,石河子,石河子大学医学院第一附属医院,内科,血液风湿科,主任医师,教授,3.0,,血液病、风湿病,,,,,,,,
王燕,新疆,石河子,石河子大学医学院第一附属医院,内科,血液风湿科,副主任医师,副教授,3.0,,各种血液病、风湿病的病因、诊断、治疗,,,,,,,,
李彩萍,新疆,石河子,石河子大学医学院第一附属医院,内科,血液风湿科,,教授,2.9,,各种血液病、风湿病的病因、诊断、治疗,,,,,,,,
黎永军,新疆,石河子,石河子大学医学院第一附属医院,内科,消化内科,主任医师,副教授,3.5,,消化系统疾病常规诊疗及疑难危重疾病的诊疗,,,,,,,,
郑勇,新疆,石河子,石河子大学医学院第一附属医院,内科,消化内科,主任医师,教授,3.2,,消化内分泌系统各种疑难杂症的诊治,,,,,,,,
田书信,新疆,石河子,石河子大学医学院第一附属医院,内科,消化内科,副主任医师,,3.2,,擅长消化系统疾病的诊治，擅长消化道疾病的内镜的诊断治疗,,,,,,,,
孙侃,新疆,石河子,石河子大学医学院第一附属医院,内科,消化内科,主任医师,教授,3.1,,,,,,,,,,
任冬莉,新疆,石河子,石河子大学医学院第一附属医院,内科,消化内科,主任医师,教授,3.0,,甲状腺疾病、糖尿病、胃肠疾病和肝胆疾病,,,,,,,,
陈卫刚,新疆,石河子,石河子大学医学院第一附属医院,内科,消化内科,副主任医师,副教授,2.9,1,消化内分泌系统及内分泌系统疾病的诊断治疗,"24,700次",0篇,1位,0位,1位,,,
宋丽秀,新疆,石河子,石河子大学医学院第一附属医院,内科,消化内科,主治医师,,2.9,,消化系统疾病、胃肠镜,"3,976次",0篇,0位,0位,0位,,,
刘芳,新疆,石河子,石河子大学医学院第一附属医院,内科,消化内科,副主任医师,,2.8,,,"2,185次",0篇,0位,0位,0位,,,
张春江,新疆,石河子,石河子大学医学院第一附属医院,内科,肾病科,副主任医师,,3.3,,血液透析患者各种疑难血管通路手术和维护,,,,,,,,
赵丹,新疆,石河子,石河子大学医学院第一附属医院,内科,肾病科,主任医师,,3.2,,熟练掌握IgA肾病、急慢性肾炎、肾病综合征、狼疮性肾炎、糖尿病肾病、高血压肾脏损害、急慢性肾衰等疾病的诊疗。熟悉肾小球肾炎的发病机理，擅长各种原发性和继发性肾小球疾病的诊治及肾功能衰竭患者并发症的处理。,,,,,,,,
杨晓萍,新疆,石河子,石河子大学医学院第一附属医院,内科,肾病科,主任医师,副教授,3.2,14,肾小球疾病的诊断与治疗，以及血液净化技术的研究,"40,793次",0篇,14位,2位,2位,,,
林智峰,新疆,石河子,石河子大学医学院第一附属医院,内科,肾病科,副主任医师,,3.2,,各种原因所致的肾病综合征、肾炎综合征、急慢性肾功能衰竭及各种继发性肾脏病的诊断与治疗,,,,,,,,
刘春,新疆,石河子,石河子大学医学院第一附属医院,内科,肾病科,副主任医师,副教授,3.0,,泌尿系感染、慢性肾炎、肾病综合症、间质性肾炎、狼疮性肾炎、糖尿病肾病、慢性肾功能不全等疾病的诊治及血液透析、腹膜透析的治疗,,,,,,,,
张金平,新疆,石河子,石河子大学医学院第一附属医院,内科,肾病科,副主任医师,,2.9,7,慢性肾炎，慢性肾功能衰竭和血液透析的诊治,"4,083次",0篇,7位,0位,0位,,,
程红新,新疆,石河子,石河子大学医学院第一附属医院,内科,肾病科,副主任医师,副教授,2.9,,原法、继发性肾小球疾病、肾小管、间质疾病及肾功能衰竭的诊治以及血液净化技术,,,,,,,,
黄毓新,新疆,石河子,石河子大学医学院第一附属医院,内科,肾病科,,,2.7,,,,,,,,,,
席燕,新疆,石河子,石河子大学医学院第一附属医院,内科,老年病科,副主任医师,,3.2,,老年心脑血管疾病的综合诊治,,,,,,,,
周有录,新疆,石河子,石河子大学医学院第一附属医院,内科,老年病科,主任医师,教授,3.0,,心血管病及老年病的防治,,,,,,,,
黄刚,新疆,石河子,石河子大学医学院第一附属医院,内科,老年病科,副主任医师,副教授,3.0,,冠心病介入,,,,,,,,
唐燕,新疆,石河子,石河子大学医学院第一附属医院,内科,老年病科,副主任医师,讲师,3.0,2,老年常见病，高血压、冠心病、心力衰竭、心律失常、糖尿病、慢性支气管炎等老年综合性疾病诊治。,"2,679次",0篇,2位,0位,0位,,,
柳达,新疆,石河子,石河子大学医学院第一附属医院,内科,老年病科,主任医师,副教授,3.0,,老年心血管病（冠心病、高血压病、心律失常和心力衰竭等）,,,,,,,,
王月香,新疆,石河子,石河子大学医学院第一附属医院,内科,老年病科,主任医师,副教授,3.0,,老年心血管病、高血压病、心律失常及心力衰竭的诊治,,,,,,,,
文静,新疆,石河子,石河子大学医学院第一附属医院,内科,老年病科,副主任医师,,2.8,,老年高血压病，冠心病，糖尿病，肺部感染的诊断及治疗,,,,,,,,
李军杰,新疆,石河子,石河子大学医学院第一附属医院,内科,老年病科,主治医师,,2.8,,老年心血管疾病的诊治,,,,,,,,
李军,新疆,石河子,石河子大学医学院第一附属医院,内科,内分泌科,主任医师,教授,3.6,,糖尿病、甲状腺疾病、肾上腺疾病、骨质疏松、矮小、生长发育等疾病的诊治,,,,,,,,
火睿,新疆,石河子,石河子大学医学院第一附属医院,内科,内分泌科,副主任医师,,3.3,,各型糖尿病、甲状腺疾病、垂体、肾上腺疾病的诊治,,,,,,,,
朱凌云,新疆,石河子,石河子大学医学院第一附属医院,内科,内分泌科,副主任医师,,3.2,,诊治下丘脑垂体肾上腺疾病，甲状旁腺疾病，胰岛素瘤，对疑难罕见疾病有一定的诊治经验,,,,,,,,
常向云,新疆,石河子,石河子大学医学院第一附属医院,内科,内分泌科,副主任医师,副教授,3.0,1,糖尿病、甲状腺病以及肝脏疾病的诊治,"39,176次",0篇,1位,0位,0位,,,
吴向未,新疆,石河子,石河子大学医学院第一附属医院,外科,普外科,主任医师,教授,3.5,,肝胆良恶性疾病、肝包虫病及门静脉高压症的外科治疗,,,,,,,,
袁明,新疆,石河子,石河子大学医学院第一附属医院,外科,普外科,主任医师,副教授,3.4,,胃肠肿瘤、甲状腺肿瘤、腹外疝、复杂肠梗阻等外科治疗,,,,,,,,
习羽,新疆,石河子,石河子大学医学院第一附属医院,外科,普外科,副主任医师,,3.3,,胃肠肿瘤、甲状腺癌、腹壁疝以及急腹症的诊治,,,,,,,,
阿布都瓦依提,新疆,石河子,石河子大学医学院第一附属医院,外科,普外科,主任医师,教授,3.3,,普外科各种手术及疑难杂症的诊治,,,,,,,,
木拉提,新疆,石河子,石河子大学医学院第一附属医院,外科,普外科,主任医师,副教授,3.3,18,胃肠疾病、甲状腺及甲状旁腺疾病、腹外疝、小儿外科疾病等,"6,671次",0篇,18位,9位,9位,,,
侯吉学,新疆,石河子,石河子大学医学院第一附属医院,外科,普外科,副主任医师,讲师,3.3,,胃肠道疾病、乳腺疾病及血管疾病的诊疗,,,,,,,,
彭心宇,新疆,石河子,石河子大学医学院第一附属医院,外科,普外科,主任医师,教授,3.2,,普外肿瘤、肝胆消化疑难重症的诊治，包虫病及肝胆肿瘤,,,,,,,,
李豫江,新疆,石河子,石河子大学医学院第一附属医院,外科,普外科,主任医师,,3.2,,乳腺、结直肠、肛管及血管疾病的诊断与手术治疗,,,,,,,,
马辉,新疆,石河子,石河子大学医学院第一附属医院,外科,普外科,主任医师,,3.2,,擅长乳腺良性疾病的诊断及微创治疗，乳腺癌的诊断规范化治疗以及乳腺癌的保乳手术、乳腺整形外科技术；擅长消化道肿瘤结直肠癌、后腹膜良恶性肿瘤及血管疾病的外科手术治疗；擅长普外科急危重症和疑难杂症的综合治疗,,,,,,,,
黄桂林,新疆,石河子,石河子大学医学院第一附属医院,外科,普外科,主任医师,教授,3.2,,普外科肿瘤的综合治疗,,,,,,,,
牛建华,新疆,石河子,石河子大学医学院第一附属医院,外科,普外科,主任医师,教授,3.2,,腔镜下微创手术,,,,,,,,
张示杰,新疆,石河子,石河子大学医学院第一附属医院,外科,普外科,主任医师,教授,3.2,,腹部外科疾病，尤其肝胆肿瘤、肝包虫、胰脾外科疾病的诊断与治疗,,,,,,,,
张伟,新疆,石河子,石河子大学医学院第一附属医院,外科,普外科,副主任医师,讲师,3.2,,结直肠癌、乳腺癌、下肢动静脉血栓、腹主动脉瘤,,,,,,,,
丛竹军,新疆,石河子,石河子大学医学院第一附属医院,外科,普外科,副主任医师,讲师,3.2,,乳腺微创旋切术，乳腺癌保乳根治术及乳腺癌综合治疗、结直肠癌根治术、痔疮手术，周围血管疾病的诊疗,,,,,,,,
阿不都,新疆,石河子,石河子大学医学院第一附属医院,外科,普外科,主任医师,副教授,3.0,,微创外科，甲状腺疾病、肠道肿瘤、胆道疾病以及腹外疝疾病,,,,,,,,
秦乐,新疆,石河子,石河子大学医学院第一附属医院,外科,普外科,副主任医师,,3.0,,腹痛、胃肠道肿瘤、甲状腺癌、甲状腺瘤、腹外疝等疾病的诊治。,"2,081次",0篇,0位,0位,0位,,,
张剑权,新疆,石河子,石河子大学医学院第一附属医院,外科,普外科,副主任医师,副教授,2.9,,各类乳腺肿瘤，胃肠道肿瘤的综合治疗,,,,,,,,
李志刚,新疆,石河子,石河子大学医学院第一附属医院,外科,普外科,副主任医师,副教授,2.9,,普外科各种良恶性疾病的诊治,,,,,,,,
唐帆,新疆,石河子,石河子大学医学院第一附属医院,外科,普外科,主治医师,助教,2.9,384,各类乳腺疾病，结直肠及肛肠疾病,"345,953次",6篇,384位,68位,70位,,,
刘永江,新疆,石河子,石河子大学医学院第一附属医院,外科,普外科,副主任医师,讲师,2.8,,乳腺癌、周围血管疾病,,,,,,,,
孙旭凌,新疆,石河子,石河子大学医学院第一附属医院,外科,普外科,主治医师,,2.8,,胃肠，乳腺等相关疾病,"9,024次",0篇,0位,0位,0位,,,
陈磊,新疆,石河子,石河子大学医学院第一附属医院,外科,骨科,主任医师,副教授,3.3,,四肢多发、复杂创伤的处理，微创内固定、髓内钉固定、关节周围骨折、复杂开放骨折、骨不连骨延长等的诊治,,,,,,,,
刘维刚,新疆,石河子,石河子大学医学院第一附属医院,外科,骨科,副主任医师,副教授,3.2,,各类骨关节损伤及疾患的诊治,,,,,,,,
杜新辉,新疆,石河子,石河子大学医学院第一附属医院,外科,骨科,副主任医师,,3.2,,手外科及创伤外科疾病的诊治，包括对断肢（指）再植，拇手指再造，臂丛神经损伤的治疗，手部先天畸形矫形治疗，各种游离皮瓣和带蒂皮瓣修复皮肤软组织缺损，晚期手功能修复与重建，四肢创伤微创治疗,,,,,,,,
陈凯,新疆,石河子,石河子大学医学院第一附属医院,外科,骨科,副主任医师,,3.2,,手外科疾病、四肢骨与关节损伤的各种内固定、外支架固定、断指（肢）再植、神经修复、关节周围复杂骨折、骨盆骨折等外科手术治疗,,,,,,,,
史晨辉,新疆,石河子,石河子大学医学院第一附属医院,外科,骨科,主任医师,教授,3.2,,,,,,,,,,
邹正荣,新疆,石河子,石河子大学医学院第一附属医院,外科,骨科,主任医师,教授,3.1,,手部疾病、臂丛神经损伤、神经肌腱缺损、断肢（指）、四肢软组织缺损、股骨头坏死、年青人股骨颈骨折不愈合、先天性脊柱畸形、腰椎滑脱、脊柱肿瘤、脊柱结核、老年性骨性关节炎、类风湿关节炎外科治疗,,,,,,,,
董金波,新疆,石河子,石河子大学医学院第一附属医院,外科,骨科,副主任医师,副教授,3.0,,能熟练开展肩、膝、髋等大关节置换手术，脊柱四肢骨折各种内固定术，关节镜手术，椎间盘镜手术等。对各类骨关节损伤及疾患的诊治有一定的经验,,,,,,,,
蒋雯,新疆,石河子,石河子大学医学院第一附属医院,外科,骨科,主治医师,讲师,3.0,1,擅长脊柱各类退变如颈椎病、腰椎管狭窄、腰椎间盘突出症、后纵韧带骨化等疾病，脊柱各类骨折。,"11,588次",0篇,1位,0位,0位,,,
李刚,新疆,石河子,石河子大学医学院第一附属医院,外科,骨科,副主任医师,副教授,2.9,,对四肢创伤、运动系统慢性劳损、腰腿疼、骨与关节感染、骨与关节结核、骨肿瘤等常见病的诊治,,,,,,,,
李江华,新疆,石河子,石河子大学医学院第一附属医院,外科,骨科,副主任医师,,2.9,,脊柱外科常见病及骨肿瘤,"2,924次",0篇,0位,0位,0位,,,
倪永昌,新疆,石河子,石河子大学医学院第一附属医院,外科,骨科,副主任医师,副教授,2.9,,老年性骨病、各类骨科创伤、先天性畸形等疾病的治疗及康复,,,,,,,,
王维山,新疆,石河子,石河子大学医学院第一附属医院,外科,骨科,副主任医师,副教授,2.9,3,骨科疾病的诊治,"21,899次",0篇,3位,0位,0位,,,
王永明,新疆,石河子,石河子大学医学院第一附属医院,外科,骨科,副主任技师,,2.8,,骨折手法复位,,,,,,,,
丁国富,新疆,石河子,石河子大学医学院第一附属医院,外科,泌尿外科,主任医师,教授,3.1,56,泌尿及男性生殖系统各种疑难病症,"266,312次",0篇,56位,0位,0位,,,
李强,新疆,石河子,石河子大学医学院第一附属医院,外科,泌尿外科,主任医师,,3.3,,擅长诊治泌尿系统各类常见、疑难（泌尿肿瘤、梗阻、畸形、外伤、感染、功能障碍）病诊治,,,,,,,,
王新敏,新疆,石河子,石河子大学医学院第一附属医院,外科,泌尿外科,副主任医师,,3.2,,泌尿系结石、前列腺增生等的各种微创诊疗及尿流动力学技术、男性生殖系统常见疾病,,,,,,,,
倪钊,新疆,石河子,石河子大学医学院第一附属医院,外科,泌尿外科,副主任医师,,3.2,,腹腔镜泌尿外科手术、经皮肾镜治疗肾结石、经尿道前列腺增生电切及剜除术等的各种微创诊疗技术、男性生殖系统常见疾病,,,,,,,,
王勤章,新疆,石河子,石河子大学医学院第一附属医院,外科,泌尿外科,副主任医师,副教授,3.2,,泌尿外科腹腔镜、输尿管镜、经尿道前列腺电切、肿瘤电切术等,,,,,,,,
欧阳松,新疆,石河子,石河子大学医学院第一附属医院,外科,泌尿外科,主治医师,讲师,3.1,149,泌尿外科及男性生殖系统常见疾病的诊疗，对男性生殖医学疾病具有较深研究，擅长各种男科手术及输尿管镜诊疗技术，熟练显微镜下精索静脉低位结扎术等显微技术,"122,725次",12篇,149位,15位,15位,,,
潘其宏,新疆,石河子,石河子大学医学院第一附属医院,外科,泌尿外科,副主任医师,副教授,3.0,,男科学、性医学，尤其是男性性功能障碍及男性不育的诊治,,,,,,,,
曾凯,新疆,石河子,石河子大学医学院第一附属医院,外科,泌尿外科,住院医师,,2.8,18,泌尿外科及男性生殖系统常见病,"12,473次",1篇,18位,0位,0位,,,
侯量,新疆,石河子,石河子大学医学院第一附属医院,外科,心胸外科,副主任医师,副教授,3.2,,重症胸外伤治疗,,,,,,,,
李乃泽,新疆,石河子,石河子大学医学院第一附属医院,外科,心胸外科,主任医师,教授,3.1,,胸外科心脏手术,,,,,,,,
薛亚军,新疆,石河子,石河子大学医学院第一附属医院,外科,心胸外科,副主任医师,讲师,3.0,890,肺部良、恶性疾病；食管良、恶性疾病的诊断及治疗。尤其擅长肺部小结节的诊断与治疗,"148,420次",26篇,890位,0位,0位,,,
朱佳龙,新疆,石河子,石河子大学医学院第一附属医院,外科,心胸外科,副主任医师,副教授,2.9,,肺、食道、纵隔病变的诊治,,,,,,,,
朱志军,新疆,石河子,石河子大学医学院第一附属医院,外科,心胸外科,,,2.8,,,,,,,,,,
罗波,新疆,石河子,石河子大学医学院第一附属医院,外科,心胸外科,住院医师,,2.8,,,"25,989次",0篇,0位,0位,0位,,,
杨剑,新疆,石河子,石河子大学医学院第一附属医院,外科,肝胆外科,副主任医师,讲师,3.2,,肝胆胰良恶性疾病的诊治,,,,,,,,
张宏伟,新疆,石河子,石河子大学医学院第一附属医院,外科,肝胆外科,副主任医师,,3.1,26,"肝胆胰外科常见疾病的诊断、鉴别诊断及治疗，尤其是肝胆胰良性肿瘤（肝包虫病）以及肝胆胰恶性肿瘤的诊断及治疗策略；
肝胆胰疾病的相关营养支持、心理辅导、正确的就医等方面可提供指导。

可为发热患者提供就医指导！","11,667次",1篇,26位,0位,0位,,,
褚志强,新疆,石河子,石河子大学医学院第一附属医院,外科,肝胆外科,住院医师,助教,2.8,,"肝病,肝硬化,酒精肝,脂肪肝","7,258次",0篇,0位,0位,0位,,,
张永国,新疆,石河子,石河子大学医学院第一附属医院,外科,肝胆外科,住院医师,,2.7,,肝胆胰常规疾病的诊治,"2,586次",0篇,0位,0位,0位,,,
郭丽丽,新疆,石河子,石河子大学医学院第一附属医院,外科,整形美容外科,主任医师,教授,3.3,1200,瘢痕、皮肤肿瘤的整复手术、头面部及肢体畸形的设计、诊断和矫正，美容整形手术,"855,244次",7篇,1200位,85位,88位,,,
熊伟,新疆,石河子,石河子大学医学院第一附属医院,外科,整形美容外科,主任医师,副教授,3.3,1468,擅长面部年轻化手术及面部各器官（上，下眼睑，口唇，耳，鼻，下颌）的美容手术和修复再造，各部位吸脂塑型和自体脂肪颗粒移植，乳房的充填和缩小整形，体表肿瘤的切除和创面修复，外伤后瘢痕的切除及修复，腋臭根治和拇外翻的矫正,"261,282次",105篇,1468位,0位,0位,,,
李保国,新疆,石河子,石河子大学医学院第一附属医院,外科,整形美容外科,,,2.8,,,,,,,,,,
吴希康,新疆,石河子,石河子大学医学院第一附属医院,外科,神经外科,主任医师,教授,3.0,,乳腺、甲状腺疾病的诊治,,,,,,,,
田卫东,新疆,石河子,石河子大学医学院第一附属医院,外科,神经外科,主治医师,讲师,2.9,134,颅脑损伤，三叉神经痛，癫痫，脑、脊髓的血管性疾病：包括脑梗死、脑出血、动脉瘤、血管畸形、烟雾病、海绵状血管瘤，颈动脉狭窄和脑膜瘤、胶质瘤、垂体瘤。,"82,232次",19篇,134位,47位,48位,,,
王洋,新疆,石河子,石河子大学医学院第一附属医院,外科,神经外科,主治医师,,2.8,,脑肿瘤,"6,332次",0篇,0位,0位,0位,,,
谷强,新疆,石河子,石河子大学医学院第一附属医院,妇儿,儿科,主任医师,副教授,3.2,20,新生儿、呼吸、循环等方面,"19,382次",0篇,20位,0位,0位,,,
宁建英,新疆,石河子,石河子大学医学院第一附属医院,妇儿,儿科,主任医师,,3.3,,儿童血液肿瘤、内分泌及儿科常见病、多发病的诊疗,,,,,,,,
李芳君,新疆,石河子,石河子大学医学院第一附属医院,妇儿,儿科,主任医师,教授,3.2,1386,擅长小儿皮肤病，内科常见病及多发病的诊断与治疗，擅长疑难杂症的鉴别诊断。小儿反复呼吸道感染及过敏性疾病的诊断与治疗积累了丰富的经验。,,0篇,1386位,769位,770位,,,
王美燕,新疆,石河子,石河子大学医学院第一附属医院,妇儿,儿科,副主任医师,,3.2,,新生儿及小儿呼吸系统及消化系统疾病的诊治及抢救,,,,,,,,
章伟,新疆,石河子,石河子大学医学院第一附属医院,妇儿,儿科,副主任医师,,3.2,,儿童常见病、儿童纤维支气管镜、儿童呼吸系统疾病、神经系统疾病治疗,,,,,,,,
杨红,新疆,石河子,石河子大学医学院第一附属医院,妇儿,儿科,主任医师,教授,3.2,,小儿呼吸、神经及营养系统疾病,,,,,,,,
陈永林,新疆,石河子,石河子大学医学院第一附属医院,妇儿,儿科,副主任医师,,3.2,,儿童常见病、儿童心导管术、先心病介入封堵术、儿童心血管疾病、肾脏疾病、肾穿刺活检及儿童危重症疾病治疗,,,,,,,,
张惠荣,新疆,石河子,石河子大学医学院第一附属医院,妇儿,儿科,主任医师,副教授,3.1,48,新生儿肺炎、黄疸，小儿哮喘，癫痫等,"35,770次",1篇,48位,4位,4位,,,
潘金勇,新疆,石河子,石河子大学医学院第一附属医院,妇儿,儿科,副主任医师,讲师,3.1,489,"先心病介入治疗 ：熟练掌握儿童先天性心脏病诊断及介入手术治疗，儿童心肌炎的诊断和治疗，儿童心律失常的诊断治疗，儿童心肌病的诊断和治疗。
儿童重症监护：儿童重症监护治疗，呼吸机及儿童血液净化治疗重症脓毒症，儿童内科及儿童外科，心脏介入治疗及心脏外科术后的重症监护。
新生儿重症监护：擅长新生儿呼吸系统，心血管系统，神经系统疾病的诊断和治疗，对新生儿急危重症可提供高级生命支持治疗。熟练掌握新生儿各种重症监护技术。","197,044次",1篇,489位,324位,335位,,,
李士欣,新疆,石河子,石河子大学医学院第一附属医院,妇儿,儿科,主任医师,教授,3.0,,儿科常见病、多发病的诊治和小儿营养保健方面,,,,,,,,
俞雪华,新疆,石河子,石河子大学医学院第一附属医院,妇儿,儿科,主任医师,教授,3.0,,儿科常见病及复杂疑难病症,,,,,,,,
张舒遴,新疆,石河子,石河子大学医学院第一附属医院,妇儿,儿科,主任医师,教授,3.0,,儿科常见病及各类疑难杂症的诊治,,,,,,,,
张晶,新疆,石河子,石河子大学医学院第一附属医院,妇儿,儿科,主治医师,助教,3.0,128,儿童内分泌疾病，主攻身材矮小及性早熟。小儿早期发育、小儿脑瘫的早期筛查，诊治，儿童营养喂养及家庭养育相关,,5篇,128位,86位,86位,,,
尹晓文,新疆,石河子,石河子大学医学院第一附属医院,妇儿,儿科,副主任医师,,2.8,,儿科常见病及多发病,,,,,,,,
刘文光,新疆,石河子,石河子大学医学院第一附属医院,妇儿,儿科,主治医师,,2.8,4,新生儿常见疾病，儿童血液、呼吸、消化、内分泌等系统疾病的诊治,"1,605次",0篇,4位,0位,0位,,,
杨萍,新疆,石河子,石河子大学医学院第一附属医院,妇儿,妇科,主任医师,教授,3.4,126,妇科良恶性肿瘤、盆底功能障碍性疾病、普通妇科疾病的诊治及微创治疗，妇科恶性肿瘤化疗,"21,612次",0篇,126位,0位,0位,,,
王英红,新疆,石河子,石河子大学医学院第一附属医院,妇儿,妇科,主任医师,教授,3.2,,妇科各类良恶性肿瘤的诊治,,,,,,,,
赵霞,新疆,石河子,石河子大学医学院第一附属医院,妇儿,妇科,主任医师,教授,3.1,,宫腔镜技术在妇产科疾病诊断和治疗中的应用,,,,,,,,
施俊华,新疆,石河子,石河子大学医学院第一附属医院,妇儿,妇科,主任医师,教授,3.1,,妇产科内分泌疾病、月经失凋及不孕症的诊断和治疗,,,,,,,,
刘新娟,新疆,石河子,石河子大学医学院第一附属医院,妇儿,妇科,副主任医师,副教授,2.9,,宫腔镜技术在妇产科疾病诊断方面的应用,,,,,,,,
阿曼古丽,新疆,石河子,石河子大学医学院第一附属医院,妇儿,妇科,,,2.8,,,,,,,,,,
郑军,新疆,石河子,石河子大学医学院第一附属医院,其他,口腔科,副主任医师,副教授,3.3,,口腔内科常见病、多发病及疑难杂症的诊治,,,,,,,,
周政,新疆,石河子,石河子大学医学院第一附属医院,其他,口腔科,副主任医师,副教授,3.3,,种植义齿、微创美学修复、精密附着体等修复技术,,,,,,,,
代海涛,新疆,石河子,石河子大学医学院第一附属医院,其他,口腔科,副主任医师,讲师,3.3,,擅长儿童牙合颅面发育异常 儿童早期矫治、青少年及成人矫治、复杂错颌畸形矫正、牙周病及颞颌关节病的正畸矫治、修复前的正畸矫治、正颌外科术前术后矫治。擅长传统矫治器、隐型矫治等。,,,,,,,,
孙斌,新疆,石河子,石河子大学医学院第一附属医院,其他,口腔科,副主任医师,,3.2,,口腔颌面部肿瘤、腮腺区肿瘤、颌骨囊肿、口腔颌面部囊肿、舌下腺囊肿、颌下区、颈部及颌面骨等良性肿瘤的切除、口腔粘膜病、口腔溃疡、口腔扁平苔癣、口腔颌面部血管瘤、舌系带过短、颌面部感染（各类蜂窝织炎及各间隙感染）等口腔颌面外科疾病的诊治,,,,,,,,
仵楠,新疆,石河子,石河子大学医学院第一附属医院,其他,口腔科,副主任医师,讲师,3.2,,微创龋齿充填，尤其是前牙美容的修复,,,,,,,,
邱雪冰,新疆,石河子,石河子大学医学院第一附属医院,其他,口腔科,副主任医师,讲师,3.2,,口腔保健、牙齿美容技术、牙周疑难疾病手术及牙体牙髓手术治疗,,,,,,,,
张维新,新疆,石河子,石河子大学医学院第一附属医院,其他,口腔科,副主任医师,讲师,3.2,,口腔种植外科、无创拔牙,,,,,,,,
唐小雪,新疆,石河子,石河子大学医学院第一附属医院,其他,口腔科,副主任医师,讲师,3.2,,前牙美学修复（前牙牙冠颜色异常、畸形牙、前牙牙间隙过大、牙冠形态异常的修复），各类牙体缺损、牙列缺损、牙列缺失的修复治疗，口腔种植修复，牙列磨耗咬合重建修复治疗。,,,,,,,,
陈晓莉,新疆,石河子,石河子大学医学院第一附属医院,其他,口腔科,主任医师,教授,3.1,,口腔内科、颌面外科各类疾病的诊治,,,,,,,,
徐江,新疆,石河子,石河子大学医学院第一附属医院,其他,口腔科,副主任医师,副教授,3.0,,口腔颌面外科，如颌面部良恶性肿瘤、血管瘤诊治，唇腭裂畸形修复，颌面创伤修复，牙槽牙周外科，外科正畸，牙齿美容等,,,,,,,,
查小雨,新疆,石河子,石河子大学医学院第一附属医院,其他,口腔科,副主任医师,,2.9,343,牙槽外科（各类牙拔除，门诊小手术），口腔颌面部肿瘤、感染、创伤、涎腺疾病、常见粘膜病、神经疾患、先天及后天畸形的诊治,"4,149次",0篇,343位,0位,0位,,,
黄淑琼,新疆,石河子,石河子大学医学院第一附属医院,其他,口腔科,副主任医师,,2.9,,牙体、牙髓、根尖周疾病,,,,,,,,
祁可贵,新疆,石河子,石河子大学医学院第一附属医院,其他,口腔科,副主任技师,,2.8,,全口义齿、覆盖义齿、圆锥型套筒冠义齿、颌面缺损的修复,,,,,,,,
黎昌学,新疆,石河子,石河子大学医学院第一附属医院,其他,口腔科,,,2.8,,,,,,,,,,
祁鸣,新疆,石河子,石河子大学医学院第一附属医院,其他,康复心理科,副主任医师,讲师,3.4,,脑卒中后康复及运动损伤后的康复工作,,,,,,,,
梁霞,新疆,石河子,石河子大学医学院第一附属医院,其他,康复心理科,副主任医师,讲师,3.3,28,擅长抑郁症、焦虑障碍、应激相关障碍、睡眠障碍等临床心理相关疾病的诊治 。,"9,135次",10篇,28位,3位,3位,,,
张桂青,新疆,石河子,石河子大学医学院第一附属医院,其他,康复心理科,副主任医师,副教授,3.2,,正常人群不同年龄阶段的各种心理问题咨询,,,,,,,,
胡敏,新疆,石河子,石河子大学医学院第一附属医院,其他,康复心理科,主治医师,,3.1,16,心理疾病的诊治,,0篇,16位,0位,0位,,,
谢东疆,新疆,石河子,石河子大学医学院第一附属医院,其他,康复心理科,主任医师,,3.0,,正常人群不同年龄阶段的各种心理问题咨询,,,,,,,,
王红霞,新疆,石河子,石河子大学医学院第一附属医院,其他,康复心理科,心理咨询师,讲师,3.0,6,青少年心理咨询，焦虑，抑郁的心理咨询治疗,"4,385次",0篇,6位,0位,0位,,,
刘倩汝,新疆,石河子,石河子大学医学院第一附属医院,其他,康复心理科,主治医师,,2.9,1,擅长抑郁症、焦虑障碍、应激相关障碍、睡眠障碍等临床心理相关疾病的诊治 。,"3,241次",0篇,1位,0位,0位,,,
徐婧姗,新疆,石河子,石河子大学医学院第一附属医院,其他,康复心理科,主治医师,,2.9,2,,"1,505次",0篇,2位,0位,0位,,,
王丽,新疆,石河子,石河子大学医学院第一附属医院,其他,康复心理科,心理咨询师,助教,2.9,6,抑郁症，焦虑症病人的心理咨询。,"3,731次",0篇,6位,0位,0位,,,
杨巧玲,新疆,石河子,石河子大学医学院第一附属医院,其他,康复心理科,康复师,,2.9,,偏瘫康复治疗，作业治疗，家庭环境改造，康复辅具制作。,"1,879次",0篇,0位,0位,0位,,,
尚莹,新疆,石河子,石河子大学医学院第一附属医院,其他,康复心理科,心理咨询师,,2.9,6,抑郁症和焦虑症的诊治。,"3,272次",9篇,6位,0位,0位,,,
张帆,新疆,石河子,石河子大学医学院第一附属医院,其他,康复心理科,心理咨询师,,2.9,46,擅长：挫败心理;逆反心理;青春期心理，抑郁症;家庭关系、人际交往问题。,"14,388次",19篇,46位,2位,2位,,,
陆可可,新疆,石河子,石河子大学医学院第一附属医院,其他,康复心理科,住院医师,,2.9,13,,,0篇,0位,0位,0位,,,
芦桂林,新疆,石河子,石河子大学医学院第一附属医院,其他,功能科,主任医师,副教授,3.3,,先天性心脏病、高血压性心脏病、冠心病、瓣膜病以及各种心肌病和血管疾病的超声诊断,,,,,,,,
崔凤荣,新疆,石河子,石河子大学医学院第一附属医院,其他,功能科,主任医师,,3.2,,腹部、浅表器官、腹部血管、胸腹腔、妇科等常见病及多发病的诊断,,,,,,,,
刘燕敏,新疆,石河子,石河子大学医学院第一附属医院,其他,功能科,主任医师,,3.2,,癫痫及小儿疾病所致的复杂脑电图诊断,,,,,,,,
刘诚,新疆,石河子,石河子大学医学院第一附属医院,其他,功能科,副主任医师,讲师,3.2,,心脏疾病、颈动脉疾病、甲状腺、乳腺、颌下腺、腮腺、乳腺等疾病的超声诊断,,,,,,,,
吴芳,新疆,石河子,石河子大学医学院第一附属医院,其他,功能科,副主任医师,讲师,3.2,,消化系统，甲状腺、乳腺、淋巴结等浅表器官超声诊断工作,,,,,,,,
康燕飞,新疆,石河子,石河子大学医学院第一附属医院,其他,功能科,副主任医师,讲师,3.2,,肝脏及胆系疾病的诊断及超声引导下的相关介入治疗,,,,,,,,
葛肖艳,新疆,石河子,石河子大学医学院第一附属医院,其他,功能科,副主任医师,讲师,3.2,,肝胆、甲状腺、乳腺等疾病的常规超声诊疗,,,,,,,,
马婷,新疆,石河子,石河子大学医学院第一附属医院,其他,功能科,副主任医师,,3.2,,甲状腺及乳腺疾病常规超声及超声造影诊断,,,,,,,,
董珊珊,新疆,石河子,石河子大学医学院第一附属医院,其他,功能科,副主任医师,讲师,3.2,,复杂型先天性心脏病超声检查,,,,,,,,
姜晓霞,新疆,石河子,石河子大学医学院第一附属医院,其他,功能科,副主任医师,讲师,3.2,,心电向量图， 动态心电图，动态血压、运动心电图，起搏心电图等的分析与诊断,,,,,,,,
龙文军,新疆,石河子,石河子大学医学院第一附属医院,其他,功能科,副主任医师,讲师,3.2,,心电图、动态心电图、动态血压、运动平板试验、心电工作站等采诊断,,,,,,,,
李军,新疆,石河子,石河子大学医学院第一附属医院,其他,功能科,副主任医师,,2.9,,超声诊断,"6,000次",0篇,0位,0位,0位,,,
王冬伟,新疆,石河子,石河子大学医学院第一附属医院,其他,功能科,主治医师,,2.8,,,"2,460次",0篇,0位,0位,0位,,,
边文贵,新疆,石河子,石河子大学医学院第一附属医院,其他,中医科,主任医师,教授,3.2,31,慢性肾病、小儿肾炎、呼吸道的咳嗽、哮喘、男女泌尿性疾病、性功能障碍、长期失眠、糖尿病、风湿性疾病、肿瘤的保守治疗、慢性乙肝、肝硬化的治疗,"158,791次",0篇,31位,0位,0位,,,
张选明,新疆,石河子,石河子大学医学院第一附属医院,其他,中医科,副主任医师,讲师,3.8,3003,擅长冠心病、高血压病、高脂血症、动脉粥样硬化、心律失常、脑动脉供血不足、慢性肾炎、慢性胃炎、泌尿道感染、月经失调、肿瘤、肥胖症和失眠的中西医结合诊治。,"467,026次",0篇,3003位,123位,124位,2,122例,102例
杨军用,新疆,石河子,石河子大学医学院第一附属医院,其他,中医科,副主任医师,,3.4,,心血管方面：擅长对冠心病、支架置入术后、肺心病、扩心病、心脏神经官能症、高血压等疾病的辨证施治；妇科方面：擅长对卵巢早衰、多囊卵巢综合征及月经病、不孕症、围绝经期疾病的诊治。,,,,,,,,
孙良佐,新疆,石河子,石河子大学医学院第一附属医院,其他,中医科,主任医师,教授,3.2,,妇科疾病诸如月经失调、痛经、闭经、功血、更年期疾病、乳腺疾病、各种妇科慢性疾病、产后疾病、不孕不育,,,,,,,,
袁今奇,新疆,石河子,石河子大学医学院第一附属医院,其他,中医科,主任医师,教授,3.2,,病毒性肝炎、肝硬化、脂肪肝的诊治，心脑血管病、胃肠病、风湿及腰腿痛、头痛、鼻炎、咽喉病、顽固性皮肤病、癌症及各种肾虚性疾病的治疗,,,,,,,,
李朕,新疆,石河子,石河子大学医学院第一附属医院,其他,中医科,主治医师,,3.1,9,乳腺增生，哺乳期乳腺炎，乳腺癌术后,"5,326次",0篇,9位,8位,8位,,,
甘霞,新疆,石河子,石河子大学医学院第一附属医院,其他,中医科,副主任医师,,3.1,,,337次,0篇,0位,0位,0位,,,
蔡钢,新疆,石河子,石河子大学医学院第一附属医院,其他,中医科,主任医师,,3.1,,胃病、肝病、风湿病、妇产科病、男性不育、前列腺疾病及肿瘤的诊疗,,,,,,,,
王丕智,新疆,石河子,石河子大学医学院第一附属医院,其他,中医科,副主任医师,副教授,3.0,,肾虚病症的诊治，对各种肾虚病证有很好的疗效；对于皮肤病、脾胃病、风湿病有较深入的研究,,,,,,,,
杨百京,新疆,石河子,石河子大学医学院第一附属医院,其他,中医科,副主任医师,副教授,3.0,,中医眩晕、头痛、咳嗽、哮喘、胸痛、胁痛、脘腹痛、呕吐、腹泻、肢痛、腰痛、肿瘤、水肿、发热、虚劳、黄疸、感冒、月经不调、崩漏、斑疹等,,,,,,,,
张俊卿,新疆,石河子,石河子大学医学院第一附属医院,其他,中医科,副主任医师,副教授,3.0,,女性更年期综合症、肝病、胃肠疾患、小儿厌食症、泌尿系统的结石的诊治,,,,,,,,
赵新芳,新疆,石河子,石河子大学医学院第一附属医院,其他,中医科,,,3.0,,,,,,,,,,
庞丽娟,新疆,石河子,石河子大学医学院第一附属医院,其他,病理科,主任医师,教授,3.6,,呼吸、泌尿、女性生殖系统疾病的病理诊断,,,,,,,,
胡建明,新疆,石河子,石河子大学医学院第一附属医院,其他,病理科,副主任医师,教授,3.4,,擅长于消化系统肿瘤的诊断，在消化道肿瘤的诊断，尤其是消化道早诊方面具有丰富的诊断经验,,,,,,,,
贾薇,新疆,石河子,石河子大学医学院第一附属医院,其他,病理科,副主任医师,副教授,3.4,,女性生殖系统恶性肿瘤病理诊断,,,,,,,,
邹泓,新疆,石河子,石河子大学医学院第一附属医院,其他,病理科,主任医师,教授,3.3,,病理学诊断,"7,234次",0篇,0位,0位,0位,,,
李锋,新疆,石河子,石河子大学医学院第一附属医院,其他,病理科,主任医师,教授,3.2,1,各类软组织肿瘤的疑难病理诊断和分子病理诊断,,0篇,1位,0位,0位,,,
陶林,新疆,石河子,石河子大学医学院第一附属医院,其他,病理科,副主任医师,副教授,3.2,,诊断女性生殖系统病变，特别是子宫和卵巢肿瘤,,,,,,,,
潘晓琳,新疆,石河子,石河子大学医学院第一附属医院,其他,病理科,主任医师,教授,3.1,,妇科疾病的病理诊断,,,,,,,,
赵瑾,新疆,石河子,石河子大学医学院第一附属医院,其他,病理科,主任医师,教授,3.1,,肿瘤及肾脏病理,,,,,,,,
胡文浩,新疆,石河子,石河子大学医学院第一附属医院,其他,病理科,主任医师,教授,3.0,,各种肿瘤性和非肿瘤病变的病理诊断,,,,,,,,
曹玉文,新疆,石河子,石河子大学医学院第一附属医院,其他,病理科,副主任医师,副教授,2.9,,乳腺疾病、呼吸系统疾病和消化系统疾病,,,,,,,,
付欣鸽,新疆,石河子,石河子大学医学院第一附属医院,其他,病理科,副主任医师,副教授,2.9,,乳腺病理诊断,,,,,,,,
李燕,新疆,石河子,石河子大学医学院第一附属医院,其他,麻醉科,主任医师,,3.4,,心肺脑复苏、心血管危重患者、疑难老年病人的手术麻醉处理、抢救等,,,,,,,,
邓超,新疆,石河子,石河子大学医学院第一附属医院,其他,麻醉科,副主任医师,,3.2,,妇科产科小儿麻醉及无痛分娩技术，超声引导下TAP等神经阻滞术,,,,,,,,
张红,新疆,石河子,石河子大学医学院第一附属医院,其他,麻醉科,副主任医师,,3.2,,心脏手术患者的麻醉,,,,,,,,
郭素香,新疆,石河子,石河子大学医学院第一附属医院,其他,麻醉科,主任医师,教授,3.1,,临床麻醉、疼痛诊疗、体外循环、急救和复苏,,,,,,,,
代志刚,新疆,石河子,石河子大学医学院第一附属医院,其他,麻醉科,主任医师,副教授,3.0,,各科手术的麻醉，尤其是心血管手术的麻醉及危重疑难病人手术的麻醉,,,,,,,,
董希玮,新疆,石河子,石河子大学医学院第一附属医院,其他,麻醉科,副主任医师,,2.8,,心血管疾病的手术的麻醉和心肺复苏,,,,,,,,
郭安梅,新疆,石河子,石河子大学医学院第一附属医院,其他,麻醉科,副主任医师,,2.8,,,,,,,,,,
黄振限,新疆,石河子,石河子大学医学院第一附属医院,其他,麻醉科,副主任医师,,2.8,,疼痛诊疗,,,,,,,,
张振英,新疆,石河子,石河子大学医学院第一附属医院,其他,麻醉科,副主任医师,,2.8,,颅脑神经外科、口腔颌面外科及耳鼻喉外科手术的麻醉,,,,,,,,
朱迎梅,新疆,石河子,石河子大学医学院第一附属医院,其他,麻醉科,副主任医师,,2.8,,头面部的经源性头痛；三叉神经痛；颈肩部的斜方肌炎；肩周炎；胸背部的胸肋软骨严；腰腿部的急性扭伤；犁状肌综合症等,,,,,,,,
王家顺,新疆,石河子,石河子大学医学院第一附属医院,其他,耳鼻喉科,副主任医师,,3.2,,诊治慢性鼻窦炎、喉部良恶性肿瘤，慢性中耳炎等耳鼻喉科常见及复杂疾病,,,,,,,,
曹莉,新疆,石河子,石河子大学医学院第一附属医院,其他,耳鼻喉科,副主任医师,,3.2,,眩晕、突发性耳聋、分泌性中耳炎、耳鸣的诊治，以及鼻炎及鼻窦炎的保守及手术治疗,,,,,,,,
陈敬彩,新疆,石河子,石河子大学医学院第一附属医院,其他,耳鼻喉科,副主任医师,,3.2,,耳聋、耳鸣及眩晕的诊治，擅长功能性鼻内镜手术，成人及小儿鼾症手术，支撑喉镜咽喉良性肿瘤切除术及鼓室成形术等手术,,,,,,,,
李小兰,新疆,石河子,石河子大学医学院第一附属医院,其他,耳鼻喉科,副主任医师,,3.2,,鼻内镜下鼻部各种手术、内镜下喉部各种疾病的手术、各种咽部手术及部分耳部手术,,,,,,,,
张治平,新疆,石河子,石河子大学医学院第一附属医院,其他,耳鼻喉科,副主任医师,,3.2,,"成人及小儿鼾症的诊断与综合治疗,耳鼻咽喉内镜等微创手术,各类眩晕、耳鸣及耳聋的诊断及治疗",,,,,,,,
杨萍丽,新疆,石河子,石河子大学医学院第一附属医院,其他,耳鼻喉科,副主任医师,,3.0,134,鼻科学常见疾病的诊疗、咽喉疾病、鼻咽肿瘤疾病的诊治,"19,522次",1篇,134位,0位,0位,,,
韩勇,新疆,石河子,石河子大学医学院第一附属医院,其他,耳鼻喉科,副主任医师,副教授,2.9,,鼻内窥镜下各种鼻、鼻窦疾病的手术，喉镜下治疗喉部疾病手术及各种咽部手术,,,,,,,,
唐伟,新疆,石河子,石河子大学医学院第一附属医院,其他,耳鼻喉科,主任医师,,2.9,,耳鼻咽喉科常见病，疑难病及肿瘤的诊治,"11,907次",0篇,0位,0位,0位,,,
刘戈然,新疆,石河子,石河子大学医学院第一附属医院,其他,耳鼻喉科,,,2.8,,,,,,,,,,
詹爱琴,新疆,石河子,石河子大学医学院第一附属医院,其他,传染科,副主任医师,,3.2,,慢性乙肝/丙肝、肺结核病、布鲁菌病、感染性腹泻及发热待查的诊治,,,,,,,,
张砚,新疆,石河子,石河子大学医学院第一附属医院,其他,传染科,副主任医师,讲师,3.2,,肺结核诊治，尤其糖尿病、病毒性肝炎等特殊人群合并肺结核的治疗。慢性乙型病毒性肝炎抗病毒治疗，慢性丙型病毒性肝炎抗病毒治疗，乙型肝炎病毒母婴阻断。不明原因发热的诊治。儿童传染病的诊治,,,,,,,,
刘佩芝,新疆,石河子,石河子大学医学院第一附属医院,其他,传染科,主任医师,教授,3.1,,各型病毒性肝炎的诊治，特别是各型重症肝炎的诊治,,,,,,,,
王力华,新疆,石河子,石河子大学医学院第一附属医院,其他,传染科,主任医师,教授,3.0,,传染病常见病、多发病及疑难病症,,,,,,,,
左维泽,新疆,石河子,石河子大学医学院第一附属医院,其他,传染科,副主任医师,副教授,3.0,,对传染科常见病、多发病、各型重症肝炎及本专业疑难病症的诊治积累了较丰富的临床经验,,,,,,,,
谢松松,新疆,石河子,石河子大学医学院第一附属医院,其他,传染科,主治医师,讲师,3.0,183,传染病常见病、多发病的诊治,"171,696次",12篇,183位,2位,2位,,,
季榕,新疆,石河子,石河子大学医学院第一附属医院,其他,传染科,副主任医师,,2.8,,传染病常见病、多发病的诊治,,,,,,,,
买力坎木,新疆,石河子,石河子大学医学院第一附属医院,其他,传染科,,,2.7,,,,,,,,,,
田群,新疆,石河子,石河子大学医学院第一附属医院,其他,传染科,,,2.7,,,,,,,,,,
贾雪松,新疆,石河子,石河子大学医学院第一附属医院,其他,皮肤科,主任医师,副教授,3.6,3140,银屑病（牛皮癣）；痤疮（青春痘）；结缔组织病如红斑狼疮、皮肌炎；大疱性皮肤病如天疱疮、类天疱疮；过敏性皮肤病如皮炎、湿疹；性病等。,"335,201次",2篇,3140位,6位,13位,,,
曾佳,新疆,石河子,石河子大学医学院第一附属医院,其他,皮肤科,主任医师,副教授,3.6,1897,皮肤病、性病的诊治、皮肤美容、及相关疾病心理咨询,"2,686,445次",4篇,1897位,468位,472位,,,
王晓波,新疆,石河子,石河子大学医学院第一附属医院,其他,皮肤科,主任医师,教授,3.5,,,,,,,,,,
曹娟梅,新疆,石河子,石河子大学医学院第一附属医院,其他,皮肤科,主治医师,助教,3.4,41,主治过敏、痤疮、银屑病、白癜风、带状疱疹、脱发及损容性皮肤病。,"40,461次",36篇,41位,31位,31位,,,
王亚妹,新疆,石河子,石河子大学医学院第一附属医院,其他,皮肤科,主任医师,副教授,3.3,,中西医结合的方法诊治银屑病，白癫风，扁平疣，黄褐斑等,,,,,,,,
波丽西,新疆,石河子,石河子大学医学院第一附属医院,其他,皮肤科,主任医师,,3.2,,,"2,363次",0篇,0位,0位,0位,,,
张亚丽,新疆,石河子,石河子大学医学院第一附属医院,其他,皮肤科,主治医师,,3.2,377,过敏、痤疮、银屑病、白癜风、带状疱疹。,"66,791次",2篇,377位,10位,10位,,,
玻丽西,新疆,石河子,石河子大学医学院第一附属医院,其他,皮肤科,副主任医师,,3.2,,各种过敏性皮肤病、结缔组织病、小儿皮肤病、扁平疣、尖锐湿疣、梅毒、牛皮癣、脱发、色素性皮肤病,,,,,,,,
王新春,新疆,石河子,石河子大学医学院第一附属医院,其他,药剂科,副主任药师,,2.9,,,,,,,,,,
张永军,新疆,石河子,石河子大学医学院第一附属医院,其他,药剂科,副主任药师,,2.9,,,,,,,,,,
李芙蓉,新疆,石河子,石河子大学医学院第一附属医院,其他,药剂科,副主任药师,,2.9,,,,,,,,,,
李国昌,新疆,石河子,石河子大学医学院第一附属医院,其他,药剂科,主任药师,,2.9,,,,,,,,,,
祁荣,新疆,石河子,石河子大学医学院第一附属医院,其他,药剂科,,,2.9,,,,,,,,,,
汪燕,新疆,石河子,石河子大学医学院第一附属医院,其他,药剂科,副主任药师,,2.9,,,,,,,,,,
潘家杰,新疆,石河子,石河子大学医学院第一附属医院,其他,重症医学科,主任医师,教授,3.0,,神经内科、急危重症治疗,,,,,,,,
李晓峰,新疆,石河子,石河子大学医学院第一附属医院,其他,重症医学科,副主任医师,副教授,3.0,,心力衰竭、急性肾功能衰竭、慢性呼吸衰竭、多发伤等重症的诊断和治疗,,,,,,,,
许航,新疆,石河子,石河子大学医学院第一附属医院,其他,重症医学科,副主任医师,副教授,3.0,,多脏器功能不全的抢救及危重病监测与诊治、临床麻醉等,,,,,,,,
程青虹,新疆,石河子,石河子大学医学院第一附属医院,其他,重症医学科,主任医师,,2.9,,各种危重病的监测和治疗,"31,769次",0篇,0位,0位,0位,,,
李建华,新疆,石河子,石河子大学医学院第一附属医院,其他,重症医学科,主治医师,,2.8,,,"1,908次",0篇,0位,0位,0位,,,
唐晨,新疆,石河子,石河子大学医学院第一附属医院,其他,眼科,副主任医师,副教授,3.2,,玻璃体视网膜手术，以及眼前后节疾病的激光治疗、糖尿病眼病的防治与研究,,,,,,,,
杨炜,新疆,石河子,石河子大学医学院第一附属医院,其他,眼科,主任医师,教授,3.2,,眼表疾病、各种角膜病、葡萄膜病、青光眼、眼底病、白内障疾病的诊治及各种复杂角膜移植、白内障、青光眼等疾病的手术治疗,,,,,,,,
唐宁,新疆,石河子,石河子大学医学院第一附属医院,其他,眼科,副主任医师,副教授,3.1,,斜视、弱视及视光学的诊断、治疗及研究,,,,,,,,
邱明磊,新疆,石河子,石河子大学医学院第一附属医院,其他,眼科,副主任医师,副教授,2.9,,结、角膜疾病、眼表疾病、泪道疾病、青光眼、白内障的诊治和临床视觉电生理的检查、诊断,,,,,,,,
王佑堂,新疆,石河子,石河子大学医学院第一附属医院,其他,眼科,,,2.8,,,,,,,,,,
王成伟,新疆,石河子,石河子大学医学院第一附属医院,其他,CT/核磁室,主任医师,,3.3,,肿瘤影像诊断，神经系统疾病影像诊断,,,,,,,,
张林,新疆,石河子,石河子大学医学院第一附属医院,其他,CT/核磁室,主任医师,,3.3,,肿瘤影像诊断，呼吸系统疾病影像诊断,,,,,,,,
尹喜,新疆,石河子,石河子大学医学院第一附属医院,其他,CT/核磁室,副主任医师,,3.2,8,神经系统及胸腹部的CT和磁共振（MR）影像学诊断,"6,790次",0篇,8位,0位,0位,,,
周世轩,新疆,石河子,石河子大学医学院第一附属医院,其他,CT/核磁室,住院医师,,2.8,,CT、核磁诊断、普通放射诊断,"4,338次",0篇,0位,0位,0位,,,
张国玲,新疆,石河子,石河子大学医学院第一附属医院,其他,放疗科,副主任医师,,3.2,,SPECT/CT的影像诊断,,,,,,,,
杨朝群,新疆,石河子,石河子大学医学院第一附属医院,其他,放疗科,主任医师,教授,3.1,,恶性肿瘤的放射治疗,,,,,,,,
宁博,新疆,石河子,石河子大学医学院第一附属医院,其他,放疗科,副主任医师,讲师,2.9,,头颈部、胸部、腹部、四肢等全身恶性肿瘤的放疗,,,,,,,,
赵静,新疆,石河子,石河子大学医学院第一附属医院,其他,放疗科,副主任医师,讲师,2.9,,妇科肿瘤的放射治疗,,,,,,,,
巩平,新疆,石河子,石河子大学医学院第一附属医院,其他,肿瘤内科,主任医师,教授,3.2,,恶性肿瘤的药物治疗如化疗、生物免疫治疗、靶向治疗及内分泌治疗,,,,,,,,
杨建设,新疆,石河子,石河子大学医学院第一附属医院,其他,肿瘤内科,主任医师,副教授,3.0,29,各种肿瘤的化疗、姑息治疗,"110,047次",0篇,29位,0位,0位,,,
费晶,新疆,石河子,石河子大学医学院第一附属医院,其他,肿瘤内科,主治医师,,2.9,2,肺癌、乳腺癌、胃癌等各种实体肿瘤的内科治疗！,"4,219次",0篇,2位,0位,0位,,,
罗文利,新疆,石河子,石河子大学医学院第一附属医院,其他,全科,副主任医师,,2.9,,内科常见疾病的诊断及治疗,,,,,,,,
席小青,新疆,石河子,石河子大学医学院第一附属医院,其他,全科,副主任医师,,2.9,,冠心病、急慢性心力衰竭、各种心律失常、高血压病等心血管疾病，以及糖尿病、痛风、血脂异常、骨质疏松等内科常见疾病的诊治,,,,,,,,
徐丽丽,新疆,石河子,石河子大学医学院第一附属医院,其他,全科,副主任医师,,2.9,,高血压、心力衰竭、急性冠脉综合症、糖尿病、呼吸衰竭、老年肿瘤、脑卒中等的诊治,,,,,,,,
张玉,新疆,石河子,石河子大学医学院第一附属医院,其他,生殖医学科,副主任医师,讲师,3.2,54,不孕不育、生殖内分泌,"14,218次",0篇,54位,0位,0位,,,
欧阳松,新疆,石河子,石河子大学医学院第一附属医院,其他,生殖医学科,主治医师,讲师,3.1,149,泌尿外科及男性生殖系统常见疾病的诊疗，对男性生殖医学疾病具有较深研究，擅长各种男科手术及输尿管镜诊疗技术，熟练显微镜下精索静脉低位结扎术等显微技术,"122,726次",12篇,149位,15位,15位,,,
单红英,新疆,石河子,石河子大学医学院第一附属医院,其他,生殖医学科,副主任医师,,2.9,11,不孕症的诊治及相关操作，生殖相关手术，复发性流产的诊治！,"3,818次",0篇,11位,9位,9位,,,
姚永坤,新疆,石河子,石河子大学医学院第一附属医院,其他,康复科,主治医师,,3.0,4,神经系统，骨科术后，运动损伤等功能障碍的康复。,"3,746次",0篇,4位,2位,2位,,,
王凡星,新疆,石河子,石河子大学医学院第一附属医院,其他,康复科,副主任医师,,2.8,,,,,,,,,,
许静,新疆,石河子,石河子大学医学院第一附属医院,其他,护理咨询,主管护师,,2.8,,心内科相关护理,"2,349次",0篇,0位,0位,0位,,,
姚红,新疆,石河子,石河子大学医学院第一附属医院,其他,护理咨询,心理咨询师,,2.8,,擅长处理各类情绪相关的心理咨询，解决肿瘤患者，急性创伤，面对死亡恐惧的心理护理及相关疾病的心理疏导。,"2,561次",0篇,0位,0位,0位,,,
赵新建,新疆,石河子,石河子大学医学院第一附属医院,其他,放射科,主任医师,教授,3.3,,,,,,,,,,
高立建,新疆,石河子,石河子市人民医院,内科,心血管内科,副主任医师,副教授,4.2,3711,冠心病诊治及介入治疗（分叉病变、左主干病变、闭塞病变应用逆向及crossbossstingary等方法开通，支架内再狭窄、桥血管的介入治疗、冠状动脉扩张样改变合并狭窄的介入治疗、钙化病变旋磨，编织样血管伴有狭窄的处理、开口病变落差较大采用SKB（支架球囊对吻技术）方式处理、对心内科急重症患者抢救包括急性心肌梗死、心力衰竭、肺栓塞及主动脉夹层的内科处理有较丰富经验。,"2,262,310次",21篇,3711位,1353位,1388位,3,1527例,876例
张强,新疆,石河子,石河子市人民医院,内科,心血管内科,主治医师,,2.9,8,冠心病，心律失常，高血压，心力衰竭等危重症的治疗。,721次,0篇,8位,0位,0位,,,
王喜萍,新疆,石河子,石河子市人民医院,内科,心血管内科,主任医师,,2.8,,,,,,,,,,
郭继东,新疆,石河子,石河子市人民医院,内科,心血管内科,副主任医师,,2.8,,,,,,,,,,
韩艺辉,新疆,石河子,石河子市人民医院,内科,心血管内科,副主任医师,,2.8,,,,,,,,,,
范艳慧,新疆,石河子,石河子市人民医院,内科,心血管内科,副主任医师,,2.8,,,,,,,,,,
邓珠玉,新疆,石河子,石河子市人民医院,内科,心血管内科,住院医师,,2.7,,,39次,0篇,0位,0位,0位,,,
葛亮,新疆,石河子,石河子市人民医院,内科,消化内科,副主任医师,,2.9,2,消化内科疾病,"4,363次",0篇,2位,0位,0位,,,
陈效才,新疆,石河子,石河子市人民医院,内科,消化内科,主任医师,,2.8,,,,,,,,,,
王建梅,新疆,石河子,石河子市人民医院,内科,消化内科,主任医师,,2.8,,,,,,,,,,
王静,新疆,石河子,石河子市人民医院,内科,消化内科,住院医师,,2.8,4,肝硬化、消化道出血、急性胰腺炎、溃疡性结肠炎等消化系统疾病,"10,748次",0篇,4位,0位,0位,,,
田江,新疆,石河子,石河子市人民医院,内科,消化内科,副主任医师,,2.8,,,,,,,,,,
吴昳,新疆,石河子,石河子市人民医院,内科,消化内科,副主任医师,,2.8,,,,,,,,,,
王小玲,新疆,石河子,石河子市人民医院,内科,呼吸内科、内分泌科,主任医师,,3.1,,,,,,,,,,
斯拉木,新疆,石河子,石河子市人民医院,内科,呼吸内科、内分泌科,主任医师,,3.1,,,,,,,,,,
李平,新疆,石河子,石河子市人民医院,内科,呼吸内科、内分泌科,副主任医师,,3.0,,,,,,,,,,
王玉超,新疆,石河子,石河子市人民医院,内科,呼吸内科、内分泌科,副主任医师,,3.0,,,,,,,,,,
刘静,新疆,石河子,石河子市人民医院,内科,呼吸内科、内分泌科,副主任医师,,3.0,,,,,,,,,,
王春香,新疆,石河子,石河子市人民医院,内科,干部保健、老年病科,主任医师,,2.8,,,,,,,,,,
戴瑞,新疆,石河子,石河子市人民医院,内科,干部保健、老年病科,主任医师,,2.8,,,,,,,,,,
雷英,新疆,石河子,石河子市人民医院,内科,干部保健、老年病科,副主任医师,,2.8,,,,,,,,,,
刘秀英,新疆,石河子,石河子市人民医院,内科,干部保健、老年病科,副主任医师,,2.8,,,,,,,,,,
金鑫,新疆,石河子,石河子市人民医院,内科,肾病内科、风湿免疫科,主任医师,,2.8,,,,,,,,,,
刘加明,新疆,石河子,石河子市人民医院,内科,肾病内科、风湿免疫科,主任医师,,2.8,,,,,,,,,,
王红霞,新疆,石河子,石河子市人民医院,内科,肾病内科、风湿免疫科,副主任医师,,2.8,,,,,,,,,,
于泽莺,新疆,石河子,石河子市人民医院,内科,肾病内科、风湿免疫科,副主任医师,,2.8,,,,,,,,,,
苏俊红,新疆,石河子,石河子市人民医院,内科,神经内科,主任医师,,2.9,,,,,,,,,,
周明江,新疆,石河子,石河子市人民医院,内科,神经内科,主任医师,,2.9,,,,,,,,,,
朱德坤,新疆,石河子,石河子市人民医院,内科,神经内科,副主任医师,,2.8,,,,,,,,,,
张庆梅,新疆,石河子,石河子市人民医院,内科,神经内科,副主任医师,,2.8,,,,,,,,,,
向伟,新疆,石河子,石河子市人民医院,内科,感染科,主任医师,,2.9,,,,,,,,,,
翟新法,新疆,石河子,石河子市人民医院,外科,普外科,主任医师,,2.9,,,,,,,,,,
鲁才章,新疆,石河子,石河子市人民医院,外科,普外科,主任医师,,2.9,,,,,,,,,,
龚建军,新疆,石河子,石河子市人民医院,外科,普外科,主任医师,,2.9,,,,,,,,,,
刘江文,新疆,石河子,石河子市人民医院,外科,普外科,主任医师,,2.9,,,,,,,,,,
邓昌辉,新疆,石河子,石河子市人民医院,外科,普外科,副主任医师,,2.8,,,,,,,,,,
秦文祥,新疆,石河子,石河子市人民医院,外科,普外科,副主任医师,,2.8,,,,,,,,,,
仝德峰,新疆,石河子,石河子市人民医院,外科,普外科,主治医师,讲师,2.8,1,肝胆系统疾病的相关诊治,"10,511次",0篇,1位,0位,0位,,,
孙云,新疆,石河子,石河子市人民医院,外科,泌尿外科,主任医师,,2.9,,,,,,,,,,
王祝迁,新疆,石河子,石河子市人民医院,外科,泌尿外科,副主任医师,,2.9,,,,,,,,,,
郭祯远,新疆,石河子,石河子市人民医院,外科,泌尿外科,主治医师,,2.8,,泌尿科常见疾病的诊治。,"6,882次",0篇,0位,0位,0位,,,
王子帅,新疆,石河子,石河子市人民医院,外科,泌尿外科,主治医师,,2.8,,结石、前列腺增生、精索静脉曲张、睾丸炎、肾囊肿、男科等常见泌尿疾病的治疗,"5,653次",0篇,0位,0位,0位,,,
贺志刚,新疆,石河子,石河子市人民医院,外科,神经外科,主任医师,,2.9,,,,,,,,,,
鲁德忠,新疆,石河子,石河子市人民医院,外科,神经外科,副主任医师,,2.8,,,,,,,,,,
赵永峰,新疆,石河子,石河子市人民医院,外科,神经外科,副主任医师,,2.8,,,,,,,,,,
李宁,新疆,石河子,石河子市人民医院,外科,神经外科,住院医师,,2.8,1,,"2,493次",0篇,1位,1位,1位,,,
何斌,新疆,石河子,石河子市人民医院,外科,关节外科,主任医师,,2.9,,,,,,,,,,
姜曙祥,新疆,石河子,石河子市人民医院,外科,关节外科,主任医师,,2.9,,,,,,,,,,
陈继峰,新疆,石河子,石河子市人民医院,外科,关节外科,副主任医师,,2.9,,,,,,,,,,
朱瑞罡,新疆,石河子,石河子市人民医院,外科,关节外科,副主任医师,,2.9,,,,,,,,,,
尚琦松,新疆,石河子,石河子市人民医院,外科,脊柱外科,副主任医师,,2.9,21,脊柱疾病的临床诊疗。包括脊柱骨折切开复位内固定术，老年性骨质疏松性椎体骨折的微创经皮PKP/PVP术，腰椎骨折的经皮椎弓根钉内固定术，椎间盘突出的MIS-TLIF术，和椎间孔镜下的椎间盘摘除术和减压术。同时对脊柱感染性疾病（原发性脊柱感染，脊柱布氏杆菌病，脊柱结核）有丰富的临床诊断及治疗经验。,"4,651次",0篇,21位,11位,11位,,,
王春辉,新疆,石河子,石河子市人民医院,外科,脊柱外科,主任医师,,2.9,,,,,,,,,,
盛文辉,新疆,石河子,石河子市人民医院,外科,脊柱外科,主任医师,,2.9,,,,,,,,,,
何方生,新疆,石河子,石河子市人民医院,外科,脊柱外科,副主任医师,,2.9,,,,,,,,,,
孙守波,新疆,石河子,石河子市人民医院,外科,胸心外科,主任医师,,2.9,,,,,,,,,,
张辉,新疆,石河子,石河子市人民医院,外科,胸心外科,副主任医师,,2.8,,,,,,,,,,
黄登朝,新疆,石河子,石河子市人民医院,外科,胸心外科,副主任医师,,2.8,,,,,,,,,,
王强,新疆,石河子,石河子市人民医院,外科,创伤骨科,主任医师,,3.0,27,四肢关节骨折、骨盆骨折等,"21,310次",6篇,27位,25位,25位,,,
刘学纪,新疆,石河子,石河子市人民医院,妇儿,妇产科,主任医师,,2.9,,,,,,,,,,
韩晓华,新疆,石河子,石河子市人民医院,妇儿,妇产科,主任医师,,2.9,,,,,,,,,,
刘晓兰,新疆,石河子,石河子市人民医院,妇儿,妇产科,主任医师,,2.9,,,,,,,,,,
李爱玲,新疆,石河子,石河子市人民医院,妇儿,妇产科,副主任医师,,2.8,,,,,,,,,,
杨艺君,新疆,石河子,石河子市人民医院,妇儿,妇产科,,,2.8,,,,,,,,,,
罗延峰,新疆,石河子,石河子市人民医院,妇儿,儿科,主任医师,,3.0,,呼吸系统疾病、新生儿疾病、危重症抢救,"6,660次",3篇,0位,0位,0位,,,
邵新环,新疆,石河子,石河子市人民医院,妇儿,儿科,主任医师,,2.8,,,,,,,,,,
孙桂芳,新疆,石河子,石河子市人民医院,妇儿,儿科,副主任医师,,2.8,,,,,,,,,,
王强,新疆,石河子,石河子市人民医院,其他,口腔科,副主任医师,讲师,3.0,290,口腔疾病:包括牙体牙髓病，牙周病，齿槽外科，口腔修复,,8篇,0位,0位,0位,,,
王嘉晨,新疆,石河子,石河子市人民医院,其他,口腔科,住院医师,,2.9,28,,,0篇,0位,0位,0位,,,
付莉,新疆,石河子,石河子市人民医院,其他,口腔科,副主任医师,,2.9,,,,,,,,,,
郭雪芳,新疆,石河子,石河子市人民医院,其他,口腔科,,,2.8,,,,,,,,,,
张贺,新疆,石河子,石河子市人民医院,其他,口腔科,,,2.8,,,,,,,,,,
李斌,新疆,石河子,石河子市人民医院,其他,口腔科,,,2.8,,,,,,,,,,
姜涛,新疆,石河子,石河子市人民医院,其他,口腔科,,,2.8,,,,,,,,,,
王彦,新疆,石河子,石河子市人民医院,其他,皮肤科,主任医师,副教授,3.6,1439,小儿皮肤病，皮肤疾病，皮肤肿瘤，黄褐斑（蝴蝶斑)，痤疮（青春痘)等面部损容性皮肤病，湿疹，荨麻疹，特应性皮炎，玫瑰痤疮，银屑病（牛皮癣)，白癜风（白疕)，带状疱疹，激素依赖性皮炎，大疱性皮肤病，尖锐湿疣，梅毒等，擅长皮肤外科，皮肤美容。对皮肤性病学常见病，多发病融会贯通，有独到见解，对皮肤性病专业疑难杂症有独到的分析和治疗！,"191,000次",48篇,1436位,295位,321位,2,319例,233例
李晓萌,新疆,石河子,石河子市人民医院,其他,皮肤科,住院医师,,3.2,36,,"8,081次",0篇,36位,29位,29位,,,
张秋,新疆,石河子,石河子市人民医院,其他,皮肤科,住院医师,,3.2,85,痤疮，过敏性皮肤病，色素增加性皮肤病等,"18,868次",5篇,85位,42位,42位,,,
张慧,新疆,石河子,石河子市人民医院,其他,皮肤科,主治医师,,3.2,1,,"1,038次",0篇,1位,0位,0位,,,
许进,新疆,石河子,石河子市人民医院,其他,疼痛科,,,2.8,,,,,,,,,,
徐杨,新疆,石河子,石河子市人民医院,其他,疼痛科,,,2.8,,,,,,,,,,
李雪婷,新疆,石河子,石河子市人民医院,其他,疼痛科,,,2.8,,,,,,,,,,
刘兵,新疆,石河子,石河子市人民医院,其他,耳鼻喉科,主治医师,讲师,2.9,3,耳鼻咽喉疾病诊治,,0篇,3位,1位,1位,,,
刘亚军,新疆,石河子,石河子市人民医院,其他,耳鼻喉科,副主任医师,,2.8,,,,,,,,,,
李长国,新疆,石河子,石河子市人民医院,其他,耳鼻喉科,,,2.8,,,,,,,,,,
王晨,新疆,石河子,石河子市人民医院,其他,介入血管肿瘤科,副主任医师,,2.9,4,"1.下肢深静脉血栓及肺栓塞的综合介入治疗。深静脉血栓综合征的介入治疗。
2.下肢动脉闭塞硬化症的介入治疗。
3.肝癌、肺癌、肝血管瘤等良恶性实体肿瘤的介入微创治疗
4.食道、胃肠道、呼吸道狭窄及胆道梗阻的介入微创支架治疗
5.出血及血栓栓塞性疾病的介入微创治疗
6.子宫腺肌症、子宫肌瘤、盆腔瘀血综合征的介入治疗",,2篇,0位,4位,4位,,,
张凯,新疆,石河子,石河子市人民医院,其他,介入血管肿瘤科,副主任医师,,2.8,,,,,,,,,,
庞华军,新疆,石河子,石河子市人民医院,其他,医学影像科,主治医师,,2.9,,影像诊断,"3,766次",0篇,0位,0位,0位,,,
贾宇冰,新疆,石河子,石河子市人民医院,其他,医学影像科,住院医师,,2.8,,医学影像诊断,"3,254次",0篇,0位,0位,0位,,,
刘虹,新疆,石河子,石河子市人民医院,其他,眼科,主任医师,,2.9,,,,,,,,,,
周兰新,新疆,石河子,石河子市人民医院,其他,眼科,副主任医师,,2.9,,,,,,,,,,
张欢欢,新疆,石河子,石河子市人民医院,其他,口腔正畸科,,,2.8,,,,,,,,,,
熊焱,新疆,石河子,石河子市人民医院,其他,口腔正畸科,,,2.8,,,,,,,,,,
张馗,新疆,石河子,石河子市人民医院,其他,精神心理科,主治医师,讲师,2.9,1,精神心理疾病的诊断和治疗！,"2,242次",0篇,1位,0位,0位,,,
杨军,新疆,石河子,石河子市人民医院,其他,精神心理科,主任医师,,2.9,,,,,,,,,,
孟宪杰,新疆,石河子,石河子市人民医院,其他,病理科,主治医师,,2.9,,肿瘤病理诊断,"2,440次",0篇,0位,0位,0位,,,
王红燕,新疆,石河子,石河子市人民医院,其他,美容科,主任医师,,2.9,,,,,,,,,,
李辉,新疆,石河子,石河子市人民医院,其他,康复医学科,主治医师,,3.0,1,神经康复、儿童康复、骨科康复等,"3,302次",0篇,1位,0位,0位,,,
李瑛,新疆,石河子,石河子市人民医院,其他,中医科,副主任医师,,3.0,,,,,,,,,,
熊付伟,新疆,石河子,石河子市人民医院,其他,放射科,住院医师,,3.0,,骨关节系统，消化系统疾病,"5,522次",0篇,0位,0位,0位,,,
侯旭卉,新疆,石河子,石河子市人民医院,其他,烧伤整形科,住院医师,,2.8,1,烧伤后疤痕、糖尿病足、创伤修复治疗,"8,940次",0篇,1位,0位,0位,,,
张莉,新疆,石河子,石河子市人民医院,其他,肿瘤内科,主任医师,,2.8,,,,,,,,,,
谌德荣,新疆,石河子,石河子绿洲医院,精神,精神科,主任医师,副教授,2.8,,,,,,,,,,
李辉,新疆,石河子,石河子绿洲医院,精神,精神科,副主任医师,,2.8,73,精神分裂症、抑郁症等重性精神障碍的诊断与治疗。心理危机干预、神经症的精神动力分析。,"34,753次",0篇,73位,3位,3位,,,
马英,新疆,石河子,石河子绿洲医院,精神,精神科,主治医师,,2.6,,抑郁，焦虑，精神分裂等疾病的诊治,"6,320次",0篇,0位,0位,0位,,,
盖广庆,新疆,石河子,石河子绿洲医院,精神,精神科,主任医师,,2.6,,,,,,,,,,
倪红,新疆,石河子,石河子绿洲医院,精神,精神科,主任医师,,2.6,,,,,,,,,,
贾新生,新疆,石河子,石河子绿洲医院,精神,精神科,副主任医师,,2.5,,,,,,,,,,
郭沛彩,新疆,石河子,石河子绿洲医院,精神,精神科,副主任医师,,2.5,,,,,,,,,,
胡新民,新疆,石河子,石河子绿洲医院,精神,精神科,副主任医师,,2.5,,,,,,,,,,
田建华,新疆,石河子,石河子绿洲医院,精神,精神科,副主任医师,,2.5,,,,,,,,,,
李海云,新疆,石河子,石河子绿洲医院,精神,精神科,副主任医师,,2.5,,,,,,,,,,
张建新,新疆,石河子,石河子绿洲医院,精神,精神科,副主任医师,,2.5,,,,,,,,,,
来月霞,新疆,石河子,石河子绿洲医院,精神,精神科,副主任医师,,2.5,,,,,,,,,,
肉孜宛古丽,新疆,石河子,石河子绿洲医院,精神,精神科,副主任医师,,2.5,,,,,,,,,,
王国府,新疆,石河子,石河子绿洲医院,其他,内科,副主任医师,,2.5,,,,,,,,,,
畅凌,新疆,石河子,石河子绿洲医院,其他,内科,副主任医师,,2.5,,,,,,,,,,
鲍广疆,新疆,石河子,石河子市第十五社区卫生服务中心,内科,普通内科,主治医师,讲师,2.6,14,高血压、冠心病,"45,807次",13篇,14位,14位,14位,,,
张玉民,新疆,石河子,石河子市第十五社区卫生服务中心,内科,普通内科,主治医师,,2.4,8,高血压、糖尿病等,"15,091次",0篇,8位,5位,8位,,,
王鹏,新疆,石河子,石河子市第十五社区卫生服务中心,内科,普通内科,主治医师,,2.3,,高血压、糖尿病,"6,019次",0篇,0位,0位,0位,,,
刘旭东,新疆,石河子,石河子市第十五社区卫生服务中心,内科,普通内科,主治医师,,2.3,7,高血压、糖尿病,"8,506次",0篇,7位,7位,7位,,,
李明珠,新疆,石河子,第八师一四八团医院,内科,急诊科,副主任医师,,2.5,,,5次,0篇,0位,0位,0位,,,
陈元环,新疆,石河子,第八师一四八团医院,内科,普通内科,住院医师,,2.4,,,8次,0篇,0位,0位,0位,,,
张志强,新疆,石河子,农八师一三三团医院,外科,普外科,副主任医师,,2.5,,,11次,0篇,0位,0位,0位,,,
安文军,新疆,石河子,第八师石河子市总医院一四九团分院,内科,内儿科,住院医师,,2.4,,,7次,0篇,0位,0位,0位,,,
