﻿姓名,省/直辖市,市/区,医院,科室类别,科室,职称,教育职称,综合推荐热度,在线问诊量,擅长,个人网站总访问,个人网站总文章,个人网站总患者,微信诊后报道患者,总诊后报到患者,诊后服务星,诊治后患者数,随访中患者数
孙新华,新疆,昌吉,昌吉州人民医院,内科,心血管内科,主任医师,,2.9,,心血管病、老年病、介入治疗、高血压病,,,,,,,,
王其琼,新疆,昌吉,昌吉州人民医院,内科,心血管内科,主任医师,教授,3.1,62,擅长心血管疾病的诊治，对高血压，高血脂，心力衰竭，冠心病诊治都有独到的见解，尤其擅长心律失常疾病的诊治，对复杂心律失常的判断有很高的判断准确率！对房颤，室早，房早等心律失常，可以提供规范化的治疗方案！对起搏器植入手术以及手术后起搏器患者的随访程控检查有独到之处！,119次,0篇,61位,12位,12位,,,
马玉龙,新疆,昌吉,昌吉州人民医院,内科,心血管内科,副主任医师,,3.0,16,冠心病的介入治疗，高血压，心律失常等,"6,192次",0篇,16位,15位,15位,,,
李世春,新疆,昌吉,昌吉州人民医院,内科,心血管内科,主任医师,,3.0,,心血管疾病常规诊疗和心血管介入治疗，可独立完成冠状动脉造影及冠脉内支架植入术，心脏临时及永久起搏器的植入。对急性心肌梗死、各种顽固性心力衰竭、肺栓塞、高血压、脂代谢紊乱、心脏骤停等心血管急危重病患者的诊治有丰富的临床经验,,,,,,,,
杨思源,新疆,昌吉,昌吉州人民医院,内科,心血管内科,主治医师,,2.9,,高血压，急慢性心衰，冠心病，心律失常，心肌病，高血脂等内科常见疾病的诊治,"3,932次",0篇,0位,0位,0位,,,
衡明强,新疆,昌吉,昌吉州人民医院,内科,心血管内科,主治医师,,2.9,,高血压，急慢性心衰，冠心病，心律失常，心肌病，高血脂等内科常见疾病的诊治,"6,029次",0篇,0位,0位,0位,,,
王卯,新疆,昌吉,昌吉州人民医院,内科,心血管内科,副主任医师,,2.9,,能熟练进行冠状血管造影术、经皮冠状动脉内支架置入术、临时起搏器安装术及永久起搏器植入术；熟练掌握心内科疾病的诊治，独立处理内科危重急诊的抢救工作，如急性心肌梗死、严重心律失常，各种心衰、心源性休克、高血压等,,,,,,,,
李志军,新疆,昌吉,昌吉州人民医院,内科,心血管内科,主任医师,,2.9,,心血管疾病、高血压、血脂紊乱的诊治,,,,,,,,
热孜万,新疆,昌吉,昌吉州人民医院,内科,心血管内科,主任医师,,2.8,,心血管病,,,,,,,,
付慧娴,新疆,昌吉,昌吉州人民医院,内科,心血管内科,主治医师,,2.8,2,高血压，急慢性心衰，冠心病，心律失常，心肌病，高血脂等内科常见疾病的诊治,"8,977次",0篇,2位,1位,1位,,,
邢永智,新疆,昌吉,昌吉州人民医院,内科,心血管内科,副主任医师,,2.8,,心脑血管病,,,,,,,,
董桐,新疆,昌吉,昌吉州人民医院,内科,心血管内科,副主任医师,,2.8,,心脑血管病、高血压、糖尿病及急危重病人的救治,,,,,,,,
班新全,新疆,昌吉,昌吉州人民医院,内科,心血管内科,主治医师,,2.8,36,高血压、冠心病、心律衰竭,"9,461次",0篇,36位,35位,35位,,,
昌思梦,新疆,昌吉,昌吉州人民医院,内科,心血管内科,副主任医师,,2.8,,心内科常见病、多发病的诊治，特别对高血压、难治性高血压、继发性高血压、冠心病、心绞痛、急性心肌梗死、陈旧性心肌梗死、心力衰竭、心律失常、心肌病、心肌炎、心脏瓣膜病等的诊治有丰富的经验,,,,,,,,
程江,新疆,昌吉,昌吉州人民医院,内科,普通内科,主任医师,副教授,3.1,,呼吸系统疾病、肝病、传染病,,,,,,,,
吕晋洪,新疆,昌吉,昌吉州人民医院,内科,普通内科,副主任医师,,2.8,,,,,,,,,,
廖志梅,新疆,昌吉,昌吉州人民医院,内科,普通内科,主任医师,,3.0,23,类风湿关节炎、系统性红斑狼疮、干燥综合征、骨质疏松、心脑血管疾病、内分泌疾病、老年综合性疾病等方面积累了丰富的临床经验,"12,826次",0篇,23位,5位,5位,,,
齐金香,新疆,昌吉,昌吉州人民医院,内科,普通内科,主任医师,,2.9,,呼吸系统疾病、心血管病,,,,,,,,
张霞,新疆,昌吉,昌吉州人民医院,内科,普通内科,主任医师,,2.9,,儿科消化、呼吸、心血管系统疾病,,,,,,,,
王颖,新疆,昌吉,昌吉州人民医院,内科,普通内科,副主任医师,,2.9,,儿科、传染科常见病、多发病,"6,675次",0篇,0位,0位,0位,,,
温洁,新疆,昌吉,昌吉州人民医院,内科,普通内科,副主任医师,,2.9,,风湿免疫系统疾病：类风湿关节炎、系统性红斑狼疮、骨质疏松、干燥综合征、骨关节炎、多发性肌炎、皮肌炎等疾病的诊治，同时多年的综合内科工作也积累了丰富的心血管病、呼吸系统疾病、内分泌疾病的临床诊治经验,,,,,,,,
卡得尔,新疆,昌吉,昌吉州人民医院,内科,普通内科,副主任医师,,2.8,,心脑血管、呼吸系统疾病及急危重病人的救治,,,,,,,,
沙依热古丽,新疆,昌吉,昌吉州人民医院,内科,普通内科,副主任医师,,2.8,,心血管、脑血管疾病,,,,,,,,
刘辉,新疆,昌吉,昌吉州人民医院,内科,普通内科,副主任医师,,2.8,,高血压、冠心病、糖尿病、小儿过敏性紫癜、妇女更年期综合症、高脂血症等疾病的诊治,,,,,,,,
刘正基,新疆,昌吉,昌吉州人民医院,内科,消化内科,副主任医师,,2.8,,消化系统胃肠、肝胆及胰腺等疾病的诊治,,,,,,,,
张盼,新疆,昌吉,昌吉州人民医院,内科,消化内科,住院医师,,2.9,1,消化性溃疡，反流性食管炎，肠易激综合症，炎症性肠病，消化道早癌，消化道出血，肝硬化等疾病的诊治，以及消化内镜的临床应用,"2,750次",0篇,1位,1位,1位,,,
辛晓梅,新疆,昌吉,昌吉州人民医院,内科,消化内科,主治医师,,2.9,,上消化道出血的诊断及治疗、急性胰腺炎、消化性溃疡、溃疡性结肠炎、急慢性腹泻的诊疗、各种食道疾病的诊疗、各种肝病，药物性肝病、病毒性肝病、肝硬化，各种腹膜及肠系膜等疾病的诊疗，非静脉曲张性及静脉曲张性上消化道出血的内镜下止血术、消化道异物取出术、胃结肠息肉电切术、食管良恶性狭窄球囊扩张术、食管支架植入术、食道静脉曲张套扎术、氩气刀治疗Barrett食管、无痛内镜检查、经内镜逆行阑尾炎治疗、（小）结肠梗阻导管置入术及超声内镜等技术,,,,,,,,
马利民,新疆,昌吉,昌吉州人民医院,内科,消化内科,主任医师,,2.8,,,,,,,,,,
侯绪争,新疆,昌吉,昌吉州人民医院,内科,消化内科,副主任医师,,2.8,,擅长食管炎、急慢性胃炎、消化性溃疡、溃疡性结肠炎、克罗恩病、消化道出血、急慢性腹泻、功能性消化不良、胰腺炎、胆囊炎、肝硬化及并发症、药物性肝损害、脂肪肝等消化疾病的诊断治疗，具丰富的临床经验。,,,,,,,,
徐立杰,新疆,昌吉,昌吉州人民医院,内科,消化内科,住院医师,,2.8,17,消化道疾病等,"4,633次",0篇,17位,17位,17位,,,
刘莲,新疆,昌吉,昌吉州人民医院,内科,消化内科,主治医师,,2.8,2,消化性溃疡，反流性食管炎，肠易激综合症，炎症性肠病，消化道早癌，消化道出血，肝硬化等疾病的诊治，以及消化内镜的临床应用,"3,365次",0篇,2位,0位,0位,,,
徐顺,新疆,昌吉,昌吉州人民医院,内科,内分泌科,主任医师,,2.9,,糖尿病及并发症、甲状腺疾病、高尿酸血症,,,,,,,,
王岩,新疆,昌吉,昌吉州人民医院,内科,内分泌科,主任医师,副教授,3.2,,糖尿病及其并发症、高血压病、甲状腺疾病、高尿酸血症、痛风、脂肪肝、肥胖症、垂体及肾上腺疾病等疾病的诊治。,,,,,,,,
高华,新疆,昌吉,昌吉州人民医院,内科,内分泌科,副主任医师,讲师,3.1,,糖尿病及其并发症、高血压病、甲状腺疾病、高尿酸血症、痛风、脂肪肝、肥胖症、垂体及肾上腺疾病等疾病的诊治,,,,,,,,
黄玫,新疆,昌吉,昌吉州人民医院,内科,内分泌科,副主任医师,讲师,3.1,,糖尿病及其并发症、高血压病、甲状腺疾病、高尿酸血症、痛风、脂肪肝、肥胖症、垂体及肾上腺疾病等疾病的诊治,,,,,,,,
古丽·阿不拉,新疆,昌吉,昌吉州人民医院,内科,内分泌科,主任医师,,3.0,,糖尿病及其并发症、高血压病、甲状腺疾病、高尿酸血症、痛风、脂肪肝、肥胖症、垂体及肾上腺疾病等疾病的诊治。,,,,,,,,
夏英,新疆,昌吉,昌吉州人民医院,内科,内分泌科,主任医师,,2.9,,糖尿病及并发症、甲状腺疾病、高尿酸血症,,,,,,,,
张惠萍,新疆,昌吉,昌吉州人民医院,内科,内分泌科,副主任医师,,2.8,,糖尿病及并发症、甲状腺疾病、高尿酸血症的诊治,,,,,,,,
郭阳,新疆,昌吉,昌吉州人民医院,内科,呼吸内科,主任医师,副教授,3.2,,支气管哮喘、慢性阻塞性肺病、肺癌及睡眠呼吸障碍性疾病等的诊治及支气管镜下介入治疗,,,,,,,,
王慧,新疆,昌吉,昌吉州人民医院,内科,呼吸内科,主任医师,,3.2,,呼吸领域疾患的检查与治疗、熟练掌握支气管镜、肺功能、血气、呼吸机、睡眠监测仪、胸膜活检、经皮肺穿等多项操作,,,,,,,,
库小平,新疆,昌吉,昌吉州人民医院,内科,呼吸内科,主任医师,,3.1,,支气管哮喘、慢性阻塞性肺病、肺气肿及肺心病等，顽固性咳嗽，难治性肺病的治疗,,,,,,,,
张立江,新疆,昌吉,昌吉州人民医院,内科,呼吸内科,副主任医师,,3.0,,支气管哮喘、慢性阻塞性肺疾病疾病、间质性肺病、肺炎、支气管扩张、肺结节、肺部占位等疾病的诊治,,,,,,,,
宋爱玲,新疆,昌吉,昌吉州人民医院,内科,呼吸内科,副主任医师,,3.0,,呼吸系统疾病,,,,,,,,
马楚龙,新疆,昌吉,昌吉州人民医院,内科,呼吸内科,住院医师,,2.9,17,呼吸系统常见疾病咨询，诊疗，预防。,"1,275次",0篇,17位,0位,0位,,,
李健,新疆,昌吉,昌吉州人民医院,内科,老年病科,主任医师,,2.8,,心血管、内科疾病的治疗，如高血压病、冠心病、心绞痛、心肌梗塞、各种心脏病、心力衰竭、心律失常、肺心病、高脂血症、老年人慢性多发病症等,,,,,,,,
杨春梅,新疆,昌吉,昌吉州人民医院,内科,老年病科,主治医师,,2.9,3,老年内科常见疾病的诊治，如高血压，高血脂，冠心病，糖尿病等,"7,187次",0篇,3位,3位,3位,,,
周冬梅,新疆,昌吉,昌吉州人民医院,内科,老年病科,主任医师,,2.8,,糖尿病、内分泌疾病、老年病,,,,,,,,
柴文慧,新疆,昌吉,昌吉州人民医院,内科,老年病科,副主任医师,,2.8,,老年心血管、内分泌、脑血管、高血压等老年常见病的诊治,,,,,,,,
刘建超,新疆,昌吉,昌吉州人民医院,内科,老年病科,住院医师,,2.7,51,冠心病，心律失常，心衰，高血压，糖尿病，支气管哮喘，消化性溃疡，慢阻肺，乙肝，结核。,"13,656次",0篇,51位,34位,39位,,,
盖有义,新疆,昌吉,昌吉州人民医院,内科,神经内科,主任医师,,2.9,,各种脑血管病、周围神经疾病、脊髓疾病、运动神经元病、中枢神经系统感染性疾病、神经系统脱髓鞘疾病、肌肉疾病、癫痫、各种原因引起的头痛、痴呆及高血压脑病、代谢综合症等疾病的诊治，尤其对神经系统急危重症的救治,,,,,,,,
林峰,新疆,昌吉,昌吉州人民医院,内科,神经内科,主任医师,,2.9,,神经内科疑难杂症、消化、血液、内分泌、泌尿系统等内科疾病,,,,,,,,
马勇,新疆,昌吉,昌吉州人民医院,内科,神经内科,副主任医师,,2.8,,各种脑血管病、神经内科疑难杂症等,,,,,,,,
王玲,新疆,昌吉,昌吉州人民医院,内科,神经内科,副主任医师,,2.8,,各种脑血管病、神经内科疑难杂症、高血压病及脑动脉相关疾病等,,,,,,,,
杨春梅,新疆,昌吉,昌吉州人民医院,内科,综合内科,主任医师,,2.9,,心脑血管病、风湿免疫病、糖尿病及骨质疏松症的诊治，对老年病、疑难杂症及多种病并存的处理,,,,,,,,
陈海娟,新疆,昌吉,昌吉州人民医院,内科,综合内科,主任医师,教授,3.1,,风湿免疫病、心脑血管疾病、骨质疏松症、呼吸系统疾病等，尤其对老年综合性疾病、疑难杂症等方面积累了丰富的临床经验,,,,,,,,
李棣华,新疆,昌吉,昌吉州人民医院,内科,急诊科,主任医师,,2.9,,心脑血管疾病如心律失常的诊治，心血管疾病介入治疗，急性中毒抢救治疗、脑血管病人溶栓治疗等,,,,,,,,
张凤琴,新疆,昌吉,昌吉州人民医院,内科,肾病科,主任医师,,2.9,,各类肾病、血液透析、血液系统疾病,,,,,,,,
张学胜,新疆,昌吉,昌吉州人民医院,外科,骨科,主任医师,,3.0,,对骨科常见病、多发病及疑难病症具有丰富的临床诊治经验。,,,,,,,,
郝峰,新疆,昌吉,昌吉州人民医院,外科,骨科,主任医师,,3.1,,复杂多发骨折、关节内骨折、关节运动创伤等微创手术、颈、腰椎椎间盘手术、脊柱脊髓损伤及脊柱疾患等骨科疾病的诊治。,,,,,,,,
陈鄂,新疆,昌吉,昌吉州人民医院,外科,骨科,主任医师,,3.0,,骨科常见病、多发病的诊断治疗及手术，腰椎椎体肿瘤、骨折椎体成形术、全髋关节置换术及人工股骨头置换术、四肢复杂骨折内固定术、膝关节镜下膝关节疾病的诊断和治疗,,,,,,,,
方立龙,新疆,昌吉,昌吉州人民医院,外科,骨科,副主任医师,,3.0,49,运动损伤疾病的诊断及治疗，膝关节骨性关节炎的诊断及阶梯治疗（包括保守治疗、关节镜微创治疗、保膝治疗、单髁置换、全膝关节置换术）、拇外翻（大脚骨）的保守及手术治疗，运动损伤性疾病的微创治疗，如关节镜下膝关节前、后交叉韧带损伤修复及重建、髌骨脱位微创治疗、侧副韧带损伤修复与重建、半月板损伤修复、关节镜下关节内骨折复位固定，关节镜下腘窝囊肿切除、关节游离体取出、关节滑膜炎等，肩关节肩袖损伤修复，肩峰撞击症的治疗、肩袖钙化性肌腱炎、黏连性肩关节囊炎、二头肌肌腱炎，踝关节不稳、踝关节韧带损伤修复、踝关节撞击症等关节疾病的微创治疗。,"8,867次",8篇,49位,43位,43位,,,
吴新江,新疆,昌吉,昌吉州人民医院,外科,骨科,副主任医师,,2.9,1,脊柱、四肢骨创伤、颈椎、胸腰椎退变性疾病的诊断及手术治疗，人工关节置换及膝关节镜、腰椎间盘镜手术,"25,090次",0篇,1位,0位,1位,,,
杨衡,新疆,昌吉,昌吉州人民医院,外科,骨科,主任医师,,2.9,,脊柱、创伤及皮瓣转移修复治疗等专业为主。能够开展颈胸腰椎骨折、颈椎病、腰椎间盘突出、腰椎管狭窄，腰椎滑脱、脊柱结核、脊柱侧弯矫形术等手术治疗。在老年骨质疏松性脊柱椎体压缩性骨折椎体成型手术、腰椎间盘突出椎间盘镜微创治疗。对复杂的关节内骨折、关节运动创伤、脊柱间盘疾患，四肢骨折、骨盆骨折、小儿四肢畸形矫形及严重组织缺损、感染创面进行皮瓣转移修复治疗有较丰富的经验。,,,,,,,,
张浩,新疆,昌吉,昌吉州人民医院,外科,骨科,主任医师,,2.9,,各类骨折、关节损伤、运动损伤、骨质疏松等疾病的诊断和治疗等常见病、多发病诊治,,,,,,,,
毛里提拜克·托里根,新疆,昌吉,昌吉州人民医院,外科,骨科,主治医师,讲师,2.9,46,糖尿病足、四肢慢性溃疡、骨质疏松、四肢慢性疼痛劳损、关节疾患、骨折、腰椎间盘病变、颈椎病,"45,041次",2篇,46位,27位,30位,,,
熊亚林,新疆,昌吉,昌吉州人民医院,外科,骨科,主任医师,,2.9,,脊柱、骨关节常见疾病及疑难疾病的诊断及治疗，脊柱四肢畸形矫形治疗、断肢再植,"17,971次",0篇,0位,0位,0位,,,
孙海清,新疆,昌吉,昌吉州人民医院,外科,骨科,副主任医师,,2.9,,脊柱、四肢骨创伤、颈椎、胸腰椎退变性疾病的诊断及手术治疗，人工关节置换及膝关节镜、腰椎间盘镜手术,,,,,,,,
朱之桦,新疆,昌吉,昌吉州人民医院,外科,骨科,副主任医师,,2.9,,四肢骨折、运动损伤的诊断及手术治疗，人工关节置换及膝关节镜手术,,,,,,,,
王克勤,新疆,昌吉,昌吉州人民医院,外科,骨科,副主任医师,,2.9,,四肢及骨肿瘤，脊柱外科,,,,,,,,
崔智勇,新疆,昌吉,昌吉州人民医院,外科,骨科,副主任医师,,2.8,,关节外科、创伤、运动原学、脊柱,,,,,,,,
侯全山,新疆,昌吉,昌吉州人民医院,外科,骨科,副主任医师,,2.8,,骨与关节损伤（四肢骨折及关节软骨、韧带损伤）的手术治疗；髋、膝关节疾病（股骨头坏死，髋关节发育不良，膝关节骨关节炎）的诊断及手术治疗；擅长：足踝创伤及矫形手术，骨折微创手术；骨质疏松症的诊断、治疗及骨质疏松骨折的处理、显微外科、慢性创面修复、骨搬运。,,,,,,,,
刘云龙,新疆,昌吉,昌吉州人民医院,外科,骨科,副主任医师,,2.8,,各种骨科常见病的诊断及治疗,,,,,,,,
孙海青,新疆,昌吉,昌吉州人民医院,外科,骨科,副主任医师,,2.8,,颈胸腰椎骨折、颈椎病、腰椎间盘突出、腰椎管狭窄，腰椎滑脱、脊柱结核、布氏杆菌脊柱炎、脊柱肿瘤等手术治疗。在老年骨质疏松性脊柱椎体压缩性骨折椎体成型手术、腰椎间盘突出臭氧加胶原酶介入治疗及腰椎间盘突出椎间孔镜微创治疗有一定的经验。擅长椎间孔镜下腰椎间盘突出/腰椎管狭窄等微创手术；擅长各种骨折的手术技术；尤其微创手术。对小儿四肢畸形矫形及严重组织缺损、骨髓炎的皮瓣/肌皮瓣转移修复治疗方面积累了较丰富的经验。,,,,,,,,
肖明,新疆,昌吉,昌吉州人民医院,外科,普外科,主任医师,,2.9,,普外科疾病、肝胆病、腹腔镜手术,,,,,,,,
郭红,新疆,昌吉,昌吉州人民医院,外科,普外科,主任医师,,3.0,,乳腺、甲状腺、血管外科及烧伤等专业，尤其对各种恶性肿瘤的化学治疗及介入治疗积累了丰富的临床经验,,,,,,,,
蔡翔,新疆,昌吉,昌吉州人民医院,外科,普外科,主任医师,,3.0,,在肝胆，胰腺肿瘤，重症胰腺炎、肝包虫病、胆道结石等方面有较丰富的经验，擅长于腹腔镜手术，肝癌切除术，肝脏血管瘤切除术，捆扎术，肝门部胆管癌切除术，胰十二指肠切除术，脾切除术及部分脾切除术，贲门周围血管离断术，腹腔镜胆囊切除术，腹腔镜阑尾切除术，甲状腺肿瘤切除术，甲状腺腺叶切除术，颈清扫，直肠癌根治术，阑尾切除术，各种疝修补术，急性胰腺炎手术，下肢深浅静脉曲张，各种包虫手术，腹部外伤，肠梗阻手术等。,,,,,,,,
徐峰,新疆,昌吉,昌吉州人民医院,外科,普外科,副主任医师,教授,3.0,,,,,,,,,,
纪成,新疆,昌吉,昌吉州人民医院,外科,普外科,主任医师,,3.0,,心胸外科肿瘤、疑难危重病、急诊多发伤、联合伤的抢救及颈胸-胸腹结合部疾病诊治有丰富的临床诊治经验。,,,,,,,,
杨跃超,新疆,昌吉,昌吉州人民医院,外科,普外科,主任医师,,2.9,,乳腺、肿瘤、血管外科、烧伤整形外科,,,,,,,,
马延豪,新疆,昌吉,昌吉州人民医院,外科,普外科,主任医师,,2.9,,胸部外科、泌尿男性病、乳腺病,,,,,,,,
刘雨雄,新疆,昌吉,昌吉州人民医院,外科,普外科,副主任医师,,2.9,,普通外科常见病、多发病、疑难病的诊疗，尤其是对乳腺、甲状腺良恶性肿瘤的诊断和治疗具有丰富的临床经验,,,,,,,,
吴亚涛,新疆,昌吉,昌吉州人民医院,外科,普外科,副主任医师,,2.9,,普通外科常见病、多发病、疑难病的诊疗，特别是对乳腺良恶性肿瘤、甲状腺良恶性肿瘤、下肢静脉曲张，乳腺微创手术（Mammotome系统），乳癌保乳根治术（前哨淋巴结活检术），乳管镜检查等的诊断和治疗具有丰富的临床经验,,,,,,,,
依明江,新疆,昌吉,昌吉州人民医院,外科,普外科,副主任医师,,2.8,,普外科疾病、肝胆胰脾疾病、消化道肿瘤、甲状腺、乳腺疾病,,,,,,,,
周晓刚,新疆,昌吉,昌吉州人民医院,外科,普外科,副主任医师,,2.8,,肝脏、胆脏、脾脏、胰腺、甲状腺疾病，腹腔镜手术,,,,,,,,
高旭升,新疆,昌吉,昌吉州人民医院,外科,普外科,副主任医师,,2.8,,腹腔镜下胆道镜胆总管探查、腹腔镜下胆总管切开取石、腹腔镜下肝部分切除术、腹腔镜下胆肠吻合等一系列腹腔镜下肝胆胃肠手术。在肝胆胰腺肿瘤及普外科多发病有较丰富的临床经验。,,,,,,,,
张思龙,新疆,昌吉,昌吉州人民医院,外科,普外科,副主任医师,,2.8,,普通外科常见病、多发病、疑难病的诊疗，尤其是对乳腺良恶性肿瘤（乳腺良性肿物切除）、甲状腺良恶性肿瘤、下肢静脉曲张、烧烫伤的诊断和治疗具有丰富的临床经验。,,,,,,,,
梁小东,新疆,昌吉,昌吉州人民医院,外科,心胸泌尿外科,主任医师,,3.1,,泌尿外科疾病如：前列腺增生、前列腺炎、膀胱肿瘤、肾肿瘤、泌尿系结石的诊治。可独立开展肾结石、输尿管结石经皮肾镜碎石取石术、经尿道汽压弹道碎石术、经尿道前列腺汽化电切术、肾肿瘤根治术、膀胱全切肠代膀胱术、后腹腔镜下肾脏囊肿肾上腺切除术、胸腔镜下肺大泡切除术以及常规外科手术。,,,,,,,,
柳小龙,新疆,昌吉,昌吉州人民医院,外科,心胸泌尿外科,副主任医师,,2.9,,泌尿外科常见病的诊断及治疗，能熟练开展前列腺增生、肾及膀胱肿瘤、泌尿系结石等手术；对男科疾病，如慢性前列腺炎、勃起功能障碍等疾病的诊治积累了丰富的临床经验。,,,,,,,,
张启林,新疆,昌吉,昌吉州人民医院,外科,心胸泌尿外科,副主任医师,,2.9,,泌尿外科常见病的诊断及治疗，能熟练开展良性前列腺增生、肾及膀胱肿瘤、肾及输尿管结石等疾病的相关手术；对男科疾病，阴囊手术方面诊治积累了丰富的临床经验。,,,,,,,,
王军,新疆,昌吉,昌吉州人民医院,外科,神经外科,主治医师,,2.8,,神经外科各种颅脑损伤、高血压脑出血、半球肿瘤及脊髓病变的诊断治疗及手术,,,,,,,,
殷红莉,新疆,昌吉,昌吉州人民医院,妇儿,妇科,主任医师,,2.9,,不孕症（包括显微镜下输卵管吻合再通手术）、妇科内分泌、妇科肿瘤（子宫、卵巢等）临床诊治、妇科疾病手术,,,,,,,,
刘书鹏,新疆,昌吉,昌吉州人民医院,妇儿,妇科,副主任医师,讲师,3.0,,妇科良、恶性肿瘤诊治及恶性肿瘤化疗，对宫颈癌、子宫内膜癌、卵巢癌早期诊断及治疗有丰富经验，腹腔镜、宫腔镜等妇科微创手术,,,,,,,,
宋丽,新疆,昌吉,昌吉州人民医院,妇儿,妇科,副主任医师,讲师,3.0,,能熟练应用现代高新技术设备，如宫腔镜及腹腔镜等，掌握妇科常见病、多发病的诊治。擅长宫颈疾病、女性阴道炎、妇科内分泌疾病、不孕症、子宫肌瘤、卵巢囊肿、子宫内膜异位症等疾病的诊治,,,,,,,,
张志茹,新疆,昌吉,昌吉州人民医院,妇儿,妇科,主任医师,,3.0,,熟练掌握妇产科常见病，多发病，疑难危重患者的诊断及治疗，娴熟计划生育各项操作与治疗,,,,,,,,
杨先华,新疆,昌吉,昌吉州人民医院,妇儿,妇科,主治医师,,3.0,65,妇科常见病，多发病及疑难病诊治，如妇科肿瘤，妇科炎症，卵巢囊肿，子宫内膜异位症，宫颈疾病，月经不调，痛经，功血，不孕不育等,"69,586次",0篇,65位,0位,0位,,,
刘海燕,新疆,昌吉,昌吉州人民医院,妇儿,妇科,主任医师,,2.9,,妇科内分泌、不孕症、妇科良、恶性肿瘤等常见病、多发病的临床诊治子宫内膜异位症的诊治及腹腔镜、宫腔镜手术,,,,,,,,
王家秀,新疆,昌吉,昌吉州人民医院,妇儿,妇科,主任医师,,2.9,,妇产科常见病、疑难病诊治及卵巢肿瘤手术、子宫肌瘤剜除术、子宫切除术,,,,,,,,
姚虹,新疆,昌吉,昌吉州人民医院,妇儿,妇科,副主任医师,,2.9,,对妇科内分泌、不孕症、子宫内膜异位症、妇科良、恶性肿瘤等常见病及多发病及疑难杂症有丰富的临床经验，擅长妇科各类手术，尤其在腹腔镜、宫腔镜技术方面有丰富的临床经验及较高的手术技能。熟练进行妇科肿瘤患者的化学治疗,,,,,,,,
吕小凤,新疆,昌吉,昌吉州人民医院,妇儿,妇科,副主任医师,,2.9,,对妇产科的常见病、多发病及疑难病等有丰富的临床经验。尤其擅长盆腔各类炎症的诊断及治疗，擅长各种计划生育疑难手术，对妇科腹腔镜下子宫肌瘤剔除术、卵巢囊肿剥除术、卵巢成形术及输卵管修复、整形术等有丰富的临床经验,,,,,,,,
王莉,新疆,昌吉,昌吉州人民医院,妇儿,妇科,副主任医师,,2.9,,妇产科常见病、多发病、宫颈病变的诊治,,,,,,,,
耿英,新疆,昌吉,昌吉州人民医院,妇儿,妇科,主任医师,,2.9,,妇产科常见病、疑难病、更年期保健、老年妇女疾病的诊治及腹腔镜、宫腔镜手术,,,,,,,,
陈冰,新疆,昌吉,昌吉州人民医院,妇儿,妇科,主任医师,,2.9,,妇产科常见病及计划生育常见病的诊断、治疗,,,,,,,,
张红梅,新疆,昌吉,昌吉州人民医院,妇儿,妇科,副主任医师,,2.8,,内科、妇科、乳房常见病、多发病,,,,,,,,
马立成,新疆,昌吉,昌吉州人民医院,妇儿,儿科,主任医师,,3.0,12,新生儿疾病、小儿脑瘫及小儿心理疾病治疗,"11,441次",0篇,12位,9位,9位,,,
何朝晖,新疆,昌吉,昌吉州人民医院,妇儿,儿科,主任医师,,3.0,11,儿科常见病,"7,543次",0篇,11位,11位,11位,,,
马桂花,新疆,昌吉,昌吉州人民医院,妇儿,儿科,副主任医师,,2.9,14,儿童哮喘，支气管炎，肺炎,"9,276次",0篇,14位,13位,13位,,,
刘文梅,新疆,昌吉,昌吉州人民医院,妇儿,儿科,副主任医师,,2.8,,儿科常见病、神经系统疾病,,,,,,,,
李薇薇,新疆,昌吉,昌吉州人民医院,妇儿,产科,副主任医师,,2.9,,产科急危重症救治及各种常见病、多发病的诊治，妊娠期高血压疾病、妊娠合并心脏病、妊娠合并血小板减少、妊娠合并系统性红斑狼疮、胎盘早剥、子宫破裂等复杂的剖宫产术及难治性产后出血子宫切除术、凶险性前置胎盘介入治疗手术，胎吸、产钳术等难产助产技术及各种复杂的计划生育手术,,,,,,,,
刘志华,新疆,昌吉,昌吉州人民医院,妇儿,产科,副主任医师,,2.9,,对难产及急、危重病人的诊断、处理,,,,,,,,
孙月霞,新疆,昌吉,昌吉州人民医院,妇儿,产科,副主任医师,,2.9,,对妇产科的常见病及多发病的诊断及治疗积累了丰富的临床经验，在病理产科、产科危重抢救以及手术治疗方面也积累了丰富的临床经验,,,,,,,,
冯晶晶,新疆,昌吉,昌吉州人民医院,妇儿,产科,副主任医师,,2.9,,,,,,,,,,
杨金花,新疆,昌吉,昌吉州人民医院,妇儿,小儿营养保健科,主任医师,,2.9,,儿童保健,,,,,,,,
王尚才,新疆,昌吉,昌吉州人民医院,其他,口腔科,主任医师,,2.9,,口腔正畸、修复以及口腔内科、口腔外科疾病的治疗和手术,,,,,,,,
杨桦,新疆,昌吉,昌吉州人民医院,其他,口腔科,副主任医师,,2.9,,口腔内外科、颌面外科,,,,,,,,
玛尔孜亚,新疆,昌吉,昌吉州人民医院,其他,口腔科,副主任医师,,2.9,,,,,,,,,,
秦春梅,新疆,昌吉,昌吉州人民医院,其他,口腔科,副主任医师,,2.9,,口腔内科及口腔修复,,,,,,,,
易玉珍,新疆,昌吉,昌吉州人民医院,其他,口腔科,副主任医师,,2.9,,口腔内科疾病的治疗，擅长烤瓷、铸造，牙裂缺损、缺失的修复治疗,,,,,,,,
古丽·艾山,新疆,昌吉,昌吉州人民医院,其他,口腔科,副主任医师,,2.9,,牙槽外科、口腔内外科,,,,,,,,
马孜亚,新疆,昌吉,昌吉州人民医院,其他,口腔科,副主任医师,,2.9,,,,,,,,,,
王雪晶,新疆,昌吉,昌吉州人民医院,其他,口腔科,副主任医师,,2.9,,口腔科牙列缺失的修复、牙体牙髓、儿童口腔疾病的治疗和预防。,,,,,,,,
徐德福,新疆,昌吉,昌吉州人民医院,其他,放射CT科,主任医师,,3.1,,放射、CT、核磁共振及各类数字化设备影像诊断技术,,,,,,,,
黄永清,新疆,昌吉,昌吉州人民医院,其他,放射CT科,副主任医师,,3.1,,,,,,,,,,
肖葵,新疆,昌吉,昌吉州人民医院,其他,放射CT科,副主任医师,,3.1,,,,,,,,,,
李增力,新疆,昌吉,昌吉州人民医院,其他,放射CT科,副主任医师,,3.1,,,,,,,,,,
刘学军,新疆,昌吉,昌吉州人民医院,其他,放射CT科,副主任医师,,3.1,,,,,,,,,,
米玉俊,新疆,昌吉,昌吉州人民医院,其他,放射CT科,副主任医师,,3.1,,,,,,,,,,
武方明,新疆,昌吉,昌吉州人民医院,其他,放射CT科,副主任医师,,3.1,,,,,,,,,,
孙文泉,新疆,昌吉,昌吉州人民医院,其他,放射CT科,副主任医师,,3.1,,,,,,,,,,
马莉,新疆,昌吉,昌吉州人民医院,其他,耳鼻喉科,主任医师,副教授,3.1,,熟练掌握鼻窦内窥镜外科手术，治疗慢性鼻窦炎、鼻息肉、慢性鼻炎、鼻中隔偏曲等疾患,,,,,,,,
武维,新疆,昌吉,昌吉州人民医院,其他,耳鼻喉科,副主任医师,,2.8,,耳鼻咽喉科常见疾病的诊治，鼻窦、内窥镜手术、支撑喉镜手术等耳鼻咽喉手术,,,,,,,,
高明,新疆,昌吉,昌吉州人民医院,其他,耳鼻喉科,副主任医师,,3.0,,鼻窦内窥镜下鼻中隔偏曲矫正、鼻息肉切除术、全组鼻窦开窗病变清除、鼻腔泪囊吻合、鼻窦骨瘤及脑脊液鼻漏修补等鼻科领域手术。擅长鼓膜修补、鼓室探查、乳突根治及外耳道成形术、支撑喉镜下声带、会厌病变处理，嗓音外科擅长声带内移改变音质及甲状软骨成形术等。在小儿鼾症扁桃体、腺样体的切除术及腭咽成形术有自己独到的改良方法。在周围性眩晕、突发性耳聋的诊治方面紧跟国内、国际指南标准，积累了一定的经验。,,,,,,,,
冯云,新疆,昌吉,昌吉州人民医院,其他,耳鼻喉科,副主任医师,,2.8,,耳鼻咽喉科常见疾病诊治,,,,,,,,
妥英梅,新疆,昌吉,昌吉州人民医院,其他,耳鼻喉科,副主任医师,,2.8,,,,,,,,,,
李荣,新疆,昌吉,昌吉州人民医院,其他,耳鼻喉科,主治医师,,2.8,2,,"1,843次",0篇,2位,0位,0位,,,
刘怀民,新疆,昌吉,昌吉州人民医院,其他,中医科,主任医师,,3.1,,中医内科常见病、多发病如心血管、肝、胆、脾、胃及男科疾病,,,,,,,,
赵创,新疆,昌吉,昌吉州人民医院,其他,中医科,主任医师,,3.1,,中医杂病、中医男科、不育症、前列腺疾病,,,,,,,,
张策平,新疆,昌吉,昌吉州人民医院,其他,中医科,主任医师,,3.1,,中医科常见病、多发病的中医针灸及中西医结合诊治，特别对心脑血管、神经内科、消化、骨伤等病采用中医辨证施治具有丰富的临床经验,,,,,,,,
陈国梁,新疆,昌吉,昌吉州人民医院,其他,中医科,副主任医师,,3.0,,中医科常见病、多发病的中西医结合诊治，特别对心脑血管、肛门直肠疾病、脉管炎等病采用中西医结合治疗、手术治疗具有丰富的临床经验,,,,,,,,
刘成,新疆,昌吉,昌吉州人民医院,其他,中医科,主治医师,,3.0,2,内痔、外痔、混合痔、肛裂、肛周脓肿、肛瘘、肛乳头肥大、肛周尖锐湿疣等肛肠科常见病、多发病。,"16,122次",0篇,2位,0位,0位,,,
李海燕,新疆,昌吉,昌吉州人民医院,其他,眼科,副主任医师,,3.0,,眼表疾病的诊断治疗，青光眼的诊断、治疗及术后并发症的处理,,,,,,,,
万晓刚,新疆,昌吉,昌吉州人民医院,其他,眼科,副主任医师,,3.0,,各类泪道手术、相关眼部整形手术、青光眼白内障等眼科常见病多发疾病的诊断和治疗,,,,,,,,
卢跃龙,新疆,昌吉,昌吉州人民医院,其他,眼科,主任医师,,2.9,,青光眼、白内障、斜视、网脱、泪小管断裂吻合手术及眼底视网膜激光光凝和眼底荧光造影等、眼底病方面的诊治,,,,,,,,
张翠荣,新疆,昌吉,昌吉州人民医院,其他,眼科,副主任医师,,2.9,,眼外伤，白内障手术，眼眶病,,,,,,,,
曹兰,新疆,昌吉,昌吉州人民医院,其他,眼科,主任医师,,2.9,,眼科常见病、斜视，弱视，眼电生理等疑难病的诊治,,,,,,,,
滕志兰,新疆,昌吉,昌吉州人民医院,其他,传染科,主任医师,,2.8,,各种急慢性肝病、肝硬化、成人及小儿传染病、结核病、艾滋病的诊治,,,,,,,,
孙跃旭,新疆,昌吉,昌吉州人民医院,其他,传染科,副主任医师,,2.8,,各类肝病、结核病、艾滋病及其他传染病,,,,,,,,
张树青,新疆,昌吉,昌吉州人民医院,其他,传染科,副主任医师,,2.8,,常见传染性疾病的诊治，结核、肝病的诊疗及急危重症患者的抢救,,,,,,,,
陈敏,新疆,昌吉,昌吉州人民医院,其他,传染科,副主任医师,,2.8,,各类急慢性肝病、肝硬化、成人及小儿呼吸道传染病、结核病、艾滋病、布病的诊治,,,,,,,,
巩维进,新疆,昌吉,昌吉州人民医院,其他,传染科,主治医师,,2.8,,乙肝、脂肪肝、肝硬化及各种体制性黄疸、肝炎、肺结核，耐药肺结核的治疗,,,,,,,,
刘恒山,新疆,昌吉,昌吉州人民医院,其他,肿瘤科,主任医师,,2.9,,腹腔镜微创外科方面开展腹腔镜下结、直肠癌根治术、腹腔镜下小儿疝高位结扎、成人疝补片修补术、腔镜下胆囊切除术加胆总管探查术、胃十二指肠穿孔修补术,"14,224次",0篇,0位,0位,0位,,,
李赟,新疆,昌吉,昌吉州人民医院,其他,肿瘤科,副主任医师,,2.8,,胃肠肿瘤微创手术以及甲状腺、乳腺肿瘤的手术，放化疗及综合治疗，对其它肿瘤的放化疗及靶向治疗较熟悉,,,,,,,,
杨志江,新疆,昌吉,昌吉州人民医院,其他,肿瘤科,副主任医师,,2.8,,胃肠肿瘤以及甲状腺、乳腺肿瘤放化疗及综合治疗，肿瘤晚期癌痛治疗，对其它肿瘤的放化疗及靶向治疗。恶性胸腹水体腔热灌注治疗。,,,,,,,,
左刚,新疆,昌吉,昌吉州人民医院,其他,肿瘤科,副主任医师,,2.8,,肿瘤疾病及普外科常见病,,,,,,,,
胡捷,新疆,昌吉,昌吉州人民医院,其他,肿瘤科,副主任医师,,2.8,,胃肠肿瘤以及甲状腺、乳腺、全身浅表肿瘤肿瘤的手术，放化疗及综合治疗，肿瘤晚期癌痛治疗，对其它肿瘤的放化疗及靶向治疗较熟悉。,,,,,,,,
盛红宇,新疆,昌吉,昌吉州人民医院,其他,全科医学科,主治医师,,2.9,297,擅长高血压的病因诊断、疑难高血压的鉴别诊断，高血压合并代谢综合征，高血压并发心脏病、脑血管病、肾脏病的诊断及个体化治疗，心血管相关疾病及全科疾病的诊治。,"91,868次",0篇,297位,87位,130位,,,
库沙尼·热依汉,新疆,昌吉,昌吉州人民医院,其他,全科医学科,副主任医师,,2.8,,高血压病、冠心病、心力衰竭等心血管疾病的诊断及治疗。对老年人一体多病的诊治有丰富的经验。,,,,,,,,
张晓蕾,新疆,昌吉,昌吉州人民医院,其他,全科医学科,住院医师,,2.7,3,普通内科常见疾病的诊治，如心脑血管疾病，糖尿病，高血压，心衰等,"7,621次",0篇,3位,3位,3位,,,
吕国庆,新疆,昌吉,昌吉州人民医院,其他,病理科,副主任医师,,2.8,,临床肿瘤病理诊断及细胞学病理诊断工作。,,,,,,,,
甘继瑶,新疆,昌吉,昌吉州人民医院,其他,病理科,副主任医师,,2.8,,,,,,,,,,
周斌,新疆,昌吉,昌吉州人民医院,其他,病理科,副主任医师,,2.8,,,,,,,,,,
凌格,新疆,昌吉,昌吉州人民医院,其他,重症医学科,主任医师,,3.0,,高血压脑出血治疗及血肿穿刺引流、脑梗塞的早期选择性脑动脉溶栓、心血管疾病介入治疗、急慢性呼吸衰竭、各种心律失常、急慢性心力衰竭、各种类型的休克、重度药物中毒、重度CO中毒、心肺复苏术后的脑复苏、重症胰腺炎、各种原因引起的ARDS、消化道大出血及多脏器功能障碍综合症等危重病的治疗,,,,,,,,
王利平,新疆,昌吉,昌吉州人民医院,其他,重症医学科,副主任医师,,2.8,,急危重病人的救治,,,,,,,,
伊晓东,新疆,昌吉,昌吉州人民医院,其他,超声科,主任医师,,2.9,,超声心动图、复杂疑难病例诊断,,,,,,,,
任珊英,新疆,昌吉,昌吉州人民医院,其他,超声科,副主任医师,,2.8,,,,,,,,,,
孙玉娥,新疆,昌吉,昌吉州人民医院,其他,皮肤科,主任医师,,3.2,,皮肤科常见病如：荨麻疹、湿疹、接触性皮炎、带状疱疹、药疹、过敏性紫癜、多形性日光疹、疥疮、手足癣、神经性皮炎、变应性血管炎、血管瘤、痤疮、各种疣等疾病；以及疑难顽固性皮肤病如：银屑病、白癜风、盘状红斑狼疮、天疱疮等疾病的诊断、治疗,,,,,,,,
张玲,新疆,昌吉,昌吉州人民医院,其他,皮肤科,副主任医师,,3.2,,皮肤科常见病、多发病及常见性病的诊治,,,,,,,,
吴松江,新疆,昌吉,昌吉州人民医院,其他,疼痛科,副主任医师,,2.9,,颈椎病、腰椎间盘突出症，颈、肩、腰、膝、踝各关节疼痛及退行性骨关节病，脑血管意外和骨关节术后的康复训练,,,,,,,,
李惠荣,新疆,昌吉,昌吉州人民医院,其他,功能检查科,副主任医师,,2.8,,,,,,,,,,
赵奇瑛,新疆,昌吉,昌吉州人民医院,其他,临床心理科,主治医师,,3.0,,在全科医学基础上，诊治各类心身疾病，对焦虑障碍、抑郁障碍、强迫障碍、睡眠障碍、躯体形式障碍及严重精神障碍的诊治具有丰富的经验。,,,,,,,,
李振江,新疆,昌吉,昌吉州人民医院,其他,麻醉科,副主任医师,,2.9,,各种麻醉、心脏手术麻醉、急危重症患者麻醉,,,,,,,,
彭栋,新疆,昌吉,昌吉州人民医院,其他,介入科,副主任医师,,2.8,,,,,,,,,,
张剑,新疆,昌吉,昌吉州人民医院,其他,放疗科,副主任医师,,2.9,,影像诊断及放射治疗,,,,,,,,
张治龙,新疆,昌吉,新疆昌吉州中医院,中医,骨伤科,主治医师,,3.5,145,四肢创伤、骨关节疾病、运动损伤、小儿骨病及儿童四肢骨折的诊治。,"27,695次",0篇,145位,22位,23位,,,
赵永胜,新疆,昌吉,新疆昌吉州中医院,中医,骨伤科,副主任医师,讲师,3.4,162,骨与关节创伤；人工髋膝关节置换及翻修手术；截骨保膝、单髁置换（部分关节置换）；颈肩腰腿痛诊治；腰椎间盘突出症微创椎间孔镜手术；运动性损伤（关节镜），肩袖损失，前交叉韧带、髌骨脱位、半月板，游离体等；老年骨质疏松性椎体压缩骨折微创手术治疗；足踝专业（拇外翻），骨质疏松症评估指导治疗。,"62,752次",28篇,162位,92位,107位,,,
李发东,新疆,昌吉,新疆昌吉州中医院,中医,骨伤科,主治医师,,3.4,23,骨关节疾病，颈腰椎间盘突出等疾病的诊治，四肢创伤的诊治,"20,669次",0篇,23位,16位,16位,,,
孙鹤,新疆,昌吉,新疆昌吉州中医院,中医,骨伤科,主治医师,,3.4,3,创伤骨科、手足显微外科、骨感染外固定支架修复、肢体修复与重建。主要从事四肢创伤、骨折、断指（肢）再植、先天性手足畸形矫治、软组织缺损、骨感染皮瓣修复、外固支架外固定及与外伤有关的骨与软组织疾患的诊治与研究。,"2,432次",0篇,3位,1位,1位,,,
孟刚,新疆,昌吉,新疆昌吉州中医院,中医,骨伤科,主治医师,,3.3,2,运动医学，骨关节病,"8,792次",2篇,2位,0位,0位,,,
韩芳林,新疆,昌吉,新疆昌吉州中医院,中医,骨伤科,主治医师,,3.3,6,擅长颈椎病、腰椎间盘突出、腰椎管狭窄症等脊柱疾病；四肢创伤骨折、骨盆与髋臼骨折等疾病的诊治。,"3,189次",0篇,6位,5位,5位,,,
杨新成,新疆,昌吉,新疆昌吉州中医院,中医,骨伤科,主治医师,,3.3,,四肢创伤 骨关节疾病 运动医学,"7,750次",0篇,0位,0位,0位,,,
麻合木提,新疆,昌吉,新疆昌吉州中医院,中医,骨伤科,副主任医师,,3.3,1,颈肩腰腿痛 中医骨伤疾病,"6,834次",0篇,1位,1位,1位,,,
樊建新,新疆,昌吉,新疆昌吉州中医院,中医,骨伤科,副主任医师,,3.3,,创伤骨科，手外显微外科疾病的诊治,"2,545次",0篇,0位,0位,0位,,,
潘有龙,新疆,昌吉,新疆昌吉州中医院,中医,骨伤科,住院医师,,3.2,,脊柱侧弯、颈椎病、腰椎间盘突出等疾病的诊治,"2,451次",0篇,0位,0位,0位,,,
王晓乐,新疆,昌吉,新疆昌吉州中医院,中医,骨伤科,住院医师,,3.2,1,骨折，关节病，脊柱疾病的诊治,"2,723次",0篇,1位,0位,0位,,,
郭鑫,新疆,昌吉,新疆昌吉州中医院,中医,骨伤科,主治医师,讲师,3.2,12,四肢骨折、关节外科、运动医学。,"16,950次",1篇,12位,4位,6位,,,
张文莉,新疆,昌吉,新疆昌吉州中医院,中医,中医心内科,主治医师,,3.2,,高血压，急慢性心衰，冠心病，心律不齐，心肌病，高血脂等常见疾病的诊治,"6,970次",0篇,0位,0位,0位,,,
王冠峰,新疆,昌吉,新疆昌吉州中医院,中医,中医心内科,副主任医师,,3.1,1,冠心病、高血压等,"7,070次",0篇,1位,0位,0位,,,
安小莲,新疆,昌吉,新疆昌吉州中医院,中医,中医心内科,主治医师,,3.0,4,高血压、冠心病、心衰等,"11,793次",0篇,4位,2位,4位,,,
李卫萍,新疆,昌吉,新疆昌吉州中医院,中医,中医心内科,主治医师,,3.0,38,高血压、冠心病,"28,147次",9篇,38位,32位,35位,,,
张晓梅,新疆,昌吉,新疆昌吉州中医院,中医,中医心内科,住院医师,,3.0,,高血压、冠心病等,"8,178次",0篇,0位,0位,0位,,,
袁震,新疆,昌吉,新疆昌吉州中医院,中医,中医心内科,住院医师,,3.0,1,高血压、冠心病等,"13,445次",0篇,1位,0位,1位,,,
苏琦,新疆,昌吉,新疆昌吉州中医院,中医,中医心内科,住院医师,,3.0,52,高血压、冠心病等,"70,907次",0篇,52位,25位,38位,,,
者小娟,新疆,昌吉,新疆昌吉州中医院,中医,中医心内科,住院医师,,3.0,3,冠心病、冠心病、心衰、心血管疾病的诊治,"11,193次",0篇,3位,1位,1位,,,
杨云朋,新疆,昌吉,新疆昌吉州中医院,中医,中医心内科,住院医师,,3.0,,高血压、冠心病,"6,595次",0篇,0位,0位,0位,,,
张小可,新疆,昌吉,新疆昌吉州中医院,中医,皮肤科,主任医师,,3.3,16,银屑病，白癜风，痤疮，荨麻疹，湿疹，感染性皮肤病等常见多发皮肤病的中医诊治,,0篇,0位,0位,0位,,,
田赛婕,新疆,昌吉,新疆昌吉州中医院,中医,皮肤科,主治医师,,3.3,94,皮肤疾病 性病 皮肤外科,"4,961次",0篇,94位,25位,25位,,,
曹亮,新疆,昌吉,新疆昌吉州中医院,中医,皮肤科,副主任医师,,3.2,290,湿疹 皮炎 荨麻疹 痤疮 带状疱疹 银屑病 紫癜 瘙痒症 结节性痒疹 黄褐斑,"201,938次",0篇,290位,1位,1位,,,
杜樱洁,新疆,昌吉,新疆昌吉州中医院,中医,内分泌肾病科,主任医师,,3.2,,糖尿病，甲亢甲减等疾病的诊治,"5,823次",0篇,0位,0位,0位,,,
陈艳凤,新疆,昌吉,新疆昌吉州中医院,中医,内分泌肾病科,主治医师,,3.1,1,糖尿病、慢性肾脏病、强性脊柱炎,"8,415次",0篇,1位,0位,0位,,,
卞保平,新疆,昌吉,新疆昌吉州中医院,中医,内分泌肾病科,主治医师,,3.1,15,中医内科杂病 内分泌疾病 呼吸系统疾病 血液病 胃肠道疾病 肾病 甲状腺疾病 过敏性疾病 风湿骨病 虚劳疾病。,"16,438次",1篇,15位,7位,8位,,,
鲁彩霞,新疆,昌吉,新疆昌吉州中医院,中医,儿科,主任医师,,3.1,19,呼吸系统疾病、新生儿疾病,"10,533次",0篇,19位,7位,8位,,,
张惠娟,新疆,昌吉,新疆昌吉州中医院,中医,儿科,主治医师,,3.1,21,小儿常见呼吸系统疾病、消化系统疾病的中西医治疗。小儿抽动症及多动症的中医治疗。,"15,562次",0篇,21位,10位,12位,,,
范新庆,新疆,昌吉,新疆昌吉州中医院,中医,儿科,副主任医师,,3.1,17,儿科呼吸道疾病、消化道疾病,"11,366次",0篇,17位,15位,15位,,,
申志扬,新疆,昌吉,新疆昌吉州中医院,中医,呼吸科,主任医师,,3.2,,慢阻肺、肺炎、支气管哮喘、慢性咳嗽等呼吸内科疾病,"6,196次",0篇,0位,0位,0位,,,
严兴海,新疆,昌吉,新疆昌吉州中医院,中医,呼吸科,副主任医师,,3.2,12,内科、呼吸科疾病的中西医诊治,"25,009次",0篇,12位,0位,0位,,,
李军,新疆,昌吉,新疆昌吉州中医院,中医,针灸科,主任医师,,3.2,219,擅长中药结合针灸治疗失眠、神经系统疾病如中风偏瘫、面神经麻痹、面肌痉挛、偏头疼。更年期综合症、亚健康状态调理。,"112,364次",25篇,219位,131位,135位,,,
黄勇,新疆,昌吉,新疆昌吉州中医院,中医,针灸科,副主任医师,,3.2,2,风湿病,"3,010次",1篇,2位,0位,0位,,,
张丽琴,新疆,昌吉,新疆昌吉州中医院,中医,妇产科,副主任医师,,2.9,551,产前咨询，围产期保健，妊娠合并症及并发症的诊治，各种妇科炎症、妇产科常见病及多发病的诊治。,"110,833次",2篇,551位,0位,0位,,,
常尚揆,新疆,昌吉,新疆昌吉州中医院,中医,中医五官科,主任医师,,3.2,2,耳鼻咽喉疾病的诊断与治疗,"11,811次",0篇,2位,0位,0位,,,
王婴,新疆,昌吉,新疆昌吉州中医院,中医,肛肠科,主治医师,,3.1,,混合痔、肛瘘、肛裂、便秘、炎症性肠病,"4,435次",0篇,0位,0位,0位,,,
郭兴龙,新疆,昌吉,新疆昌吉州中医院,其他,疼痛科,主治医师,,2.9,2,急慢性头痛、颈肩腰腿痛、神经痛、癌痛的诊治等。,"2,633次",0篇,2位,0位,0位,,,
关云波,新疆,昌吉,新疆昌吉州中医院,其他,疼痛科,主治医师,,2.8,,,"2,313次",0篇,0位,0位,0位,,,
阿依古丽·若曼,新疆,昌吉,新疆昌吉州中医院,其他,疼痛科,主治医师,,2.8,,,"1,952次",0篇,0位,0位,0位,,,
尕丽娅,新疆,昌吉,新疆昌吉州中医院,其他,疼痛科,主治医师,,2.8,1,,"2,030次",0篇,1位,1位,1位,,,
赵泽,新疆,昌吉,新疆昌吉州中医院,其他,疼痛科,住院医师,,2.8,,,"1,963次",0篇,0位,0位,0位,,,
马艳,新疆,昌吉,新疆昌吉州中医院,其他,疼痛科,住院医师,,2.8,1,,"1,830次",0篇,1位,0位,0位,,,
陈其虎,新疆,昌吉,新疆昌吉州中医院,其他,麻醉科,副主任医师,,2.8,,常规临床麻醉,"7,023次",0篇,0位,0位,0位,,,
傅振英,新疆,昌吉,昌吉市人民医院,内科,心血管内科,主任医师,,2.5,,高血压病及其并发症治疗，冠心病，心力衰竭等心血管疾病诊治，尤其冠心病介入治疗。,,,,,,,,
高艳珍,新疆,昌吉,昌吉市人民医院,内科,心血管内科,副主任医师,,2.5,,高血压病及其并发症治疗，冠心病，心力衰竭等心血管疾病诊治,,,,,,,,
杨磊,新疆,昌吉,昌吉市人民医院,外科,普外科,副主任医师,,3.1,192,胃肠肿瘤、乳腺肿瘤、肛肠疾病、腹外疝，小儿疝微创,"86,062次",13篇,192位,105位,107位,2,105例,66例
李则亲,新疆,昌吉,昌吉市人民医院,外科,普外科,主任医师,,2.8,,胃肠肿瘤、乳腺肿瘤、肛肠疾病、甲状腺疾病，小儿外科常见病的诊治,"6,200次",0篇,0位,0位,0位,,,
陈江,新疆,昌吉,昌吉市人民医院,外科,普外科,住院医师,,2.6,,普外科常见疾病的诊治，如胃肠道肿瘤，甲状腺，乳腺肿瘤，疝气，胆石症等,"5,743次",0篇,0位,0位,0位,,,
赵东,新疆,昌吉,昌吉市人民医院,外科,普外科,住院医师,,2.5,,疝！阑尾！痔疮！胃肠肿瘤！乳腺肿瘤！甲状腺肿瘤！胸科疾病！（肿瘤、普外、胸外）,"7,942次",0篇,0位,0位,0位,,,
王维哲,新疆,昌吉,昌吉市人民医院,外科,神经外科,主任医师,,2.5,,脑外伤、脑肿瘤、脑血管疾病以及脊髓肿瘤的显微外科手术治疗,,,,,,,,
陶国良,新疆,昌吉,昌吉市人民医院,外科,神经外科,副主任医师,,2.5,,脑卒中保守、手术及介入治疗、全脑血管造影技术、脊髓疾病，周围神经病，癫痫，运动障碍性疾病，头痛，头晕，中枢神经系统感染，认知障碍等疾病。,,,,,,,,
蒋治乾,新疆,昌吉,昌吉市人民医院,外科,神经外科,住院医师,,2.5,,神经内科常见脑血管疾病、神经系统疾病，如头晕，眩晕，头痛，脑梗死，脑出血，面瘫，肢体麻木的诊断及治疗等,,,,,,,,
巩建胜,新疆,昌吉,昌吉市人民医院,外科,神经外科,住院医师,,2.5,,神经内科常见脑血管疾病、神经系统疾病，如头晕，眩晕，头痛，脑梗死，脑出血，面瘫的诊断及治疗等,,,,,,,,
华德良,新疆,昌吉,昌吉市人民医院,外科,骨科,主任医师,,2.5,,骨科疾病诊治，腰椎间盘突出微创治疗、人工关节置换、关节镜下治疗、各类骨折治疗等,,,,,,,,
陈波,新疆,昌吉,昌吉市人民医院,妇儿,儿科,副主任医师,,2.8,268,儿科内分泌疾病及儿科，新生儿常见病的诊治,"30,139次",0篇,268位,0位,0位,,,
吕红霞,新疆,昌吉,昌吉市人民医院,妇儿,儿科,主任医师,,2.5,,新生儿及儿科多发病、常见病，尤其儿童肾病、免疫系统疑难杂症,,,,,,,,
殷广文,新疆,昌吉,昌吉市人民医院,妇儿,儿科,主任医师,,2.5,,儿童呼吸道、消化道等疾病的诊治,,,,,,,,
王红燕,新疆,昌吉,昌吉市人民医院,妇儿,儿科,主治医师,,2.5,,新生儿及儿科多发病、常见病，尤其新生儿疾病的诊治,,,,,,,,
叶艳霞,新疆,昌吉,昌吉市人民医院,妇儿,儿科,主治医师,,2.5,,新生儿及儿科多发病、常见病，尤其儿童发热性疾病的诊治,,,,,,,,
王晗,新疆,昌吉,昌吉市人民医院,妇儿,儿科,住院医师,,2.4,,新生儿及儿科多发病、常见病,,,,,,,,
王丽钏,新疆,昌吉,昌吉市人民医院,妇儿,儿科,住院医师,,2.4,,新生儿及儿科多发病、常见病的诊治,,,,,,,,
王淑芬,新疆,昌吉,昌吉市人民医院,妇儿,妇科,主任医师,,3.5,1879,妇科内分泌疾病，宫颈疾病，妊娠相关疾病、子宫肌瘤、子宫腺肌症等妇科常见病多发病,"158,760次",12篇,1879位,439位,454位,3,452例,393例
郎晋级,新疆,昌吉,昌吉市人民医院,其他,针灸科,副主任医师,,2.8,,腰椎间盘突出，颈椎病，肩周炎，膝关节病的治疗，中医推拿整脊治疗脊柱源性颈腰痛，利用小针刀，神经阻滞等方法治疗颈、肩、腰、腿痛和软组织损伤等。,,,,,,,,
于秀萍,新疆,昌吉,昌吉市人民医院,其他,针灸科,副主任医师,,2.8,,利用神经阻滞、平衡针、小针刀、关节腔注射等技术治疗颈、肩、腰腿痛及各种软组织的损伤性疾病，利用微创穴位埋线技术治疗肥胖、慢性胃炎、慢性胆囊炎、便秘的疾病,,,,,,,,
吴崇江,新疆,昌吉,昌吉市人民医院,其他,针灸科,主治医师,,2.7,,中医内科，妇科，儿科各种常见病及疑难病治疗，咳喘，失眠，胃肠病，心血管病，风湿病，不孕证，月经不调，过敏性鼻炎，痤疮等病的诊治,,,,,,,,
曹冬,新疆,昌吉,昌吉市人民医院,其他,针灸科,主治医师,,2.7,,运用传统针灸、小针刀、浮针技术、埋针技术治疗颈肩腰腿疼痛、软组织损伤、面瘫、失眠等疾病，运用微创穴位埋线技术治疗慢性鼻炎、慢性胃肠功能不良、慢性胆囊炎、慢性胃炎、便秘、肥胖等疾病。,,,,,,,,
刘珈利,新疆,昌吉,昌吉市人民医院,其他,针灸科,住院医师,,2.7,,运用传统针灸、浮针、小针刀治疗腰椎间盘突出、颈椎病、肩周炎、膝关节病、类风湿性关节炎等疾病，耳鸣、面瘫、带状疱疹后遗神经痛的诊治,,,,,,,,
盘晓芳,新疆,昌吉,昌吉市人民医院,其他,针灸科,住院医师,,2.7,,中医药治疗脑血管内科疾病，尤其是对急性脑梗死，中风后遗症，帕金森病，面瘫等的诊治，中医针灸科的常见病，腰椎间盘突出，颈椎病，肩周炎，膝关节病等多发病的诊治,,,,,,,,
韩俊涛,新疆,昌吉,昌吉市人民医院,其他,针灸科,住院医师,,2.7,,针药并用治疗中医针灸科常见内科疾病、脑卒中后遗症、偏瘫、过敏性鼻炎、颈肩腰腿痛性疾病等。,,,,,,,,
韩璇雪,新疆,昌吉,昌吉市人民医院,其他,针灸科,住院医师,,2.7,,运用中医药技术治疗心血管内科疾病、颈肩腰腿痛性疾病、以及其他中医针灸科常见病、多发病,,,,,,,,
肖军,新疆,昌吉,昌吉市人民医院,其他,耳鼻喉科,主治医师,,3.7,3581,过敏性鼻炎及并发症的诊治，腺样体肥大扁桃体肥大等离子手术，常规开展鼻中隔偏曲矫正、鼻窦炎、鼻息肉等手术。,"1,621,473次",139篇,3581位,2821位,2993位,3,2880例,2462例
张萍,新疆,昌吉,昌吉市人民医院,其他,耳鼻喉科,副主任医师,,2.9,3,"过敏性鼻炎的手术治疗。鼻内镜下鼻息肉切除术，鼻窦开放术。
等离子腺样体肥大切除术
等离子扁桃体肥大切除术，
小儿打鼾。
耳内镜下鼓膜修补术，
胆脂瘤切除术。
会厌囊肿，声带息肉。
耳石症复位，
眩晕，耳鸣的治疗。
针刺蝶腭神经节治疗耳鸣、过敏性鼻炎、干燥性鼻炎。","16,540次",28篇,3位,0位,0位,,,
刘新年,新疆,昌吉,昌吉市人民医院,其他,耳鼻喉科,主任医师,,2.7,,鼻内窥镜下鼻息肉摘除术、全组鼻窦开放术，上颌窦囊肿、筛窦骨瘤摘除术、鼻中隔偏曲矫正术、乳突根治术、腭咽成形术、支撑喉镜下会厌囊肿、声带息肉及血管瘤摘除术、面部肿物切除及皮肤缺损皮瓣转瓣修复、周围面神经解剖腮腺全叶切除及腮腺混合瘤摘除、上下颌骨囊肿摘除、上下颌骨骨折切开复位钛板内固定术、青光眼小梁切除术、白内障囊外摘除人工晶体植入术,,,,,,,,
董承强,新疆,昌吉,昌吉市人民医院,其他,耳鼻喉科,副主任医师,,2.6,,白内障，青光眼，眼底病的诊治,,,,,,,,
胡新飞,新疆,昌吉,昌吉市人民医院,其他,耳鼻喉科,副主任医师,,2.6,,眼科常见病和多发病的诊治,,,,,,,,
丁新国,新疆,昌吉,昌吉市人民医院,其他,耳鼻喉科,副主任医师,,2.6,,耳鼻喉的常见病和多发病的治疗（鼻息肉，鼻腔肿瘤，声带息肉等）,,,,,,,,
徐倩,新疆,昌吉,昌吉市人民医院,其他,耳鼻喉科,住院医师,,2.5,,鼻出血、咽炎、中耳炎、鼻炎等病情的诊治。,,,,,,,,
马芬贤,新疆,昌吉,昌吉市人民医院,其他,病理科,主任医师,,2.6,,呼吸，妇科，外科常见病及部分疑难疾病的病理诊断,,,,,,,,
吕玉红,新疆,昌吉,昌吉市人民医院,其他,病理科,主治医师,,2.5,,妇科、消化系统、呼吸系统等常见病的诊断。,,,,,,,,
马雪梅,新疆,昌吉,昌吉市人民医院,其他,皮肤科,主任医师,,3.0,,皮炎和湿疹，红斑鳞屑性皮肤病，病毒性皮肤病，皮肤附属器疾病，真菌性皮肤病，血管性皮肤病的诊治,,,,,,,,
邓燕,新疆,昌吉,昌吉市人民医院,其他,皮肤科,住院医师,,2.8,,"湿疹, 各种皮炎；带状疱疹、单纯疱疹；痤疮、毛囊炎、脓疱疮；红斑鳞屑性疾病，如银屑病、玫瑰糠疹；体癣、股癣、手足癣的诊治",,,,,,,,
吕建飞,新疆,昌吉,昌吉市人民医院,其他,重症医学科,副主任医师,,2.5,,联合伤，危重症病人的监护及治疗,"9,286次",0篇,0位,0位,0位,,,
马大鹏,新疆,昌吉,昌吉市人民医院,其他,重症医学科,主治医师,,2.5,,心肺脑复苏、各类重度中毒、ARDS与重症肺炎的机械通气与治疗、重症感染的诊断与治疗、各类休克、多脏器功能衰竭等危重症的救治。,,,,,,,,
白贺霞,新疆,昌吉,昌吉市人民医院,其他,中医科,副主任医师,,2.9,570,本人擅长用中药治疗消化系统、心血管系统、呼吸系统、妇科疾病，擅长颈椎病、腰椎间盘突出、肩周炎、急性腰扭伤、面瘫风疾病的针灸治疗。,"54,446次",1篇,570位,5位,5位,,,
岳珍,新疆,昌吉,昌吉市人民医院,其他,麻醉科,主治医师,,2.6,,临床麻醉,"5,634次",0篇,0位,0位,0位,,,
王芙蓉,新疆,昌吉,玛纳斯县人民医院,内科,内一科（心血管内科）,主任医师,,2.8,278,高血压，急慢性心衰，冠心病，心律失常，心肌病，高血脂等内科常见疾病的诊治,"43,537次",0篇,278位,269位,273位,,,
祖热古丽·夏来西丁,新疆,昌吉,玛纳斯县人民医院,内科,内一科（心血管内科）,副主任医师,,2.7,7,高血压，急慢性心衰，冠心病，心律失常，心肌病，高血脂等内科常见疾病的诊治,"8,796次",0篇,7位,5位,5位,,,
吕翠霞,新疆,昌吉,玛纳斯县人民医院,内科,内一科（心血管内科）,副主任医师,,2.7,9,高血压，急慢性心衰，冠心病，心律失常，心肌病，高血脂等内科常见疾病的诊治,"10,364次",0篇,9位,8位,8位,,,
朱靖双,新疆,昌吉,玛纳斯县人民医院,内科,内一科（心血管内科）,主治医师,,2.7,37,高血压，急慢性心衰，冠心病，心律失常，心肌病，高血脂等内科常见疾病的诊治,"12,161次",0篇,37位,34位,34位,,,
苗迎春,新疆,昌吉,玛纳斯县人民医院,内科,内一科（心血管内科）,主治医师,,2.7,158,高血压，急慢性心衰，冠心病，心律失常，心肌病，高血脂等内科常见疾病的诊治,"30,641次",0篇,158位,155位,158位,,,
杜昕,新疆,昌吉,玛纳斯县人民医院,内科,内一科（心血管内科）,主治医师,,2.7,,高血压，急慢性心衰，冠心病，心律失常，心肌病，急性心肌梗塞，高血脂等内科常见疾病的诊治,"4,877次",0篇,0位,0位,0位,,,
郭晓华,新疆,昌吉,玛纳斯县人民医院,内科,急诊科,副主任医师,,2.6,,急危重症抢救及院前急救的诊断及治疗、各类中毒，胸痛，脑卒中，各类创伤等疾病。,,,,,,,,
耿小玉,新疆,昌吉,玛纳斯县人民医院,内科,急诊科,住院医师,,2.5,,急危重症抢救及院前急救的诊断及治疗、各类中毒，胸痛，脑卒中，各类创伤等疾病的诊治,,,,,,,,
闫东,新疆,昌吉,玛纳斯县人民医院,内科,急诊科,住院医师,,2.5,,急危重症抢救及院前急救的诊断及治疗，以及心血管呼吸内科疾病，各类创伤等疾病。,,,,,,,,
杨建明,新疆,昌吉,玛纳斯县人民医院,内科,急诊科,住院医师,,2.4,,"对各种休克,呼吸衰竭，胸痛，卒中等常见疾病有一定的临床经验，擅长于气管插管，机械通气对危重患者的治疗。",,,,,,,,
王丽娟,新疆,昌吉,玛纳斯县人民医院,内科,普通内科,主治医师,,2.7,,普通内科常见疾病的诊治，以及老年疾病的诊治等,,0篇,0位,0位,0位,,,
妥建国,新疆,昌吉,玛纳斯县人民医院,内科,普通内科,主任医师,,2.6,,"中西医结合诊治内、外科常见病多发病,主攻方向颈、肩、腰、腿痛及康复。",,,,,,,,
坎吉·吾甫尔,新疆,昌吉,玛纳斯县人民医院,内科,普通内科,副主任医师,,2.5,18,普通内科常见疾病的诊治，如高血压，高血脂，冠心病，糖尿病等,,0篇,0位,0位,0位,,,
吉春丽,新疆,昌吉,玛纳斯县人民医院,内科,内二科（呼吸神经内科）,副主任医师,,2.9,,急性脑血管病、慢性阻塞性肺疾病、支气管哮喘的处置 。,,,,,,,,
黄丽,新疆,昌吉,玛纳斯县人民医院,内科,内二科（呼吸神经内科）,主治医师,,2.8,,呼吸及神经病学常见病、多发病的诊治、治疗 。,,,,,,,,
雷艳,新疆,昌吉,玛纳斯县人民医院,内科,消化内分泌科,副主任医师,,2.6,,消化系统疾病，内分泌系统疾病、老年病的诊治，最擅长的是糖尿病和妊娠期甲减和甲亢的诊治。,,,,,,,,
张维燕,新疆,昌吉,玛纳斯县人民医院,内科,消化内分泌科,副主任医师,,2.6,,擅长代谢性疾病（糖尿病）、内分泌系统疾病，心血管疾病、消化系统疾病及危重症的诊治。,,,,,,,,
陈朝蓉,新疆,昌吉,玛纳斯县人民医院,内科,感染内科,主治医师,,2.7,,,,,,,,,,
邓卫东,新疆,昌吉,玛纳斯县人民医院,外科,骨科,主任医师,,2.8,,四肢复杂骨折，关节外科，骨病及烧烫伤的治疗。,,,,,,,,
王天强,新疆,昌吉,玛纳斯县人民医院,外科,骨科,主任医师,,2.7,,对创伤外科，骨与关节损伤、骨科常见病、脊柱，脑外科、烧伤诊断及治疗。,,,,,,,,
闫晓东,新疆,昌吉,玛纳斯县人民医院,外科,骨科,主治医师,,2.5,,创伤骨科,"7,884次",0篇,0位,0位,0位,,,
谢鑫,新疆,昌吉,玛纳斯县人民医院,外科,外科,主任医师,,2.8,,对腹腔镜微创外科，乳腺、甲状腺及肠道肿瘤方面取得较好的发展。,,,,,,,,
郭宏,新疆,昌吉,玛纳斯县人民医院,外科,外科,主任医师,,2.7,,普外科、泌尿外科甲状腺、乳腺等疾病的诊治和微创手术治疗,,,,,,,,
祁晓芳,新疆,昌吉,玛纳斯县人民医院,妇儿,妇产科,主任医师,,2.8,,产科常规、疑难病诊疗及手术工作。,,,,,,,,
张明珍,新疆,昌吉,玛纳斯县人民医院,妇儿,妇产科,主任医师,,2.7,,对妇产科疾病的诊断、治疗有丰富的经验，掌握多种妇产科手术。,,,,,,,,
李睿,新疆,昌吉,玛纳斯县人民医院,妇儿,妇产科,主任医师,,2.7,,妇科常见病、多发病的诊治。,,,,,,,,
余惠珍,新疆,昌吉,玛纳斯县人民医院,妇儿,妇产科,主任医师,,2.7,,妇产科常见病和多发病的诊治。,,,,,,,,
王海燕,新疆,昌吉,玛纳斯县人民医院,妇儿,妇产科,副主任医师,,2.7,,产科常规、合并症、并发症的诊疗及处理，对产科急危重症的识别及诊断具有丰富的临床经验。,,,,,,,,
魏芸,新疆,昌吉,玛纳斯县人民医院,妇儿,妇产科,主治医师,,2.6,,产科常见病及多发病的治疗，高危孕产妇的管理，产后盆地康复治疗。,,,,,,,,
常红,新疆,昌吉,玛纳斯县人民医院,妇儿,儿科,主任医师,,2.7,,新生儿疾病及小儿呼吸、消化系统疾病。,,,,,,,,
何新梅,新疆,昌吉,玛纳斯县人民医院,妇儿,儿科,主治医师,,2.7,,对小儿反复呼吸道感染，小儿支气管炎、肺炎、过敏性咳嗽、过敏性紫癜，腹泻病，心肌炎、中枢神经系究感染感、高热惊厥诊断及治疗等。以及儿重行为性疾病及心理辅导等有丰富经验。,,,,,,,,
于萍,新疆,昌吉,玛纳斯县人民医院,其他,口腔科,主治医师,,2.7,,牙髓病，根尖周病，儿童各类疾病及青少年错颌畸形的诊治及治疗。,,,,,,,,
蔡仪,新疆,昌吉,玛纳斯县人民医院,其他,口腔科,住院医师,,2.6,,口腔颌面外科手术，颌面部肿瘤切除术，各类阻生牙，复杂牙拔除，及颌面部各类感染的应急处理，牙体缺损，牙体缺失的修复治疗。,,,,,,,,
代勇哲,新疆,昌吉,玛纳斯县人民医院,其他,口腔科,住院医师,,2.6,,牙髓病、根尖周病、儿童口腔常见疾病的诊断与治疗。,,,,,,,,
钱静,新疆,昌吉,玛纳斯县人民医院,其他,眼耳鼻咽喉科,主任医师,,2.8,,各种眼科、耳鼻喉科常见病的诊治。,,,,,,,,
褚剑峰,新疆,昌吉,玛纳斯县人民医院,其他,眼耳鼻咽喉科,主治医师,,2.7,,鼻内镜鼻窦开放术、支撑喉镜下声带手术及小儿扁桃体腺样体手术、眼科外眼手术等疾病诊疗。,,,,,,,,
于惠淑,新疆,昌吉,玛纳斯县人民医院,其他,重症医学科,副主任医师,,2.7,,中心静脉穿刺置管、胸腹腔闭式引流、机械通气和支气管镜检查等常规操作；擅长:对重症休克、重症感染、心力衰竭，呼吸衰竭，多器官功能衰竭，老年危重病及围手术期危重病人的救治有很丰富的临床经验。,,,,,,,,
杨康,新疆,昌吉,玛纳斯县人民医院,其他,皮肤科,住院医师,,2.9,,皮肤科常见病、多发病如:带状疱疹、过敏性皮炎、荨麻疹，湿疹、银屑病等。并能熟练运用CO2激光、微波、液氮皮肤科常规治疗手段。,,,,,,,,
张钦霞,新疆,昌吉,玛纳斯县人民医院,其他,睡眠心理咨询科,主任医师,,2.9,,呼吸、神经内科、心血管及老年科常见病的诊治。,,,,,,,,
张步州,新疆,昌吉,新疆医科大学一附院昌吉分院,内科,急诊医学科,副主任医师,,2.7,,普外科常见疾病的诊治，急腹症，急危重症患者的救治,"6,556次",0篇,0位,0位,0位,,,
侯建兵,新疆,昌吉,新疆医科大学一附院昌吉分院,内科,急诊医学科,住院医师,,2.6,10,急诊内科疾病,"8,645次",0篇,10位,1位,2位,,,
孙根辉,新疆,昌吉,新疆医科大学一附院昌吉分院,内科,高压氧治疗科,主任医师,,2.8,,呼吸系统疾病、消化系统疾病、高压氧治疗,"6,171次",0篇,0位,0位,0位,,,
李新伟,新疆,昌吉,新疆医科大学一附院昌吉分院,内科,心血管内科,副主任医师,,2.6,2,冠心病，高血压，心衰的诊治,"3,478次",0篇,2位,0位,0位,,,
陈建伟,新疆,昌吉,新疆医科大学一附院昌吉分院,内科,消化内科,副主任医师,,2.7,1,胃肠道肿瘤，胃炎，胃溃疡，十二指肠溃疡，肠炎，反流性食管炎等疾病的诊治，以及内镜下活检，治疗等,"6,967次",0篇,1位,1位,1位,,,
王翀,新疆,昌吉,新疆医科大学一附院昌吉分院,外科,骨科,主任医师,副教授,3.4,1576,颈、腰椎间盘突出症，腰椎管狭窄症，腰椎滑脱的微创治疗(椎间孔镜),"502,889次",5篇,1576位,685位,690位,1,705例,468例
孙学斌,新疆,昌吉,新疆医科大学一附院昌吉分院,外科,骨科,主任医师,副教授,3.2,51,运动损伤、骨关节疾病，肩肘膝踝髋各类肌腱韧带骨折损伤的诊治,"12,563次",0篇,51位,0位,0位,,,
杜亮,新疆,昌吉,新疆医科大学一附院昌吉分院,外科,骨科,主治医师,,2.7,,运动医学损伤关节镜下诊治，髋膝关节置换的诊疗。,"2,255次",0篇,0位,0位,0位,,,
轩春岭,新疆,昌吉,新疆医科大学一附院昌吉分院,外科,骨科,主治医师,,2.6,2,四肢与关节创伤、关节骨病等骨科常见疾病的诊治和精准手术,"3,332次",0篇,2位,0位,0位,,,
马木提江·阿巴拜克热,新疆,昌吉,新疆医科大学一附院昌吉分院,外科,肛肠科,主任医师,教授,3.0,7,各类型便秘、内痔、外痔、混合痔、肛裂、肛乳头状瘤、肛周尖锐湿疣、高位复杂性肛瘘的治疗,"6,271次",0篇,7位,0位,0位,,,
张媛,新疆,昌吉,新疆医科大学一附院昌吉分院,外科,肛肠科,主治医师,,2.7,168,肛周常见疾病如混合痔，肛裂，肛周尖锐湿疣，肛瘘，肛周脓肿，以及便秘内外科，中西医诊治,"33,423次",10篇,168位,127位,135位,,,
杨武明,新疆,昌吉,新疆医科大学一附院昌吉分院,外科,肛肠科,住院医师,,2.6,,肛周常见疾病诊治,21次,0篇,0位,0位,0位,,,
帕丽旦·热吉甫,新疆,昌吉,新疆医科大学一附院昌吉分院,外科,肛肠科,住院医师,,2.4,,,100次,0篇,0位,0位,0位,,,
戴晶,新疆,昌吉,新疆医科大学一附院昌吉分院,外科,神经医学科,副主任医师,讲师,2.8,53,脑血管病的手术及介入治疗。多年潜心研究立体定向微创技术在脑血管病治疗中的应用。在颅脑创伤、自发性脑出血、急危重症患者的抢救及治疗方面积累了丰富的临床经验。独立开展的“显微颈动脉内膜剥脱术”、“颅外内动脉搭桥术”填补了新疆兵团神经外科的空白。,"39,698次",14篇,53位,16位,17位,,,
赵志勇,新疆,昌吉,新疆医科大学一附院昌吉分院,妇儿,儿科,副主任医师,,2.7,4,儿科常见病的诊治，如呼吸道感染，胃肠道感染等,"7,966次",0篇,4位,4位,4位,,,
宋雷,新疆,昌吉,新疆医科大学一附院昌吉分院,妇儿,儿科,主任医师,,2.7,19,呼吸系统疾病,"12,544次",1篇,19位,17位,17位,,,
米靖,新疆,昌吉,新疆医科大学一附院昌吉分院,妇儿,妇科,主治医师,,2.6,,妇科常见病,"8,453次",0篇,0位,0位,0位,,,
冯娟,新疆,昌吉,新疆医科大学一附院昌吉分院,其他,耳鼻咽喉科,主任医师,副教授,4.2,1520,"1 擅长耳鼻咽喉头颈外科临床常见病、多发病及急诊的诊断及治疗。
2 擅长功能性鼻内镜手术，熟练开展鼻出血、鼻窦炎、鼻息肉、鼻中隔偏曲、慢性鼻炎、鼻腔鼻窦肿瘤相关鼻内镜手术，鼻腔泪囊吻合术。
3 擅长阻塞性睡眠呼吸暂停低通气综合症手术，扁桃体腺样体低温等离子手术，支撑喉镜下声带息肉、声带小结、声带囊肿切除及CO2激光喉部良、恶性肿瘤切除术。
4 擅长耳内镜下及显微镜下鼓膜修补术、鼓室成型术、乳突根治术、听骨链重建、外中耳的良恶性肿瘤切除。
5 擅长重度感音神经性耳聋患者电子耳蜗植入手术。
6耳廓畸形的矫正，小耳畸形听力重建，骨桥植入手术。","178,729次",43篇,1520位,1100位,1142位,3,1142例,677例
王咏峰,新疆,昌吉,新疆医科大学一附院昌吉分院,其他,耳鼻咽喉科,主任医师,,2.6,231,耳鼻咽喉科类，在耳聋、耳鸣、眩晕等疑难性疾病有丰富的临床经验。,"120,785次",16篇,231位,187位,190位,,,
吴忠洲,新疆,昌吉,新疆医科大学一附院昌吉分院,其他,耳鼻咽喉科,主治医师,,2.6,2,耳鼻咽喉科常见病，疑难病的诊疗。,11次,0篇,2位,0位,0位,,,
李猛,新疆,昌吉,新疆医科大学一附院昌吉分院,其他,耳鼻咽喉科,住院医师,,2.5,,耳鼻喉科常见疾病等,"2,879次",0篇,0位,0位,0位,,,
易湘龙,新疆,昌吉,新疆医科大学一附院昌吉分院,其他,眼科,主任医师,教授,3.4,206,近视的手术矫正（全飞秒及ICL），白内障，眼底疾病，角膜病及角膜移植等。,"76,596次",1篇,206位,3位,3位,,,
骆晓琴,新疆,昌吉,新疆医科大学一附院昌吉分院,其他,眼科,副主任医师,,2.9,,白内障手术,"2,062次",0篇,0位,0位,0位,,,
李宏,新疆,昌吉,新疆医科大学一附院昌吉分院,其他,眼科,副主任医师,,2.8,551,眼表疾病（结膜炎，角膜炎，翼状胬肉）白内障，青光眼，屈光不正，美容疾病（双眼皮，眼袋，提眉等手术），鼻炎，中耳炎，咽炎诊治,"182,780次",8篇,551位,361位,389位,,,
高梦,新疆,昌吉,新疆医科大学一附院昌吉分院,其他,眼科,住院医师,,2.6,22,,"1,431次",0篇,22位,0位,0位,,,
魏媛,新疆,昌吉,新疆医科大学一附院昌吉分院,其他,肿瘤科,主治医师,,2.5,2,,"2,336次",0篇,2位,1位,1位,,,
孟娟娟,新疆,昌吉,新疆医科大学一附院昌吉分院,其他,肿瘤科,住院医师,,2.4,,,928次,0篇,0位,0位,0位,,,
乔星,新疆,昌吉,新疆医科大学一附院昌吉分院,其他,美容整形科,主任医师,副教授,3.8,966,微创仿真双眼皮、全切动态仿真双眼皮、眼周年轻化，面部年轻化、鼻整形，乳房整形，注射美容等,"303,738次",39篇,966位,268位,274位,1,276例,208例
王德辉,新疆,昌吉,新疆医科大学一附院昌吉分院,其他,针灸科,副主任医师,,2.8,39,擅长针灸、推拿、小针刀、神经阻滞，在颈肩腰腿痛、风湿免疫类疾病诊疗方面有非常丰富的临床经验和理论功底。,"341,165次",23篇,39位,4位,4位,,,
邹振宇,新疆,昌吉,新疆医科大学一附院昌吉分院,其他,医学影像科,主任医师,,2.7,2,腰椎间盘突出，腰椎间盘膨出，神经根旁气体，小关节滑膜囊肿，腰椎间盘术后复发，CT导引经皮介入药物椎间盘修补术，椎体压缩性骨折、椎体转移性肿瘤、椎体血管瘤、椎体骨质疏松、椎体结核CT+C臂联合导引经皮椎体成型术（pvp）；肝肾囊肿介入治疗；食道支架置入；恶性胸水介入治疗；医学影像诊断（x线、CT、MR）,"108,240次",11篇,2位,0位,0位,,,
高艺真,新疆,昌吉,新疆医科大学一附院昌吉分院,其他,中医科,副主任医师,,2.8,7,中医治疗内科常见病，多发病以及疑难杂症等，中医妇科疑难杂症，免疫力低下，过敏性鼻炎，慢性咽炎等,"15,594次",0篇,7位,1位,1位,,,
张亚杰,新疆,昌吉,新疆医科大学一附院昌吉分院,其他,重症监护室,住院医师,,2.4,,心内、呼吸内科的疾病,"9,198次",0篇,0位,0位,0位,,,
宫弋斐,新疆,昌吉,阜康市人民医院,内科,普通内科,主任医师,,2.5,,呼吸、消化、内分泌及代谢性疾病的诊治。,,,,,,,,
陈利萍,新疆,昌吉,阜康市人民医院,内科,普通内科,副主任医师,,2.5,,糖尿病、甲亢等代谢性疾病以及呼吸、消化系统疾病的诊治。,,,,,,,,
于晓燕,新疆,昌吉,阜康市人民医院,内科,普通内科,副主任医师,,2.5,,心脑血管、消化、呼吸系统疾病的诊治治疗。,,,,,,,,
张品文,新疆,昌吉,阜康市人民医院,内科,普通内科,副主任医师,,2.5,,呼吸、消化、内分泌及代谢性疾病的诊治。,,,,,,,,
韩忠伟,新疆,昌吉,阜康市人民医院,内科,普通内科,副主任医师,,2.5,,消化、内分泌、呼吸系统疾病的诊断治疗。,,,,,,,,
王建芸,新疆,昌吉,阜康市人民医院,内科,普通内科,副主任医师,,2.5,,心脑血管疾病、呼吸系统疾病诊断治疗。,,,,,,,,
赵福元,新疆,昌吉,阜康市人民医院,内科,神经内科,主任医师,,2.5,,危重病的抢救、各种中毒急救神经系统疾病的诊治。,,,,,,,,
买然别克,新疆,昌吉,阜康市人民医院,内科,神经内科,副主任医师,,2.5,,脑梗塞、脑出血及心血管疾病诊治。,,,,,,,,
夏小伟,新疆,昌吉,阜康市人民医院,内科,神经内科,主治医师,,2.5,,,,,,,,,,
王志萍,新疆,昌吉,阜康市人民医院,内科,心血管内科,副主任医师,,2.5,,心脑血管疾病的诊断治疗,,,,,,,,
白光亮,新疆,昌吉,阜康市人民医院,外科,普外科,主任医师,教授,3.0,58,肝胆胰胃肠疾病、静脉曲张，腹股沟斜疝，泌尿系疾病，甲状腺，乳腺疾病……,"65,983次",0篇,58位,5位,5位,,,
朱大泉,新疆,昌吉,阜康市人民医院,外科,普外科,主任医师,,2.5,,腹部、泌尿、烧伤外科的治疗，开展腹腔镜及前列腺电切手术治疗。,,,,,,,,
田兴文,新疆,昌吉,阜康市人民医院,外科,普外科,主任医师,,2.5,,普外及肿瘤科的各种常见疾病和疑难病症的诊治。,,,,,,,,
于戈,新疆,昌吉,阜康市人民医院,外科,普外科,副主任医师,,2.5,,重型颅脑损伤、胸部损伤救治及脑部肿瘤、脑积水、脑出血的手术治疗。,,,,,,,,
沙尔江,新疆,昌吉,阜康市人民医院,外科,普外科,副主任医师,,2.5,,肝、胆、血管外科疾病的诊断治疗。,,,,,,,,
刘鲲,新疆,昌吉,阜康市人民医院,外科,骨科,副主任医师,,2.5,,各种骨折的治疗，以及各种骨病、骨肿瘤及脊柱疾病的治疗吗。,,,,,,,,
马军,新疆,昌吉,阜康市人民医院,外科,神经外科,副主任医师,,2.5,,各型颅脑损伤、脑积水、脑肿瘤、脑出血、胸部损伤的救治和手术治疗。,,,,,,,,
范虹,新疆,昌吉,阜康市人民医院,妇儿,妇产科,主任医师,,2.5,,产科为重病人的抢救及妊娠合并疾病、妇科各种疾病的诊治。,,,,,,,,
宋晓燕,新疆,昌吉,阜康市人民医院,妇儿,妇产科,副主任医师,,2.5,,妇幼保健、儿童保健。,,,,,,,,
沈霞,新疆,昌吉,阜康市人民医院,妇儿,妇产科,副主任医师,,2.5,,妇、产科及计划生育手术操作，妇产科各种疾病的诊断治疗。,,,,,,,,
刘丽英,新疆,昌吉,阜康市人民医院,妇儿,妇产科,副主任医师,,2.5,,妇科各种疾病的诊断及产科危重病人的抢救，开展腔镜及阴式微创手术。,,,,,,,,
钱秋兰,新疆,昌吉,阜康市人民医院,妇儿,妇产科,副主任医师,,2.5,,妇、产科及计划生育手术操作。妇产科各种疾病的诊断治疗。,,,,,,,,
翟雪玲,新疆,昌吉,阜康市人民医院,妇儿,儿科,副主任医师,,2.5,,小儿急救、疑难危重、新生儿疾病的诊治。,,,,,,,,
肖卫东,新疆,昌吉,阜康市人民医院,妇儿,儿科,副主任医师,,2.5,,小儿呼吸、消化、疑难危重的诊治。,,,,,,,,
孔巴斯,新疆,昌吉,阜康市人民医院,妇儿,儿科,副主任医师,,2.5,,儿科呼吸道、消化道疾病的诊断治疗。,,,,,,,,
刘丽,新疆,昌吉,阜康市人民医院,其他,口腔科,副主任医师,,2.5,,牙体、牙髓常见病的诊治，牙列缺损、活动义齿、固定义齿、全口义齿修复设计制作。,,,,,,,,
张新英,新疆,昌吉,阜康市人民医院,其他,麻醉科,副主任医师,,2.5,,各种疑难复杂的麻醉、急救复苏。,,,,,,,,
王玲,新疆,昌吉,奇台县人民医院,内科,心血管内科,副主任医师,,2.7,,高血压，急慢性心衰，冠心病，心律失常，心肌病，高血脂等内科常见疾病的诊治,"5,730次",0篇,0位,0位,0位,,,
苏巧红,新疆,昌吉,奇台县人民医院,内科,心血管内科,副主任医师,,2.7,130,高血压，急慢性心衰，冠心病，心律失常，心肌病，高血脂等内科常见疾病的诊治,"39,159次",4篇,130位,108位,124位,,,
祖海亮,新疆,昌吉,奇台县人民医院,内科,心血管内科,主治医师,,2.7,76,高血压，急慢性心衰，冠心病，心律失常，心肌病，高血脂等内科常见疾病的诊治,"23,728次",0篇,76位,70位,74位,,,
翟静,新疆,昌吉,奇台县人民医院,内科,心血管内科,主治医师,,2.7,1,高血压，急慢性心衰，冠心病，心律失常，心肌病，高血脂等内科常见疾病的诊治,"8,531次",0篇,1位,1位,1位,,,
阿依努尔·吐尔迪,新疆,昌吉,奇台县人民医院,内科,心血管内科,主治医师,,2.7,32,高血压，急慢性心衰，冠心病，心律失常，心肌病，高血脂等内科常见疾病的诊治,"13,556次",0篇,32位,23位,30位,,,
张晶,新疆,昌吉,奇台县人民医院,内科,心血管内科,住院医师,,2.5,6,心内科常见疾病的诊治,"7,691次",0篇,6位,5位,6位,,,
朱梦婷,新疆,昌吉,奇台县人民医院,内科,普通内科,住院医师,,2.6,13,普通内科常见疾病的诊治，如高血压，高血脂，冠心病，糖尿病等,"6,808次",0篇,13位,12位,12位,,,
黄建,新疆,昌吉,奇台县人民医院,妇儿,儿科,住院医师,,2.5,,支气管肺炎、腹泻等,"3,839次",0篇,0位,0位,0位,,,
牡兰花,新疆,昌吉,奇台县人民医院,其他,传染科,副主任医师,,2.6,,,14次,0篇,0位,0位,0位,,,
张定华,新疆,昌吉,阜康市中医医院,中医,心内科,主任医师,,2.7,,高血压、心血管系统等内科方面的疾病的诊治,,,,,,,,
温玉军,新疆,昌吉,阜康市中医医院,中医,心内科,副主任医师,,2.7,,高血压、肺心病等内科系统疾病的诊治,,,,,,,,
王秀华,新疆,昌吉,阜康市中医医院,中医,心内科,主治医师,,2.7,,,,,,,,,,
崔金刚,新疆,昌吉,阜康市中医医院,中医,心内科,主治医师,,2.7,,高血压、心血管系统等内科方面的疾病,,,,,,,,
景涛,新疆,昌吉,阜康市中医医院,中医,外科,主治医师,,2.5,,普外科及各种骨关节疾病，四肢骨折，腰椎间盘突出症，颈椎病，肩周炎的诊治,,,,,,,,
陈丽君,新疆,昌吉,阜康市中医医院,中医,外科,主治医师,,2.5,,肛肠科各种常见疾病的诊断及治疗,,,,,,,,
姚金明,新疆,昌吉,阜康市中医医院,中医,中医内科,主治医师,,2.6,,运用中医针灸，推拿，理疗，康复等治疗颈肩腰腿疼痛，面瘫，中风后遗症，头痛，失眠，及内科，妇科等疾病,,,,,,,,
丁彦成,新疆,昌吉,阜康市中医医院,中医,中医肛肠科,住院医师,,2.7,,治疗各种痔疮、肛裂、肛乳头瘤、肛窦炎、肛瘘、各种肛周脓肿、便秘、直肠息肉等肛肠疾病。,"5,190次",0篇,0位,0位,0位,,,
陈惠兰,新疆,昌吉,阜康市中医医院,中医,妇产科,副主任医师,,2.5,,妇产科系统疾病如盆腔炎、阴道炎、早产、过期妊娠、顺产等,,,,,,,,
孟永刚,新疆,昌吉,呼图壁县人民医院,内科,心血管内科,副主任医师,,2.7,6,高血压、冠心病、心衰、心律失常,"6,706次",0篇,6位,6位,6位,,,
王晓亮,新疆,昌吉,呼图壁县人民医院,内科,心血管内科,主治医师,,2.7,2,高血压、冠心病等心内科常见病,"4,336次",0篇,2位,2位,2位,,,
胡旭桦,新疆,昌吉,呼图壁县人民医院,内科,心血管内科,副主任医师,,2.6,5,高血压、冠心病等心血管疾病,"5,935次",0篇,5位,5位,5位,,,
李俊田,新疆,昌吉,呼图壁县人民医院,内科,心血管内科,主治医师,,2.5,1,高血压、心衰、冠心病疾病,"4,994次",0篇,1位,1位,1位,,,
何相庭,新疆,昌吉,呼图壁县人民医院,外科,骨科,主治医师,,2.7,4,创伤骨科，运动损伤等,"3,620次",0篇,4位,4位,4位,,,
于晓红,新疆,昌吉,呼图壁县人民医院,妇儿,儿科,主任医师,,2.5,78,儿科呼吸道疾病，新生儿,"80,378次",1篇,78位,16位,17位,,,
王晨,新疆,昌吉,呼图壁县人民医院,妇儿,儿科,住院医师,,2.5,20,呼吸系统疾病、消化系统疾病、新生儿疾病,"9,274次",0篇,20位,20位,20位,,,
葛新春,新疆,昌吉,呼图壁县人民医院,其他,中医康复科,副主任医师,,2.8,,脑梗死，短暂性脑缺血发作，脑出血，蛛网膜下腔出血等脑血管疾病的诊疗。脑卒中后肢体偏瘫，言语、吞咽功能障碍的康复评定和治疗。以及糖尿病和高血压的用药调整。,"1,559次",0篇,0位,0位,0位,,,
单福祥,新疆,昌吉,新疆吉木萨尔县人民医院,内科,内二科(心血管内科),主治医师,,2.8,40,高血压，急慢性心衰，冠心病，心律失常，心肌病，高血脂等内科常见疾病的诊治,"14,543次",0篇,40位,40位,40位,,,
孙烈俊,新疆,昌吉,新疆吉木萨尔县人民医院,内科,内二科(心血管内科),主治医师,,2.7,41,高血压，急慢性心衰，呼吸衰竭，肺部感染，慢性阻塞性肺疾病，支气管哮喘，冠心病，各类心律失常（早搏、室上速、房扑、房颤等），心肌病，高血脂，缺血性脑卒中（脑梗塞、脑动脉栓塞、脑血栓形成）等内科常见疾病的诊治,"22,938次",4篇,41位,37位,37位,,,
马伟玲,新疆,昌吉,新疆吉木萨尔县人民医院,内科,内科,住院医师,,2.5,3,,388次,0篇,3位,0位,0位,,,
冯永强,新疆,昌吉,新疆吉木萨尔县人民医院,妇儿,儿科,主任医师,,2.6,,儿科呼吸道、消化道常见病，新生儿疾病,"4,533次",0篇,0位,0位,0位,,,
刘犇,新疆,昌吉,新疆吉木萨尔县人民医院,其他,康复医学科,副主任医师,,2.7,1,老年病，坐骨神经痛，颈椎病，脑中风康复,"13,112次",0篇,1位,0位,0位,,,
孟刚,新疆,昌吉,呼图壁县中医医院,中医,骨伤科,主治医师,,3.3,2,运动医学，骨关节病,"8,793次",2篇,2位,0位,0位,,,
张亮,新疆,昌吉,呼图壁县中医医院,中医,外科,主治医师,,2.7,,普外疾病、泌尿外科疾病,"4,098次",0篇,0位,0位,0位,,,
陈祎璇,新疆,昌吉,呼图壁县中医医院,其他,疼痛整脊科,住院医师,,2.5,8,中西医结合治疗疼痛类、颈椎病、腰椎病、膝关节炎、肩周炎、月经不调、白带异常等疾病,"11,934次",0篇,8位,4位,4位,,,
