﻿姓名,省/直辖市,市/区,医院,科室类别,科室,职称,教育职称,综合推荐热度,在线问诊量,擅长,个人网站总访问,个人网站总文章,个人网站总患者,微信诊后报道患者,总诊后报到患者,诊后服务星,诊治后患者数,随访中患者数
徐月清,新疆,阿克苏,新疆生产建设兵团第一师医院,内科,呼吸血液科,主任医师,,3.1,,各类肺炎、慢阻肺、肺心病、支气管哮喘、支气管扩张、肺栓塞、呼吸衰竭等常见病、疑难危重病的诊治和支气管镜、肺功能、无创呼吸机在呼吸系统疾病的临床应用,,,,,,,,
魏龙,新疆,阿克苏,新疆生产建设兵团第一师医院,内科,呼吸血液科,副主任医师,,3.1,,感染性疾病、反应性疾病（哮喘、慢性咳嗽、过敏性鼻炎），慢性阻塞性肺病（COPD）、肺源性心脏病、肺部占位、肺间质性病变的诊断、治疗及肺功能评价有较深的认识。擅长气管镜常规检查诊治术,,,,,,,,
秦勇,新疆,阿克苏,新疆生产建设兵团第一师医院,内科,呼吸血液科,主任医师,,3.1,,肺部感染、肺心病、哮喘、呼吸衰竭等常见、疑难病的诊治，肺癌的诊断及鉴别诊断，规范化化疗,,,,,,,,
方红伟,新疆,阿克苏,新疆生产建设兵团第一师医院,内科,呼吸血液科,副主任医师,,3.0,,社区获得性肺炎、支气管哮喘、慢性阻塞性疾病、慢性肺源性心脏病、呼吸衰竭、肺栓塞、胸腔积液等疾病的诊治及呼吸机治疗呼吸衰竭技术。擅长支气管镜及肺功能在呼吸系统疾病的临床应用。,,,,,,,,
王晓玲,新疆,阿克苏,新疆生产建设兵团第一师医院,内科,呼吸血液科,副主任医师,,3.0,,阻肺、肺心病、间质性肺疾病、支气管哮喘、肺部肿瘤、肺栓塞、各种肺炎的诊治,,,,,,,,
李峰,新疆,阿克苏,新疆生产建设兵团第一师医院,内科,呼吸血液科,副主任医师,,3.0,,,,,,,,,,
韩雪梅,新疆,阿克苏,新疆生产建设兵团第一师医院,内科,内分泌科,副主任医师,,2.9,1,,372次,0篇,1位,0位,0位,,,
宋燕庆,新疆,阿克苏,新疆生产建设兵团第一师医院,内科,内分泌科,主任医师,,2.9,,,,,,,,,,
张炜,新疆,阿克苏,新疆生产建设兵团第一师医院,内科,内分泌科,副主任医师,,2.8,,科、内分泌代谢性疾病临床、教学工作。对糖尿病、糖尿病并发症、甲亢、甲减、甲状腺炎等甲状腺疾病、通风、肥胖症、更年期综合症及原发性骨质疏松症的诊断治疗等方面具有丰富的临床工作经验,,,,,,,,
冯琴,新疆,阿克苏,新疆生产建设兵团第一师医院,内科,内分泌科,住院医师,,2.8,1,,"2,732次",0篇,0位,0位,0位,,,
李佐红,新疆,阿克苏,新疆生产建设兵团第一师医院,内科,内分泌科,主治医师,,2.7,7,糖尿病、甲状腺疾病、骨质疏松、痛风、肥胖等疾病的诊治,"23,291次",3篇,7位,0位,0位,,,
茶春喜,新疆,阿克苏,新疆生产建设兵团第一师医院,内科,心血管病科,主任医师,,3.0,,冠心病诊治、急性心肌梗死再灌注、介入性心脏病学临床研究等,,,,,,,,
卢辉,新疆,阿克苏,新疆生产建设兵团第一师医院,内科,心血管病科,副主任医师,,2.8,,,,,,,,,,
黄春,新疆,阿克苏,新疆生产建设兵团第一师医院,内科,心血管病科,副主任医师,,2.8,,诊治心血管内科各种急症、重症，尤其在冠心病、高血压、急性心肌梗死再灌注、各种心律失常、心力衰竭、先心病及各种瓣膜病诊治，心内科急危重症救治，难治性心衰的诊治方面有自己的见解,,,,,,,,
任娟,新疆,阿克苏,新疆生产建设兵团第一师医院,内科,心血管病科,主治医师,,2.8,2,高血压、冠心病、心力衰竭、心律失常的诊治，随访，慢性病管理。,"3,587次",2篇,2位,0位,0位,,,
杜晶,新疆,阿克苏,新疆生产建设兵团第一师医院,内科,心血管病科,住院医师,,2.7,21,冠心病，高血压，心律失常，心脏冠脉介入及起搏介入,"9,877次",3篇,21位,17位,18位,,,
李永刚,新疆,阿克苏,新疆生产建设兵团第一师医院,内科,急诊科,副主任医师,,2.8,,急腹症（如急性阑尾炎、消化道溃疡穿孔、急性肠梗阻、胃肠异物以及其他腹痛）和腹部外伤（肝、胆、脾、胃、肠破裂）的诊断和治疗,,,,,,,,
刘光平,新疆,阿克苏,新疆生产建设兵团第一师医院,内科,急诊科,副主任医师,,2.8,,急诊和危重病人的抢救,,,,,,,,
梁栋,新疆,阿克苏,新疆生产建设兵团第一师医院,内科,急诊科,住院医师,,2.7,,急诊危重症，消化内科、内分泌科疾病等,"4,757次",0篇,0位,0位,0位,,,
刘俊萍,新疆,阿克苏,新疆生产建设兵团第一师医院,内科,消化内科,副主任医师,,2.8,,消化系统疾病临床诊治及消化内镜检查和治疗,,,,,,,,
李瑛,新疆,阿克苏,新疆生产建设兵团第一师医院,内科,消化内科,副主任医师,,2.8,,神经内科，对于治疗原发性头痛、眩晕、脑血管疾病、颅内感染、癫痫、脱髓鞘疾病等神经专科疾病具有丰富经验。,,,,,,,,
梁新文,新疆,阿克苏,新疆生产建设兵团第一师医院,内科,消化内科,副主任医师,,2.8,,消化内科常见病、疑难、危重症的诊断治疗，擅长消化内镜下息肉摘除、食管良恶性狭窄的扩张、支架置入术，擅长食管胃粘膜下肿物的超声内镜检查及EMR/ESD治疗术，尤其对消化道早癌诊断及ESD术、肝硬化食管胃静脉曲张破裂出血的镜下治疗积累了丰富经验,,,,,,,,
张向东,新疆,阿克苏,新疆生产建设兵团第一师医院,内科,神经内科,主任医师,,2.9,,原发性头痛、眩晕、脑血管疾病、颅内感染、癫痫、脱髓鞘疾病等神经专科疾病具有丰富经验。,,,,,,,,
杜怀文,新疆,阿克苏,新疆生产建设兵团第一师医院,内科,神经内科,副主任医师,,2.8,,脑卒中、卒中相关性肺炎、脑血管病影像、眩晕、紧张性头痛、周围神经病等的诊断及治,,,,,,,,
洪芳,新疆,阿克苏,新疆生产建设兵团第一师医院,内科,神经内科,副主任医师,,2.8,,新生儿疾病筛查、先天性甲状腺机能低下和其他遗传代谢性疾病的诊治；擅长儿童生长迟缓、性早熟、肥胖症等内分泌疾病的诊治。,,,,,,,,
温志安,新疆,阿克苏,新疆生产建设兵团第一师医院,内科,综合内科,副主任医师,,2.8,,,,,,,,,,
迪力穆腊提·托合提,新疆,阿克苏,新疆生产建设兵团第一师医院,内科,综合内科,副主任医师,,2.8,,危、急、重症病人和各类药物、农药中毒的诊断治疗。,,,,,,,,
黄汉红,新疆,阿克苏,新疆生产建设兵团第一师医院,内科,肾内科,主任医师,,2.8,,各种肾脏疾病包括糖尿病肾病，高血压肾损害以及蛋白尿,,,,,,,,
李英,新疆,阿克苏,新疆生产建设兵团第一师医院,内科,肾内科,副主任医师,,2.8,,急慢性肾小球疾病、肾间质疾病、肾病综合征、急慢性肾衰、肾性高血压、缺血性肾脏病、狼疮性肾炎等继发性肾脏病的诊疗,,,,,,,,
郭向东,新疆,阿克苏,新疆生产建设兵团第一师医院,内科,感染性疾病科,副主任医师,,2.9,,各种肝病、各种感染性疾病及各种发热疾病的诊治,,,,,,,,
汤志辉,新疆,阿克苏,新疆生产建设兵团第一师医院,外科,骨科,主任医师,副教授,3.6,959,"1、关节外科：擅长髋膝肩关节的保守治疗，保关节的手术治疗及人工关节置换的微创技术；
2、创伤骨科：擅长四肢、骨盆复杂骨折的急救及治疗，尤其是老年髋部骨折的治疗及微创技术的应用；
3、骨髓炎、骨缺损及软组织缺损的治疗。","129,216次",13篇,959位,153位,160位,,,
王良勇,新疆,阿克苏,新疆生产建设兵团第一师医院,外科,骨科,副主任医师,,2.9,,关节镜微创治疗髋、膝、踝、肩、肘、腕关节疾病，熟练掌握四肢及骨盆骨折的各种治疗方法；擅长髋、膝关节置换手术。,,,,,,,,
欧阳国新,新疆,阿克苏,新疆生产建设兵团第一师医院,外科,骨科,副主任医师,,2.9,,各种骨科疾病的诊断和治疗,,,,,,,,
张俊,新疆,阿克苏,新疆生产建设兵团第一师医院,外科,骨科,副主任医师,,2.9,,髋膝肩关节的人工关节置换、髋膝关节翻修、膝肩关节镜手术,,,,,,,,
张春,新疆,阿克苏,新疆生产建设兵团第一师医院,外科,骨科,副主任医师,,2.9,,各类复杂四肢骨折的手术治疗、骨盆骨折的修复重建、人工髖、膝关节置换,,,,,,,,
沈宏达,新疆,阿克苏,新疆生产建设兵团第一师医院,外科,骨科,副主任医师,,2.8,,髋、膝关节置换，关节镜诊治，各种四肢、骨盆、髋臼等复杂的手术治疗，各种四肢血管、软组织、骨组织缺损感染等疑难疾病的诊治，脊柱各类疾病的诊治。,,,,,,,,
毛成鹏,新疆,阿克苏,新疆生产建设兵团第一师医院,外科,骨科,副主任医师,,2.8,,,,,,,,,,
李铭,新疆,阿克苏,新疆生产建设兵团第一师医院,外科,骨科,副主任医师,,2.8,,骨科各种疑难、复杂疾病，关节或关节周围骨折的微创治疗；关节疾病（如类风湿性关节炎、强直性脊柱炎、骨关节炎等）的人工关节置换术，包括人工髋关节、膝关节、肩关节置换术等；老年骨质疏松性骨折的治疗及老年骨质疏松患者的人工关节置换术；人工关节置换术后感染的诊断和治疗；人工关节置换术后失败的再次置换术；骨折延迟愈合、骨不连和股骨头坏死的治疗，四肢骨折的修复重建，手部创伤的修复重建,,,,,,,,
李平,新疆,阿克苏,新疆生产建设兵团第一师医院,外科,普外科,主任医师,教授,3.0,,腹腔恶性肿瘤和乳腺癌微创手术治疗,,,,,,,,
李忠,新疆,阿克苏,新疆生产建设兵团第一师医院,外科,普外科,主任医师,,2.9,,小儿外科、乳腺外科疾病的诊治,,,,,,,,
刘顺顺,新疆,阿克苏,新疆生产建设兵团第一师医院,外科,普外科,副主任医师,,2.8,,甲状腺、胃肠、肿瘤等疾病的腹腔镜微创外科手术,,,,,,,,
邓立军,新疆,阿克苏,新疆生产建设兵团第一师医院,外科,普外科,副主任医师,,2.8,,,,,,,,,,
刘静婵,新疆,阿克苏,新疆生产建设兵团第一师医院,外科,普外科,副主任医师,,2.8,,,,,,,,,,
聂斌,新疆,阿克苏,新疆生产建设兵团第一师医院,外科,普外科,副主任医师,,2.8,,乳腺外科、肛肠外科疾病的诊断及治疗,,,,,,,,
马晗,新疆,阿克苏,新疆生产建设兵团第一师医院,外科,普外科,副主任医师,,2.8,,肝、胆、胰、脾、疝及减重代谢外科治疗,,,,,,,,
练文勇,新疆,阿克苏,新疆生产建设兵团第一师医院,外科,泌尿外科,主任医师,,2.9,,,,,,,,,,
徐火松,新疆,阿克苏,新疆生产建设兵团第一师医院,外科,泌尿外科,副主任医师,,2.9,,,,,,,,,,
马大东,新疆,阿克苏,新疆生产建设兵团第一师医院,外科,泌尿外科,副主任医师,,2.9,,,,,,,,,,
王和功,新疆,阿克苏,新疆生产建设兵团第一师医院,外科,神经外科,主任医师,,2.9,,颅脑损伤、脑血管病、颅内肿瘤、功能等,,,,,,,,
杨慧东,新疆,阿克苏,新疆生产建设兵团第一师医院,外科,神经外科,副主任医师,,2.8,,,,,,,,,,
郑华煜,新疆,阿克苏,新疆生产建设兵团第一师医院,外科,神经外科,副主任医师,,2.8,,颅脑损伤、脑出血、颅内肿瘤、椎管肿瘤等神经外科常见病、多发病的诊治,,,,,,,,
黄鹏九,新疆,阿克苏,新疆生产建设兵团第一师医院,妇儿,妇产科,副主任医师,,2.9,11,妇科内分泌疾病的规范诊治，产科妊娠期合并症、并发症等急危重症的抢救和治疗。,"2,944次",0篇,11位,10位,10位,,,
高玲,新疆,阿克苏,新疆生产建设兵团第一师医院,妇儿,妇产科,主任医师,,2.9,,,,,,,,,,
李璐瑶,新疆,阿克苏,新疆生产建设兵团第一师医院,妇儿,妇产科,副主任医师,,2.8,,妇产科的各种急、危、重症抢救，妊娠合并症的处理，对妇科内分泌疾病的治疗及不孕不育有自己的见解及经验,,,,,,,,
刘照红,新疆,阿克苏,新疆生产建设兵团第一师医院,妇儿,妇产科,副主任医师,,2.8,,妇科腔镜手术及内分泌疾病的诊治。包括腹腔镜子宫肌瘤剔除、子宫全切、阴式子宫切除等手术；月经失调、不孕症、闭经、多囊卵巢综合征、围绝经期综合征等妇科内分泌疾病的诊治,,,,,,,,
黄玲,新疆,阿克苏,新疆生产建设兵团第一师医院,妇儿,妇产科,副主任医师,,2.8,,,,,,,,,,
杜琼,新疆,阿克苏,新疆生产建设兵团第一师医院,妇儿,妇产科,副主任医师,,2.8,,妇科常见病、多发病的诊治及妇科疑难病症的诊疗,,,,,,,,
芮红苇,新疆,阿克苏,新疆生产建设兵团第一师医院,妇儿,妇产科,主治医师,,2.8,,诊各种手术困难人流，阴道镜，宫颈LEEP术等,,,,,,,,
陈哲,新疆,阿克苏,新疆生产建设兵团第一师医院,妇儿,儿科,主任医师,,2.9,4,小儿内科疾病，呼吸系统疾病、危重症,"7,849次",0篇,4位,1位,1位,,,
陈彩玲,新疆,阿克苏,新疆生产建设兵团第一师医院,妇儿,儿科,住院医师,,2.7,6,呼吸系统疾病、消化系统疾病,"10,437次",0篇,6位,5位,6位,,,
周旭晨,新疆,阿克苏,新疆生产建设兵团第一师医院,妇儿,新生儿科,副主任医师,,2.8,,新生儿复苏、小儿急危重症的抢救，小儿呼吸系统、小儿消化系统、小儿泌尿系统等疾病的诊治,,,,,,,,
庞雄,新疆,阿克苏,新疆生产建设兵团第一师医院,其他,放射科,副主任医师,,3.1,,全消化道造影、子宫输卵管造影、泌尿系造影以及各类瘘道、瘘管造影等特殊造影检查,,,,,,,,
林坚,新疆,阿克苏,新疆生产建设兵团第一师医院,其他,放射科,副主任医师,,3.1,,呼吸系统、消化系统和全身骨骼系统的放射诊断,,,,,,,,
张振东,新疆,阿克苏,新疆生产建设兵团第一师医院,其他,放射科,副主任医师,,3.1,,骨肿瘤、胃肠道造影,,,,,,,,
孙明辉,新疆,阿克苏,新疆生产建设兵团第一师医院,其他,放射科,副主任医师,,3.1,,,,,,,,,,
李文格,新疆,阿克苏,新疆生产建设兵团第一师医院,其他,全科医学科,主任医师,,2.9,,老年冠心病、老年心脏瓣膜病、老年高血压病、老年脑血管及老年内糖尿病及并发症、老年骨质疏松症的诊治,,,,,,,,
王卉,新疆,阿克苏,新疆生产建设兵团第一师医院,其他,全科医学科,副主任医师,,2.8,,,,,,,,,,
马军庄,新疆,阿克苏,新疆生产建设兵团第一师医院,其他,全科医学科,副主任医师,,2.8,,老年冠心病、老年心脏瓣膜病、老年高血压病、老年脑血管疾病的诊治,,,,,,,,
朱劲松,新疆,阿克苏,新疆生产建设兵团第一师医院,其他,疼痛科,副主任医师,,2.9,,胸腰椎骨折内固定手术，腰椎管狭窄症减压内固定手术，腰椎间盘突出症小切口椎间盘切除术，胸腰椎结核病灶清除内固定手术等有丰富的经验,,,,,,,,
李树新,新疆,阿克苏,新疆生产建设兵团第一师医院,其他,疼痛科,副主任医师,,2.9,,,,,,,,,,
唐丽,新疆,阿克苏,新疆生产建设兵团第一师医院,其他,疼痛科,副主任医师,,2.9,,并心血管疾病非心脏手术麻醉管理,,,,,,,,
袁维军,新疆,阿克苏,新疆生产建设兵团第一师医院,其他,CT核磁科,副主任医师,,2.9,,神经及骨肌疾病MRI临床诊断,,,,,,,,
彭杰,新疆,阿克苏,新疆生产建设兵团第一师医院,其他,CT核磁科,副主任医师,,2.9,,心脏及周围血管的CT诊断、CT及磁共振功能成像诊断。,,,,,,,,
王燕梅,新疆,阿克苏,新疆生产建设兵团第一师医院,其他,CT核磁科,副主任医师,,2.9,,,,,,,,,,
孙月霞,新疆,阿克苏,新疆生产建设兵团第一师医院,其他,中医科,副主任医师,,3.0,,中西医结合治疗各类疑难痔瘘病、妇科病尤以月经不调、各类疑难脾胃病的特色疗法,,,,,,,,
刘占萍,新疆,阿克苏,新疆生产建设兵团第一师医院,其他,中医科,副主任医师,,3.0,,中西结合治疗，治疗重视整体调理，坚持辩证与辨病相结合，对中医内科、妇科、肛肠科的治疗疗效较好。专业特长：脑中风、肾病、糖尿病及其并发症、风湿病、月经不调、闭经、痛经、带下病、肛裂、肛周脓肿、肛瘘等,,,,,,,,
胡军,新疆,阿克苏,新疆生产建设兵团第一师医院,其他,中医科,副主任医师,,3.0,,颈椎病、腰椎间盘突出症、脊柱相关疾病、冠心病不稳定性心绞、失眠、妇科病症、婴幼儿疾病的治疗和康复,,,,,,,,
吴燕,新疆,阿克苏,新疆生产建设兵团第一师医院,其他,重症医学科,主任医师,,2.9,,器官功能障碍综合征、逆行性持续脑灌注、急性呼吸窘迫综合征、感染性休克、中毒及各种严重创伤及大手术救治,,,,,,,,
吐尔滚·艾萨,新疆,阿克苏,新疆生产建设兵团第一师医院,其他,重症医学科,主任医师,,2.9,,危重患者的机械通气、重症感染、各类休克、营养支持、重要器官和系统的监测及治疗,,,,,,,,
靳慧莉,新疆,阿克苏,新疆生产建设兵团第一师医院,其他,重症医学科,副主任医师,,2.8,,MODS（多脏器不全综合症）、CRCP（心肺脑复苏）、呼吸衰竭、休克、中毒及各种严重创伤及大手术救治,,,,,,,,
曹振刚,新疆,阿克苏,新疆生产建设兵团第一师医院,其他,麻醉科,副主任医师,,2.8,,小儿、高危产科及血管介入手术麻醉,,,,,,,,
郭玉明,新疆,阿克苏,新疆生产建设兵团第一师医院,其他,麻醉科,副主任医师,,2.8,,全麻插管、椎管内麻醉、臂丛麻醉等，近年来对气管双腔管、锁骨下深静脉穿刺置管及术后镇痛的基础理论和临床技术推广应用,,,,,,,,
张建莉,新疆,阿克苏,新疆生产建设兵团第一师医院,其他,麻醉科,副主任医师,,2.8,,高龄病人的手术麻醉管理及B超引导下的各种神经阻滞技术,,,,,,,,
管永虎,新疆,阿克苏,新疆生产建设兵团第一师医院,其他,耳鼻喉科,副主任医师,,2.8,,,,,,,,,,
潘阳春,新疆,阿克苏,新疆生产建设兵团第一师医院,其他,耳鼻喉科,主任医师,,2.9,,鼾症手术、鼻内镜下鼻部疾病微创手术,,,,,,,,
朱磊,新疆,阿克苏,新疆生产建设兵团第一师医院,其他,耳鼻喉科,副主任医师,,2.8,,慢性鼻炎、鼻窦炎、鼻息肉等鼻内窥镜微创手术，并且取得了很好的疗效,,,,,,,,
袁轶群,新疆,阿克苏,新疆生产建设兵团第一师医院,其他,病理科,主治医师,,2.8,,病理诊断,"5,426次",0篇,0位,0位,0位,,,
郭一川,新疆,阿克苏,新疆生产建设兵团第一师医院,其他,病理科,副主任医师,,2.8,,各系统常见病、疑难病的病理诊断,,,,,,,,
倪莉,新疆,阿克苏,新疆生产建设兵团第一师医院,其他,康复科,副主任医师,,2.8,,,,,,,,,,
王欢,新疆,阿克苏,新疆生产建设兵团第一师医院,其他,康复科,住院医师,,2.8,1,,"2,338次",0篇,1位,0位,0位,,,
符洁,新疆,阿克苏,新疆生产建设兵团第一师医院,其他,超声科,副主任医师,,2.8,,腹部、妇产、浅表器官、心血管、外周血管等超声诊断,,,,,,,,
张红丽,新疆,阿克苏,新疆生产建设兵团第一师医院,其他,超声科,副主任医师,,2.8,,腹部疑难疾病、心血管、外周血管疾病的超声诊断,,,,,,,,
江小川,新疆,阿克苏,新疆生产建设兵团第一师医院,其他,口腔科,副主任医师,,2.9,,各类青少年错颌畸形的矫治，成人矫治，隐形矫治，儿童预防性矫治，阻断性矫治，正畸正颌联合治疗的术前术后矫治，颞下颌关节疾病的正畸治疗，正畸牙周联合治疗，正畸修复联合治疗等。,,,,,,,,
张宇军,新疆,阿克苏,新疆生产建设兵团第一师医院,其他,口腔科,副主任医师,,2.9,,口腔颌面部肿瘤、整形，唇腭裂治疗，牙颌面畸形，口腔颌面部损伤及术后重建，涎腺疾病，颞下颌关节病的诊治，口腔种植修复，各类错颌畸形的正畸治疗，各类牙体、牙列缺失的修复治疗等,,,,,,,,
吴泽勇,新疆,阿克苏,新疆生产建设兵团第一师医院,其他,眼科,副主任医师,,2.9,,,,,,,,,,
杨亚新,新疆,阿克苏,新疆生产建设兵团第一师医院,其他,眼科,副主任医师,,2.9,,类严重眼外伤的整复、眼部美容整形、近视、斜弱视、青光眼、白内障、眼底视网膜疾病的手术治疗,,,,,,,,
王敬科,新疆,阿克苏,阿克苏地区第一人民医院,内科,心血管内科,主治医师,,2.9,,高血压、冠心病,"6,931次",0篇,0位,0位,0位,,,
卢志怡,新疆,阿克苏,阿克苏地区第一人民医院,内科,心血管内科,主治医师,,2.8,10,高血压，急慢性心衰，冠心病，心律失常等心内科疾病的诊治,"38,787次",0篇,10位,0位,10位,,,
赵耀武,新疆,阿克苏,阿克苏地区第一人民医院,内科,心血管内科,主治医师,,2.8,44,高血压，急慢性心衰，冠心病，心律失常等疾病的诊治，以及心脏介入治疗等,"81,234次",1篇,44位,19位,25位,,,
翟素丹,新疆,阿克苏,阿克苏地区第一人民医院,内科,心血管内科,主治医师,,2.8,2,高血压、冠心病等,"19,107次",0篇,2位,0位,2位,,,
李熙,新疆,阿克苏,阿克苏地区第一人民医院,内科,心血管内科,主治医师,,2.8,49,高血压、冠心病等,"66,817次",0篇,49位,5位,19位,,,
郑强,新疆,阿克苏,阿克苏地区第一人民医院,内科,心血管内科,主治医师,,2.8,4,高血压、冠心病,"6,735次",0篇,4位,0位,0位,,,
顾维民,新疆,阿克苏,阿克苏地区第一人民医院,内科,心血管内科,住院医师,,2.7,1,高血压，急慢性心衰，冠心病，心律不齐，心肌病，高血脂等常见疾病的诊治,"11,395次",0篇,1位,1位,1位,,,
董鹏程,新疆,阿克苏,阿克苏地区第一人民医院,内科,心血管内科,住院医师,,2.7,3,高血压、冠心病,"10,866次",0篇,3位,0位,0位,,,
麦合木提麦苏木,新疆,阿克苏,阿克苏地区第一人民医院,内科,心血管内科,住院医师,,2.7,,,,,,,,,,
谢于鹏,新疆,阿克苏,阿克苏地区第一人民医院,内科,呼吸科,主任医师,副教授,3.5,1033,包括但不限于：打鼾、睡眠呼吸障碍、戒烟、肺部结节、肺癌、慢性咳嗽、哮喘、慢阻肺、胸腔积液、肺炎、肺栓塞、呼吸衰竭等呼吸系统疾病,"688,024次",20篇,1033位,328位,349位,,,
王慧,新疆,阿克苏,阿克苏地区第一人民医院,内科,呼吸科,主治医师,,3.1,1,,224次,0篇,1位,0位,0位,,,
孙秀丽,新疆,阿克苏,阿克苏地区第一人民医院,内科,呼吸科,住院医师,,2.9,,,,,,,,,,
孟龙,新疆,阿克苏,阿克苏地区第一人民医院,内科,呼吸科,住院医师,,2.9,,感染性疾病 发热 皮疹 呼吸道疾病 传染性疾病,199次,0篇,0位,0位,0位,,,
王小龙,新疆,阿克苏,阿克苏地区第一人民医院,内科,肾病内科,主治医师,,2.8,87,肾病,"56,661次",0篇,87位,56位,60位,,,
热娜古力·阿不都外力,新疆,阿克苏,阿克苏地区第一人民医院,内科,肾病内科,住院医师,,2.7,,,,,,,,,,
周彤,新疆,阿克苏,阿克苏地区第一人民医院,内科,肾病内科,住院医师,,2.7,,,,,,,,,,
郭新文,新疆,阿克苏,阿克苏地区第一人民医院,内科,消化内科,主任医师,,2.8,,,,,,,,,,
阿布力克木克力木,新疆,阿克苏,阿克苏地区第一人民医院,内科,消化内科,副主任医师,,2.8,,,,,,,,,,
马文颖,新疆,阿克苏,阿克苏地区第一人民医院,内科,消化内科,住院医师,,2.7,,,,,,,,,,
张忠民,新疆,阿克苏,阿克苏地区第一人民医院,内科,神经内科,副主任医师,,2.8,,,,,,,,,,
阿依古丽艾力,新疆,阿克苏,阿克苏地区第一人民医院,内科,神经内科,住院医师,,2.7,,,,,,,,,,
何倩,新疆,阿克苏,阿克苏地区第一人民医院,内科,免疫科,住院医师,,2.7,,系统性红斑狼疮、干燥综合征、类风湿关节炎、脊柱关节病、系统性血管炎等各种风湿免疫病,"7,486次",0篇,0位,0位,0位,,,
杨晨,新疆,阿克苏,阿克苏地区第一人民医院,外科,骨科,主任医师,,2.9,,,,,,,,,,
葛新江,新疆,阿克苏,阿克苏地区第一人民医院,外科,骨科,住院医师,,2.8,,,,,,,,,,
张羽浩,新疆,阿克苏,阿克苏地区第一人民医院,外科,骨科,住院医师,,2.8,,,,,,,,,,
岳金鑫,新疆,阿克苏,阿克苏地区第一人民医院,外科,骨科,住院医师,,2.8,,,,,,,,,,
马文昭,新疆,阿克苏,阿克苏地区第一人民医院,外科,骨科,住院医师,,2.8,,,,,,,,,,
陆江,新疆,阿克苏,阿克苏地区第一人民医院,外科,骨科,住院医师,,2.8,,,,,,,,,,
司磊,新疆,阿克苏,阿克苏地区第一人民医院,外科,普外科,主任医师,,2.9,,,,,,,,,,
谢有强,新疆,阿克苏,阿克苏地区第一人民医院,外科,普外科,主治医师,,2.8,17,胃肠疾病、胃肠道肿瘤，肝、胆、脾、胰腺等腹部疾病、腹腔肿瘤、甲状腺乳腺疾病，静脉曲张，体表肿瘤的诊治！,"26,633次",0篇,17位,1位,1位,,,
韩文才,新疆,阿克苏,阿克苏地区第一人民医院,外科,普外科,副主任医师,,2.8,,,,,,,,,,
田伦,新疆,阿克苏,阿克苏地区第一人民医院,外科,甲腺外科,主任医师,,2.9,,,,,,,,,,
贺顺浩,新疆,阿克苏,阿克苏地区第一人民医院,外科,甲腺外科,住院医师,,2.8,,,,,,,,,,
魏建军,新疆,阿克苏,阿克苏地区第一人民医院,外科,神经外科,副主任医师,,2.8,,,,,,,,,,
赵国兴,新疆,阿克苏,阿克苏地区第一人民医院,外科,神经外科,住院医师,,2.8,,,,,,,,,,
周伟鹤,新疆,阿克苏,阿克苏地区第一人民医院,外科,心胸外科,副主任医师,,3.2,18,擅长心胸外科常见病的诊治，特别是肺结节的鉴别诊断及微创手术治疗，以及肺癌、食管癌、纵隔肿瘤、肺大疱、多汗症、胃食管反流病、食管裂孔疝的微创手术治疗。,"15,803次",8篇,18位,5位,7位,,,
顾曜芳,新疆,阿克苏,阿克苏地区第一人民医院,妇儿,儿科,主任医师,,3.1,61,儿科常见病,"35,786次",0篇,61位,30位,31位,,,
蒋煜,新疆,阿克苏,阿克苏地区第一人民医院,妇儿,儿科,主任医师,,2.8,,,,,,,,,,
闫素英,新疆,阿克苏,阿克苏地区第一人民医院,妇儿,儿科,副主任医师,,2.8,,,,,,,,,,
贾飞,新疆,阿克苏,阿克苏地区第一人民医院,妇儿,儿科,主治医师,,2.8,14,呼吸系统疾病、哮喘,,0篇,0位,0位,0位,,,
温县木坎吉,新疆,阿克苏,阿克苏地区第一人民医院,妇儿,儿科,住院医师,,2.7,,,,,,,,,,
谢丽红,新疆,阿克苏,阿克苏地区第一人民医院,妇儿,妇科,副主任医师,,2.8,,,,,,,,,,
徐业红,新疆,阿克苏,阿克苏地区第一人民医院,妇儿,妇科,住院医师,,2.8,,,,,,,,,,
丁成玉,新疆,阿克苏,阿克苏地区第一人民医院,妇儿,妇科,住院医师,,2.8,,,,,,,,,,
李爱梅,新疆,阿克苏,阿克苏地区第一人民医院,妇儿,妇科,住院医师,,2.8,,,,,,,,,,
田松柏,新疆,阿克苏,阿克苏地区第一人民医院,妇儿,产科,主治医师,,3.0,,孕期保健，高危妊娠,"4,055次",0篇,0位,0位,0位,,,
吴鸿霞,新疆,阿克苏,阿克苏地区第一人民医院,其他,中医科,主任医师,,3.1,,,,,,,,,,
顾煜,新疆,阿克苏,阿克苏地区第一人民医院,其他,中医科,副主任医师,,3.0,,,,,,,,,,
熊高飞,新疆,阿克苏,阿克苏地区第一人民医院,其他,中医科,住院医师,,3.0,,,,,,,,,,
杨姣姣,新疆,阿克苏,阿克苏地区第一人民医院,其他,中医科,住院医师,,3.0,,,,,,,,,,
杨小莉,新疆,阿克苏,阿克苏地区第一人民医院,其他,中医科,住院医师,,3.0,,,,,,,,,,
雍立群,新疆,阿克苏,阿克苏地区第一人民医院,其他,口腔科,主任医师,,2.9,,,,,,,,,,
李春蓉,新疆,阿克苏,阿克苏地区第一人民医院,其他,口腔科,住院医师,,2.8,,,,,,,,,,
宋珊珊,新疆,阿克苏,阿克苏地区第一人民医院,其他,口腔科,住院医师,,2.8,,,,,,,,,,
周歆,新疆,阿克苏,阿克苏地区第一人民医院,其他,口腔科,住院医师,,2.8,,,,,,,,,,
潘磊,新疆,阿克苏,阿克苏地区第一人民医院,其他,康复科,住院医师,,2.8,,颞颌关节脱位，颌面外科面部神经损伤康复，偏瘫等,"5,573次",0篇,0位,0位,0位,,,
邓冬梅,新疆,阿克苏,阿克苏地区第一人民医院,其他,康复科,住院医师,,2.8,,,,,,,,,,
田雪峰,新疆,阿克苏,阿克苏地区第一人民医院,其他,康复科,住院医师,,2.8,,,,,,,,,,
崔志强,新疆,阿克苏,阿克苏地区第一人民医院,其他,疼痛科,副主任医师,,2.9,,,,,,,,,,
王亚辉,新疆,阿克苏,阿克苏地区第一人民医院,其他,疼痛科,住院医师,,2.8,,,,,,,,,,
张红振,新疆,阿克苏,阿克苏地区第一人民医院,其他,眼科,副主任医师,,2.9,,,,,,,,,,
肖春,新疆,阿克苏,阿克苏地区第一人民医院,其他,眼科,住院医师,,2.8,,,,,,,,,,
曹焱,新疆,阿克苏,阿克苏地区第一人民医院,其他,肿瘤内科,副主任医师,,2.8,,,"1,982次",0篇,0位,0位,0位,,,
潘慧丽,新疆,阿克苏,阿克苏地区第一人民医院,其他,肿瘤内科,住院医师,,2.7,,,,,,,,,,
陈晓云,新疆,阿克苏,阿克苏地区第一人民医院,其他,耳鼻喉,主任医师,,3.4,320,耳鼻咽喉头颈外科领域常见病和疑难病的诊断和治疗，包括乳突根治术，各种类型鼓室成型术，镫骨手术和耳蜗植入手术。,"66,908次",0篇,320位,241位,243位,,,
阿布力克木.热合曼,新疆,阿克苏,库车县人民医院,内科,心血管内科,主任医师,,2.8,,心血管、内科急救、各种常见病、多发病及危重病人的诊治,,,,,,,,
杨春,新疆,阿克苏,库车县人民医院,内科,心血管内科,副主任医师,,2.8,,心血管、内分泌、神经系统常见病、多发病和疑难病,,,,,,,,
叶文斌,新疆,阿克苏,库车县人民医院,内科,心血管内科,主治医师,,2.7,14,高血压，急慢性心衰，冠心病，心律失常，心肌病，高血脂等内科常见疾病的诊治,"9,341次",0篇,14位,14位,14位,,,
肖世国,新疆,阿克苏,库车县人民医院,内科,心血管内科,主治医师,,2.7,21,高血压，急慢性心衰，冠心病，心律失常，心肌病，高血脂等内科常见疾病的诊治,"6,987次",0篇,21位,21位,21位,,,
赵红梅,新疆,阿克苏,库车县人民医院,内科,心血管内科,主治医师,,2.7,53,高血压，急慢性心衰，冠心病，心律失常，心肌病，高血脂等内科常见疾病的诊治,"12,346次",0篇,53位,53位,53位,,,
西日艾力·斯地克,新疆,阿克苏,库车县人民医院,内科,心血管内科,住院医师,,2.6,,高血压，急慢性心衰，冠心病，心律失常，心肌病，高血脂等内科常见疾病的诊治,"4,308次",0篇,0位,0位,0位,,,
史维斌,新疆,阿克苏,库车县人民医院,内科,心血管内科,副主任医师,,2.6,,内科常见各类危重症、心律失常及难治性心衰,,,,,,,,
雷德春,新疆,阿克苏,库车县人民医院,内科,心血管内科,住院医师,,2.5,,冠心病、高血压,"6,577次",0篇,0位,0位,0位,,,
日孜万古·依明,新疆,阿克苏,库车县人民医院,内科,心血管内科,住院医师,,2.5,19,高血压，急慢性心衰，冠心病，心律失常，心肌病，高血脂等内科常见疾病的诊治,"8,506次",0篇,19位,19位,19位,,,
热孜万古丽.阿布拉,新疆,阿克苏,库车县人民医院,内科,心血管内科,副主任医师,,2.5,,神经系统疑难病症的诊断、治疗，尤其脑血管疾病的治疗。在急性或慢性冠状动脉粥样硬化性心脏病、瓣膜性心脏病、心肌病、急慢性心力衰竭、复杂性心律失常等疾病的诊断、治疗方面一定的经验。,,,,,,,,
王雪梅,新疆,阿克苏,库车县人民医院,内科,心血管内科,主治医师,,2.4,1,冠心病、高血压、心律失常、脑梗塞,"9,423次",0篇,1位,1位,1位,,,
张新莲,新疆,阿克苏,库车县人民医院,内科,心血管内科,主治医师,,2.4,,冠心病、高血压、心律失常、脑梗塞,"5,436次",0篇,0位,0位,0位,,,
阿提坎,新疆,阿克苏,库车县人民医院,内科,心血管内科,住院医师,,2.4,,高血压，冠心病的诊治。,"6,225次",0篇,0位,0位,0位,,,
陈维安,新疆,阿克苏,库车县人民医院,内科,内科,主任医师,,2.8,,内科系统、皮肤科系统常见病、疑难病,,,,,,,,
海力千木.尼牙孜,新疆,阿克苏,库车县人民医院,内科,内科,副主任医师,,2.8,,心血管系统疾病、内分泌系统疾病,,,,,,,,
阿孜古丽.托合提,新疆,阿克苏,库车县人民医院,内科,内科,副主任医师,,2.7,,急诊病、心血管疾病、呼吸系统疾病等,,,,,,,,
卡哈尔.托合提,新疆,阿克苏,库车县人民医院,内科,内科,副主任医师,,2.6,,消化内科、神经内科、内分泌科各种疑难杂症的诊治,,,,,,,,
阿依努尔.依明,新疆,阿克苏,库车县人民医院,内科,内科,副主任医师,,2.5,,心血管系统、呼吸血液系统、肾病系统疾病的诊断与治,,,,,,,,
王雪春,新疆,阿克苏,库车县人民医院,内科,内科,住院医师,,2.4,,呼吸内科、血液内科常见疾病等,"2,498次",0篇,0位,0位,0位,,,
姜兴,新疆,阿克苏,库车县人民医院,内科,急诊科,副主任医师,,2.8,,内科急诊及危重病人抢救工作，对急危重病人的诊断治疗抢救有丰富的临床经验。,"9,558次",0篇,0位,0位,0位,,,
周琦,新疆,阿克苏,库车县人民医院,内科,消化感染科,主治医师,,2.8,,消化内科常见病、多发病、 肝病的诊治，开展了在超声下肝脏穿刺活检术、消化内镜的镜下治疗,,,,,,,,
海力千木·尼牙孜,新疆,阿克苏,库车县人民医院,内科,肾病内科,主任医师,,2.8,,心血管系统疾病、内分泌系统疾病的诊断及治疗,,,,,,,,
白向锋,新疆,阿克苏,库车县人民医院,内科,呼吸科,副主任医师,,2.7,5,哮喘与变应性疾病，慢性阻塞性肺疾病，肺部感染性疾病的诊断与治疗，熟练纤维电子支气管镜检查，诊断，治疗等,"17,493次",3篇,5位,5位,5位,,,
秦小军,新疆,阿克苏,库车县人民医院,内科,神经内科,副主任医师,,2.6,,神经内科、消化科的常见病、多发病的诊治。,,,,,,,,
张锋,新疆,阿克苏,库车县人民医院,外科,外科,主任医师,,2.9,,普外、泌尿、烧伤及多发疑难疾病的诊疗，开展了巨大甲状腺瘤、胸骨后甲状腺肿瘤切除术、腹腔镜胆囊切除术、阑尾切除术、卵巢囊肿切除术、宫外孕取胚术及继发不孕的治疗等新项目，在肝胆外科、甲状腺疾病及腹腔镜技术等方面有较深造诣，拓展了腹腔镜技术的应用。,,,,,,,,
吐尔逊如苏里,新疆,阿克苏,库车县人民医院,外科,外科,主任医师,,2.9,,,,,,,,,,
李保山,新疆,阿克苏,库车县人民医院,外科,外科,主任医师,,2.9,,颅内血肿清除术，脑室引流术，颅内囊腺肿瘤摘除术,,,,,,,,
哈里木拉提·加马力,新疆,阿克苏,库车县人民医院,外科,外科,副主任医师,,2.8,,普外科、腹部外科常见病、多发病和疑难病症的诊治,,,,,,,,
地里夏提·托乎提,新疆,阿克苏,库车县人民医院,外科,外科,主任医师,,2.8,,血管外科、甲状腺疾病、烧伤等专业领域多发病、疑难病的诊治。,,,,,,,,
阿不都如苏里热西提,新疆,阿克苏,库车县人民医院,外科,外科,主治医师,,2.8,,神经外科创伤、高血压脑出血、感染性疾病、肿瘤等疾病,,,,,,,,
王银合,新疆,阿克苏,库车县人民医院,外科,外科,副主任医师,,2.7,,普外、泌尿、肿瘤及多发疑难疾病的诊疗，分别开展了腔镜微创下行胆囊切除术、胆总管探查术、小儿及成人疝修补术、经钬激光输尿管碎石术及肾结石碎石术。在肝、胆外科，泌尿外科以及胃肠、乳腺肿瘤方面有较深造诣，拓展了腹腔镜技术的应用。,,,,,,,,
黄原野,新疆,阿克苏,库车县人民医院,外科,外科,副主任医师,,2.5,,普外科、腹部外科常见病、多发病和疑难病症的诊治,,,,,,,,
吐尔洪·沙木沙克,新疆,阿克苏,库车县人民医院,外科,外科,副主任医师,,2.5,,腹部外科各类疾病的诊治及腹腔镜微创手术治疗，尤其是在肝胆胰腺疾病、各类腹壁疝、乳腺、甲状腺疾病及急腹症的诊断和手术治疗方面有较深造诣。,,,,,,,,
窦书和,新疆,阿克苏,库车县人民医院,外科,骨科,主任医师,,2.9,,骨外、脊柱外等技术领域疾病,,,,,,,,
李涛,新疆,阿克苏,库车县人民医院,外科,骨科,副主任医师,,2.5,,骨外科、四肢创伤、骨病、老年骨性关节炎、关节镜治疗。对关节置换、脊柱创伤等疾病诊治具有丰富的临床经验。,,,,,,,,
塔依尔江·沙塔,新疆,阿克苏,库车县人民医院,外科,神经外科,副主任医师,,2.5,,颅脑损伤、高血压脑出血、脑积水等疾病的诊断和手术治疗。,,,,,,,,
罗文党,新疆,阿克苏,库车县人民医院,外科,神经外科,主治医师,,2.5,,神经外科颅脑损伤、高血压脑出血、脑积水等疾病的诊断和手术治疗。,,,,,,,,
刘晓静,新疆,阿克苏,库车县人民医院,妇儿,妇产科,副主任医师,,2.8,,产科常见病、疑难病的诊治,,,,,,,,
热比古力,新疆,阿克苏,库车县人民医院,妇儿,妇产科,副主任医师,,2.8,,妇科、产科常见、危重症、疑难症,,,,,,,,
米那瓦尔,新疆,阿克苏,库车县人民医院,妇儿,妇产科,主治医师,,2.8,,子宫肌瘤、卵巢囊肿、子宫内膜异位症、宫外孕、不孕症及各种妇科炎症,,,,,,,,
马桂芳,新疆,阿克苏,库车县人民医院,妇儿,妇产科,主治医师,,2.8,,阴式子宫切除术、相关阴道手术、阴道镜下异位妊娠取胚术、附件切除术、卵巢肿瘤剔除术、异位节育环取除术,,,,,,,,
热比燕木·艾合买提,新疆,阿克苏,库车县人民医院,妇儿,妇产科,副主任医师,,2.7,,妇科、产科常见、危重症、疑难症的诊治,,,,,,,,
蔡贤君,新疆,阿克苏,库车县人民医院,妇儿,妇产科,副主任医师,,2.7,,高危妊娠诊治及妇产科疑难危重病人抢救。,,,,,,,,
左中兰,新疆,阿克苏,库车县人民医院,妇儿,妇产科,副主任医师,,2.5,,产科、围产期保健以及难产的处理、产科出现的并发症及急重症的抢救。对妇科肿瘤、妇科复杂疾病诊疗经验丰富，对妇科炎症、功能性子宫出血、不孕症、子宫内膜异位症等诊治经验丰富,,,,,,,,
葛玉芳,新疆,阿克苏,库车县人民医院,妇儿,妇产科,副主任医师,,2.5,,妇科疾病尤其是妇科内分泌疾病的诊治,,,,,,,,
阿合尼莎阿不拉,新疆,阿克苏,库车县人民医院,妇儿,儿科,副主任医师,,2.8,,儿科各种常见病、多发病、新生儿疾病,,,,,,,,
艾合特尼沙·阿不拉,新疆,阿克苏,库车县人民医院,妇儿,儿科,主任医师,,2.7,,儿科各种常见病、多发病、新生儿疾病及危重病人诊治,,,,,,,,
迪力那尔.阿西木,新疆,阿克苏,库车县人民医院,妇儿,儿科,副主任医师,,2.6,,儿科、新生儿科常见病、多发病，特别是在疑难危重病人诊治上有较深的造诣,,,,,,,,
韩成,新疆,阿克苏,库车县人民医院,妇儿,儿科,住院医师,,2.6,,小儿感冒、咳嗽、小儿支气管炎、哮喘等儿科常见疾病的诊治，新生儿疾病的诊治,"2,234次",0篇,0位,0位,0位,,,
魏长婳,新疆,阿克苏,库车县人民医院,妇儿,儿科,副主任医师,,2.5,49,儿科呼吸系统疾病、新生儿常见病等,,0篇,49位,0位,0位,,,
马云洁,新疆,阿克苏,库车县人民医院,妇儿,儿科,住院医师,,2.4,,新生儿肺炎，三个月以下的小儿肺炎。腹泻,"5,979次",0篇,0位,0位,0位,,,
章蔚维,新疆,阿克苏,库车县人民医院,妇儿,新生儿科,副主任医师,,2.8,,儿科及新生儿科各种常见病、多发病的诊治及儿科重症监护各种疑难危重症病人的救治,,,,,,,,
钟大庆,新疆,阿克苏,库车县人民医院,其他,耳鼻喉,副主任医师,,2.7,,耳鼻咽喉疑难杂症的诊治，开展了功能性鼻内窥镜手术、中耳显微外科手术及咽喉头颈外科手术,,,,,,,,
穆合塔瓦.吉米提,新疆,阿克苏,库车县人民医院,其他,耳鼻喉,副主任医师,,2.8,,眼科、耳鼻喉及口腔等常见病、疑难病,,,,,,,,
木合塔拜尔·米吉提,新疆,阿克苏,库车县人民医院,其他,耳鼻喉,主任医师,,2.8,,耳鼻喉科常见病、疑难病的诊治,,,,,,,,
宋佳,新疆,阿克苏,库车县人民医院,其他,耳鼻喉,主治医师,,2.5,33,中西医结合治疗耳鼻咽喉常见疾病诊治，如慢性鼻炎，鼻窦炎，鼻息肉，过敏性鼻炎，腺样体肥大，扁桃体炎，化脓性中耳炎，分泌性中耳炎，鼓膜穿孔，声带息肉等,"64,852次",0篇,33位,0位,0位,,,
穆拉提.买买提,新疆,阿克苏,库车县人民医院,其他,体检科,主任医师,,2.9,,泌尿系统疾病及男性疾病、普外、腹部外科疾病,,,,,,,,
张涛,新疆,阿克苏,库车县人民医院,其他,中医科,副主任医师,,3.0,,中药和针灸相结合，在带状疱疹、神经衰弱、急慢性支气管炎、哮喘、慢性结肠炎、面瘫、中风后遗症、更年期综合症、子宫肌瘤、月经不调、功能性子宫出血等疾病的治疗中具有独特专长。,,,,,,,,
周蕾,新疆,阿克苏,库车县人民医院,其他,重症监护室,主治医师,,2.7,,颅脑外伤、脑出血、脑梗等重症医学科疾病的抢救与治疗,,0篇,0位,0位,0位,,,
阿布来提.吾守,新疆,阿克苏,库车县人民医院,其他,口腔科,副主任医师,,2.7,,颌面、头颈、鼻咽喉部位肿瘤、骨折及创伤的手术治疗。,,,,,,,,
张硕,新疆,阿克苏,库车县人民医院,其他,皮肤科,主治医师,,3.0,106,性病 皮肤病,"85,101次",0篇,106位,0位,0位,,,
艾合买江·阿不拉,新疆,阿克苏,库车县人民医院,其他,眼科,副主任医师,,2.8,,白内障、青光眼、眼表疾病的诊治,,,,,,,,
胡婷,新疆,阿克苏,库车县人民医院,其他,肝病科,副主任医师,,2.7,,病毒性肝炎、重症肝炎、自身免疫性肝病、妊娠肝损等肝脏疾病的诊断与治疗。,,,,,,,,
雷春跃,新疆,阿克苏,阿克苏地区第二人民医院,内科,内科,主任医师,,2.5,,,,,,,,,,
熊胜强,新疆,阿克苏,阿克苏地区第二人民医院,内科,内科,,,2.4,,抢救及治疗心力衰竭、呼吸衰竭、各种休克、重症感染、水电解质酸碱平衡紊乱、重症胰腺炎、多脏器功能衰竭、农药中毒等各种危急重症,,,,,,,,
王国林,新疆,阿克苏,阿克苏地区第二人民医院,内科,内科,,,2.4,,,,,,,,,,
古丽鲜·艾沙,新疆,阿克苏,阿克苏地区第二人民医院,内科,呼吸科,主任医师,,2.9,,对慢性阻塞性肺疾病、肺心病、支气管哮喘、急慢性支气管炎、重症肺炎、呼吸衰竭、心力衰竭、胸腔积液、支气管扩张、间质性肺疾病、肺癌、咯血等呼吸系统疾病及呼吸系统疑难危重症的诊治,,,,,,,,
李瑞利,新疆,阿克苏,阿克苏地区第二人民医院,内科,呼吸科,,,2.6,,,,,,,,,,
周少坤,新疆,阿克苏,阿克苏地区第二人民医院,内科,心血管内科,主治医师,,2.4,,高血压，心脏病,,0篇,0位,0位,0位,,,
李新华,新疆,阿克苏,阿克苏地区第二人民医院,外科,普外科,住院医师,,2.6,,诊治脑胶质瘤切除术、脑膜瘤切除、星形细胞瘤切除术、脑血管造影术、颅内动脉瘤（含动静脉畸形）栓塞术、切除术、脑室腹腔分流术、三叉神经减压术、脑室穿刺术、标准去大骨瓣减压术、颅内血肿清除术、硬膜外、下血肿清除术、脑挫裂伤病灶清除术、颅骨修补术等各类手术，以及脑外伤后遗症、脑出血后遗症的康复指导,,,,,,,,
张伟雄,新疆,阿克苏,阿克苏地区第二人民医院,外科,普外科,主任医师,,2.5,125,"1、肝、胆、肛周疾病的诊断，微创手术治疗。
2、腹壁及腹股沟疝的诊断、治疗。
3、腹腔镜微创外科手术。
4、体表肿瘤、痣的微创切除等。","102,069次",3篇,125位,19位,28位,,,
宋西强,新疆,阿克苏,阿克苏地区第二人民医院,外科,普外科,住院医师,,2.4,,,,,,,,,,
范达文,新疆,阿克苏,阿克苏地区第二人民医院,外科,骨科,副主任医师,,2.6,,脊柱、关节、创伤及运动医学的诊治，对腰椎后路椎间融合术、腰椎退变椎管狭窄手术、复杂髋臼、骨盆手术等手术尤为擅长,,,,,,,,
谢长新,新疆,阿克苏,阿克苏地区第二人民医院,外科,骨科,住院医师,,2.4,,,,,,,,,,
热汗古力·热合曼,新疆,阿克苏,阿克苏地区第二人民医院,妇儿,妇产科,,,2.4,,,,,,,,,,
赵铭,新疆,阿克苏,阿克苏地区第二人民医院,其他,康复科,主治医师,,2.7,2,脑卒中后遗症，脊髓损伤，小儿脑瘫，颈肩腰腿痛的诊治,"2,830次",0篇,2位,0位,0位,,,
栾汝峰,新疆,阿克苏,阿克苏地区第二人民医院,其他,康复科,副主任医师,讲师,2.7,1,颈肩腰腿疼痛的诊断及中西医结合治疗，及偏瘫、截瘫、脑瘫的中西医结合的系统治疗，同时在上海九院康复科系统学习后，对外伤、术后的关节僵硬，张口困难、下颌疼痛伴弹响的均可取得很好的疗效。,"19,733次",0篇,1位,0位,0位,,,
李文宾,新疆,阿克苏,阿克苏地区第二人民医院,其他,康复科,主治医师,,2.5,1,,168次,0篇,1位,1位,1位,,,
马莉,新疆,阿克苏,阿克苏地区第二人民医院,其他,中医科,主治医师,,2.9,1,中西医结合内科、肛肠、皮肤科等中医疾病,"6,524次",0篇,1位,0位,0位,,,
王溯强,新疆,阿克苏,阿克苏地区第二人民医院,其他,中医科,副主任医师,,2.7,,,,,,,,,,
赵昆,新疆,阿克苏,阿克苏地区第二人民医院,其他,口腔科,,,2.5,,,,,,,,,,
麦尼瓦尔·毛拉吾休尔,新疆,阿克苏,阿克苏地区第二人民医院,其他,口腔科,,,2.5,,,,,,,,,,
夏宏军,新疆,阿克苏,阿克苏地区第二人民医院,其他,眼科,副主任医师,,2.5,,,,,,,,,,
舒鹏飞,新疆,阿克苏,阿克苏地区第二人民医院,其他,眼科,,,2.5,,,,,,,,,,
莫利吾,新疆,阿克苏,阿克苏地区第二人民医院,其他,皮肤科,,,2.7,,,,,,,,,,
杨信阳,新疆,阿克苏,阿克苏地区第二人民医院,其他,耳鼻喉科,,,2.4,,,,,,,,,,
席晓娥,新疆,阿克苏,阿克苏地区妇幼保健院,妇产科学,孕产保健部,,,2.4,,乳腺疾病、妊娠期高血压、糖尿病等妊娠合并症的诊治及产后康复。,,,,,,,,
聂晓红,新疆,阿克苏,阿克苏地区妇幼保健院,妇产科学,孕产保健部,,,2.4,,妊娠期合并症及并发症的诊断治疗、高危妊娠诊断和治疗及各类产科疑难杂症的处理，同时进行相关疾病的遗传咨询。,,,,,,,,
马颖,新疆,阿克苏,阿克苏地区妇幼保健院,妇产科学,孕产保健部,,,2.4,,产科常见病、多发病、产科急危重症的诊断及治疗。,,,,,,,,
李清,新疆,阿克苏,阿克苏地区妇幼保健院,妇产科学,孕产保健部,,,2.4,,产科常见病、多发病的诊断治疗，尤其对孕产期妇女的个体化饮食营养分析与指导有独到的见解。,,,,,,,,
席晓娥,新疆,阿克苏,阿克苏地区妇幼保健院,妇产科学,妇产科,,,2.4,,乳腺疾病、妊娠期高血压、糖尿病等妊娠合并症的诊治及产后康复。,,,,,,,,
张新岚,新疆,阿克苏,阿克苏地区妇幼保健院,其他,妇女保健科,,,2.6,,妇女常见病、多发病、疑难病、复发性霉菌性阴道炎、滴虫性阴道炎、流产后并发症、子宫内膜炎的诊治；特别在可视无痛人流，无痛上、取环手术上有独特的技术。,,,,,,,,
王泓霞,新疆,阿克苏,阿克苏地区妇幼保健院,其他,妇女保健科,,,2.6,,对妇产科常见病、多发病、疑难病的诊疗有丰富的经验，擅长对宫颈疾病（子宫颈炎、宫颈糜烂、宫颈癌的筛查、宫颈癌前病变）、不孕不育症、子宫肌瘤、卵巢囊肿的诊治，尤其在子宫输卵管造影术、子宫输卵管通液术等方面有独特的技术。,,,,,,,,
石红,新疆,阿克苏,阿克苏地区妇幼保健院,其他,妇女保健科,,,2.6,,处理产科异常产程、产科急危重症及急危症剖宫产等，妇科子宫全切、妇科微创手术、处女膜修补术、阴道紧缩术、宫\腹腔镜检查及治疗、不孕不育症检查与治疗、中西医结合治疗盆腔炎等。,,,,,,,,
阿依古丽艾麦提,新疆,阿克苏,阿克苏地区妇幼保健院,其他,妇女保健科,,,2.6,,对妇产科常见病、多发病、疑难病的诊疗有丰富的经验，擅长诊治内分泌失调、卵巢综合征等妇科内分泌疾病，阴道炎、子宫内膜炎等生殖器炎症；尤其在先兆流产、反复自然流产等各种流产治疗方面有独特的技术。,,,,,,,,
王军梅,新疆,阿克苏,阿克苏地区妇幼保健院,其他,儿童保健部,,,2.4,,婴幼儿、儿童饮食喂养与指导，婴幼儿运动发育评估与指导，儿童营养性疾病、儿童生长障碍性疾病的诊治等。,,,,,,,,
努尔古丽·依斯拉木,新疆,阿克苏,阿克苏地区妇幼保健院,其他,儿童保健部,,,2.4,,从事儿童保健工作二十多年，有丰富的儿童保健工作经验，着重于儿童生长发育检测与评估、儿童营养指导、儿童营养性疾病诊断与治疗，擅长儿童常见病、多发病的诊治。,,,,,,,,
卢国庆,新疆,阿克苏,阿克苏地区妇幼保健院,其他,儿童保健部,,,2.4,,新生儿科、儿科常见病及多发病的诊治，尤其对儿童呼吸系统、消化系统疾病，儿科、新生儿科疑难危重病的诊治有较深造诣。对儿童认知心理发育评估与指导，儿童行为发育异常等疾病的诊治有独到的见解，填补了南疆片区儿童认知心理诊疗的空白。,,,,,,,,
龚爱兰,新疆,阿克苏,阿克苏地区妇幼保健院,其他,儿童保健部,,,2.4,,新生儿科、儿科常见病、多发病的诊疗及儿童生长发育的检测与评估，在贫血、营养不良、佝偻病等营养性疾病，小儿支气管肺炎、支气管哮喘、小儿腹泻病等诊治上有较深造诣。,,,,,,,,
许雯静,新疆,阿克苏,阿克苏地区妇幼保健院,其他,检验科,,,2.4,,血液、体液、生化、免疫、筛查等方面检验技术及质量控制。,,,,,,,,
马宁娜,新疆,阿克苏,阿克苏地区妇幼保健院,其他,检验科,,,2.4,,生物化学检验及质量控制。,,,,,,,,
冯立明,新疆,阿克苏,阿克苏地区妇幼保健院,其他,功能影像科,,,2.4,,心脏超声、腹部超声、产科超生、妇科超声、浅表器官超声、胎儿畸形筛查及心电图常见病、多发病的诊断。,,,,,,,,
常树旗,新疆,阿克苏,阿克苏地区妇幼保健院,其他,功能影像科,,,2.4,,胎儿畸形筛查，婴幼儿髋关节筛查，产科、妇科、腹部、泌尿等超声诊断。,,,,,,,,
李振海,新疆,阿克苏,阿克苏地区妇幼保健院,其他,手术麻醉科,,,2.4,,能够开展气管插管全麻、静脉全麻、椎管内麻醉、无痛分娩麻醉及无痛人流麻醉操作技术。,,,,,,,,
李新红,新疆,阿克苏,阿克苏地区妇幼保健院,其他,手术麻醉科,,,2.4,,椎管内麻醉、静脉麻醉、气管插管全麻。,,,,,,,,
哈斯叶提,新疆,阿克苏,阿克苏地区妇幼保健院,其他,新生儿科,,,2.4,,新生儿、儿科常见病、多发病的诊治，新生儿预防保健。,,,,,,,,
陈瑞,新疆,阿克苏,阿克苏地区妇幼保健院,其他,新生儿科,,,2.4,,儿科、新生儿科常见病、多发病诊疗，对早产儿、窒息患儿及并发症有丰富的诊疗经验。,,,,,,,,
孙宏岗,新疆,阿克苏,阿克苏地区中医医院,中医,骨伤科,副主任医师,,3.0,5,采用中医诊疗方法结合现代医学诊断技术治疗骨科疾病。对中西医结合治疗颈椎病、腰椎间盘突出、腰椎管狭窄、急慢性滑膜炎、骨关节病等骨科常见疾病有丰富的临床经验。擅长四肢骨折、关节脱位的手法整复及中药内服外敷治疗。特色:小针刀配合手法松解治疗各种腱鞘疾病及颈椎、腰椎、膝关节及肩周疾病。善于从“痰”“瘀”“虚”三因辩证治疗早中期股骨头缺血性坏死。,"2,814次",0篇,5位,0位,0位,,,
刘晋豪,新疆,阿克苏,阿克苏地区中医医院,中医,骨伤科,住院医师,,2.9,,,"2,181次",0篇,0位,0位,0位,,,
朱栩宏,新疆,阿克苏,阿克苏地区中医医院,中医,骨伤科,副主任医师,,2.9,,骨科相关疾病的诊治,,,,,,,,
郑志江,新疆,阿克苏,阿克苏地区中医医院,中医,骨伤科,住院医师,,2.8,4,颈肩腰腿痛的中医治疗有独特的研究,"3,328次",0篇,4位,0位,0位,,,
陈聪,新疆,阿克苏,阿克苏地区中医医院,中医,骨伤科,住院医师,,2.8,,,,,,,,,,
唐军,新疆,阿克苏,阿克苏地区中医医院,中医,外科,主任医师,,2.7,,运用针灸治疗腰椎间盘突出症、中风后遗症及面瘫、神经及血管性头痛，胃肠功能紊乱、痛经等疾病,,,,,,,,
于素甫江·苏来曼,新疆,阿克苏,阿克苏地区中医医院,中医,外科,副主任医师,,2.7,,中风、面瘫、不寐、平衡针法治疗腰痛、腰椎间盘突出、急性腰扭伤、颈椎病、膝痹；各种关节痛证，痹症、落枕等疾病的治疗。,,,,,,,,
邵彦,新疆,阿克苏,阿克苏地区中医医院,中医,外科,主治医师,,2.6,,针灸、浮针、小针刀等中医疗法，对中风、面瘫、失眠、各类痛证等多种疑难杂症的治疗及康复。,,,,,,,,
张智飞,新疆,阿克苏,阿克苏地区中医医院,中医,外科,主治医师,,2.5,,外科微创腔镜手术治疗，特别是前列腺疾病的微创治疗、肾结石、肾脏肿瘤、肾上腺肿瘤的外科微创治疗。,,,,,,,,
赵泽英,新疆,阿克苏,阿克苏地区中医医院,中医,内科,副主任医师,,2.7,,呼吸、脾胃、内分泌疾病的诊治,,,,,,,,
陈景华,新疆,阿克苏,阿克苏地区中医医院,中医,内科,主任医师,,2.7,,治疗急慢性支气管炎、肺心病、冠心病、胃炎、糖尿病、甲状腺功能亢进、痛风、睡眠障碍、偏头痛、痤疮及男性性功能障碍，前列腺疾病,,,,,,,,
唐海飞,新疆,阿克苏,阿克苏地区中医医院,中医,内科,主治医师,,2.6,,,,,,,,,,
孙霓虹,新疆,阿克苏,阿克苏地区中医医院,中医,针灸推拿康复科,副主任医师,,2.8,,中医内科，中草药治疗对呼吸道疾病、胃脘病、头痛病、不寐病（睡眠障碍）郁证、妇科等；各类急慢性疼痛治疗，对颈椎病、腰椎间盘突出症、肩周炎、骨关节病、类风湿性关节炎、强直性脊椎炎等治疗,,,,,,,,
白明明,新疆,阿克苏,阿克苏地区中医医院,中医,针灸推拿康复科,住院医师,,2.7,,"1.传统针刺手法结合子午流注针法定时开穴治疗顽固性面瘫；
2.针刺蝶腭神经节治疗过敏性鼻炎；
3.浮针治疗腱鞘炎，网球肘，颈肩腰腿痛等痹症。","2,174次",0篇,0位,0位,0位,,,
韩海亭,新疆,阿克苏,阿克苏地区中医医院,中医,心病科,副主任医师,,2.7,,心血管疾病介入手术：选择性冠状动脉造影术、冠脉支架植入、临时及永久性起搏器植入术、射频消融术等。,,,,,,,,
何超文,新疆,阿克苏,阿克苏地区中医医院,中医,心病科,主治医师,,2.7,,中西医结合治疗高血压及其并发症、冠心病、难治性心力衰竭、心肌炎、心律失常、植物神经功能紊乱、失眠等疾病,,,,,,,,
韩淑霞,新疆,阿克苏,阿克苏地区中医医院,中医,妇产科,副主任医师,,2.5,,妇科常见病，多发，及疑难杂症进行中西医治疗。,,,,,,,,
于志良,新疆,阿克苏,阿克苏地区中医医院,中医,儿科,住院医师,,2.6,,,,,,,,,,
仝永利,新疆,阿克苏,阿克苏地区中医医院,中医,肺病、脾胃病科,副主任医师,,2.5,,急慢性支气管炎，间质性肺炎，肺纤维化，肺心病，哮喘等呼吸系统疾病以及急慢性胃炎、肠炎、腹泻、溃疡性结肠炎等消化系统疾病的诊治,,,,,,,,
刘雅静,新疆,阿克苏,阿克苏地区中医医院,其他,急诊科,副主任医师,,2.5,,治疗冠心病、高血压、胆道、胃肠疾病、糖尿病、甲状腺功能亢进、甲状腺功能减退、睡眠障碍、偏头痛、及急性心肌梗塞、急性脑梗塞、急性呼吸道疾病、消化道出血、药物中毒、食物中毒、溺水、酒精中毒、一氧化碳中毒、急性创伤、电击伤等的急诊急救,,,,,,,,
吉宗杲,新疆,阿克苏,沙雅县人民医院,内科,心血管高血压科,主治医师,,2.6,5,高血压，冠心病,"4,039次",0篇,5位,5位,5位,,,
冯春花,新疆,阿克苏,沙雅县人民医院,内科,心血管高血压科,主治医师,,2.7,18,高血压、冠心病,"7,849次",0篇,18位,18位,18位,,,
刘辉园,新疆,阿克苏,沙雅县人民医院,内科,心血管高血压科,住院医师,,2.6,155,心血管相关疾病，高血压等,"12,796次",0篇,155位,153位,154位,,,
雷宏娣,新疆,阿克苏,沙雅县人民医院,内科,心血管高血压科,住院医师,,2.4,1292,高血压，心脏病等心脑血管疾病的诊治,"102,475次",57篇,1292位,138位,138位,,,
李永波,新疆,阿克苏,沙雅县人民医院,内科,心血管高血压科,住院医师,,2.4,2,高血压，冠心病，心衰等疾病的诊治,"4,309次",0篇,2位,1位,2位,,,
刘进,新疆,阿克苏,沙雅县人民医院,内科,大内科,住院医师,,2.6,,心血管，高血压，呼吸内科，感染内科性病方面，男科方面,"2,433次",0篇,0位,0位,0位,,,
王磊,新疆,阿克苏,沙雅县人民医院,内科,大内科,主治医师,,2.4,,擅长胃肠镜操作及诊断、消化疾病急重症的治疗。,,,,,,,,
麻梦娇,新疆,阿克苏,沙雅县人民医院,内科,内分泌科,住院医师,,2.4,,内分泌科常见疾病,"3,412次",0篇,0位,0位,0位,,,
吾斯曼·吐尔地,新疆,阿克苏,沙雅县人民医院,外科,普外科,主治医师,,2.5,,擅长普外科胃肠、肝胆、胰腺疾病诊治及腹腔镜胆囊切除术(LC)、腹腔镜阑尾切除(LA)、腹腔镜疝修补术(TAPP)的各种治疗，尤其对胆道结石腹腔镜手术、腹部外伤肝脾破裂修补和(或)切除手术、乳腺良性肿瘤切除术、巨大腹壁疝补片无张力修补术诊治技术娴熟有独到的见解。,,,,,,,,
王虎,新疆,阿克苏,沙雅县人民医院,其他,康复科,主治医师,,2.5,,擅长脑卒中后遗症、面瘫、脊柱关节相关疾病的康复理疗以及慢性胃炎、慢性支气管炎、支气管哮喘、高血脂症等内科疾病及失眠症、过敏性鼻炎的穴位埋线治疗与亚健康状态的中医调理。,,,,,,,,
胡春香,新疆,阿克苏,沙雅县人民医院,其他,中医科,住院医师,,2.6,,颈肩腰腿痛，皮肤病，妇科疾病等,"2,344次",0篇,0位,0位,0位,,,
海豹,新疆,阿克苏,沙雅县人民医院,其他,皮肤科,主治医师,,2.8,,擅长中西医结合治疗皮炎、湿疹、痤疮、银屑病等皮肤科常见病;对风湿病、心血管、呼吸科常见病中西医结合治疗有丰富经验。,,,,,,,,
祁玉诚,新疆,阿克苏,温宿县人民医院,内科,普通内科,主治医师,,2.7,37,高血压，急慢性心衰，冠心病，心律失常，心肌病，高血脂等内科常见疾病的诊治,"14,439次",0篇,37位,37位,37位,,,
侯淑萍,新疆,阿克苏,温宿县人民医院,内科,普通内科,主治医师,,2.7,148,高血压，急慢性心衰，冠心病，心律失常，心肌病，高血脂，慢阻肺，哮喘，慢性咳嗽等内科常见疾病的诊治。,"41,582次",4篇,148位,132位,135位,,,
王耀玲,新疆,阿克苏,温宿县人民医院,内科,普通内科,主治医师,,2.6,,高血压，急慢性心衰，冠心病，心律失常，心肌病，高血脂等内科常见疾病的诊治,"4,728次",0篇,0位,0位,0位,,,
杨俊,新疆,阿克苏,温宿县人民医院,内科,普通内科,住院医师,,2.6,,高血压，急慢性心衰，冠心病，心律失常，心肌病，高血脂等内科常见疾病的诊治,"5,225次",0篇,0位,0位,0位,,,
程宏森,新疆,阿克苏,温宿县人民医院,内科,普通内科,住院医师,,2.5,,高血压，急慢性心衰，冠心病，心律失常，心肌病，高血脂等内科常见疾病的诊治,"3,873次",0篇,0位,0位,0位,,,
伊曼丽,新疆,阿克苏,温宿县人民医院,内科,普通内科,住院医师,,2.4,3,高血压，急慢性心衰，冠心病，心律失常，心肌病，高血脂，慢阻肺，哮喘，慢性咳嗽等内科常见疾病的诊治,"9,458次",0篇,3位,1位,1位,,,
许刚,新疆,阿克苏,温宿县人民医院,内科,普通内科,住院医师,,2.4,3,高血压，急慢性心衰，冠心病，心律失常，心肌病，高血脂等内科常见疾病的诊治以及急危重症患者的救治,"7,910次",0篇,3位,3位,3位,,,
吴杰,新疆,阿克苏,温宿县人民医院,其他,五官科,住院医师,,2.6,1,眼科疾病,"8,378次",0篇,1位,0位,0位,,,
段石祥,新疆,阿克苏,拜城县人民医院,内科,心血管内科,主任医师,,2.8,12,高血压，急慢性心衰，冠心病，心律失常，心肌病，高血脂等内科常见疾病的诊治,"7,615次",0篇,12位,12位,12位,,,
王鹏贺,新疆,阿克苏,拜城县人民医院,内科,心血管内科,住院医师,,2.6,,心血管疾病,"4,153次",0篇,0位,0位,0位,,,
杨华,新疆,阿克苏,拜城县人民医院,内科,心血管内科,主治医师,,2.6,77,高血压，急慢性心衰，冠心病，心律失常，心肌病，高血脂等内科常见疾病的诊治,,1篇,0位,0位,0位,,,
陈冰轲,新疆,阿克苏,拜城县人民医院,内科,心血管内科,住院医师,,2.5,,心血管疾病,"3,790次",0篇,0位,0位,0位,,,
魏莎,新疆,阿克苏,拜城县人民医院,内科,心血管内科,住院医师,,2.5,1,高血压、冠心病、心律失常、心功能不全,"4,868次",0篇,1位,0位,0位,,,
鲁秀梅,新疆,阿克苏,拜城县人民医院,内科,心血管内科,住院医师,,2.5,3,高血压冠心病等心脑血管疾病,"5,307次",0篇,3位,2位,2位,,,
张健健,新疆,阿克苏,拜城县人民医院,内科,内分泌科,副主任医师,,2.7,12,糖尿病及其并发症，甲状腺疾病，以及垂体、性腺、肾上腺等疾病的诊治,"6,465次",0篇,12位,12位,12位,,,
刘延国,新疆,阿克苏,拜城县人民医院,内科,内分泌科,住院医师,,2.6,44,糖尿病及其并发症，甲状腺疾病，以及垂体、性腺、肾上腺等疾病的诊治,"15,552次",0篇,44位,44位,44位,,,
王芳强,新疆,阿克苏,阿瓦提县人民医院,内科,普通内科,住院医师,,2.6,1,普通内科常见疾病的诊治，如高血压，冠心病，糖尿病等,,0篇,0位,1位,1位,,,
李青松,新疆,阿克苏,阿瓦提县人民医院,内科,普通内科,主治医师,,2.6,,高血压，急慢性心衰，冠心病，心律失常，心肌病，高血脂，糖尿病等内科常见疾病的诊治,,0篇,0位,0位,0位,,,
杨川游,新疆,阿克苏,阿瓦提县人民医院,内科,普通内科,住院医师,,2.6,42,内科常见疾病的诊断治疗，如心脑血管疾病，糖尿病，高血压，心力衰竭，肾病，血液系统等相关疾病。,"14,724次",0篇,42位,41位,41位,,,
亚生·买买提,新疆,阿克苏,阿瓦提县人民医院,内科,普通内科,住院医师,,2.5,,普通内科常见疾病的诊治，如心脑血管疾病，糖尿病，高血压等,"4,366次",0篇,0位,0位,0位,,,
许威,新疆,阿克苏,阿瓦提县人民医院,外科,普外科,主治医师,,2.7,4,腹部外科 肝胆外科 甲状腺外科 乳腺外科,"12,978次",0篇,4位,0位,0位,,,
周强,新疆,阿克苏,阿瓦提县人民医院,外科,骨科,主治医师,,2.6,,四肢创伤，脊柱外科疾病的诊治，以及脊柱源性疼痛的诊治等。,"3,052次",0篇,0位,0位,0位,,,
梁国敏,新疆,阿克苏,乌什县人民医院,内科,急诊科,,,2.4,,,,,,,,,,
乔维珍,新疆,阿克苏,乌什县人民医院,妇儿,儿科,主治医师,,2.6,,儿科、新生儿科常见疾病的诊治等,"3,182次",0篇,0位,0位,0位,,,
焦玲,新疆,阿克苏,乌什县人民医院,其他,五官科,住院医师,,2.6,,青光眼、白内障等眼科常见病，耳、鼻、咽喉常见病,"5,935次",0篇,0位,0位,0位,,,
王浩,新疆,阿克苏,阿克苏市人民医院,内科,消化内科,住院医师,研究员,2.6,12,消化性溃疡、慢性胃炎，胃肠息肉，反流性食管炎，糜烂性胃炎，胆囊炎，胰腺炎，肝脏疾病。,"48,508次",2篇,12位,0位,0位,,,
周俊,新疆,阿克苏,库车县第二人民医院,其他,内科,主任医师,,2.8,16,冠心病、高血压、内科及内科急危重症的诊治，尤其擅长冠心病的介入治疗和心脏永久起搏器的植入。,"31,639次",8篇,16位,0位,0位,,,
