﻿姓名,省/直辖市,市/区,医院,科室类别,科室,职称,教育职称,综合推荐热度,在线问诊量,擅长,个人网站总访问,个人网站总文章,个人网站总患者,微信诊后报道患者,总诊后报到患者,诊后服务星,诊治后患者数,随访中患者数
陈燕,新疆,克拉玛依,克拉玛依市中心医院,内科,呼吸科,主任医师,副教授,3.2,,呼吸危重症救治、肺部疑难病诊治（肺血管病、肺间质性疾病、肺部结节等）、气管镜检查及治疗,,,,,,,,
何忠明,新疆,克拉玛依,克拉玛依市中心医院,内科,呼吸科,主任医师,,3.4,,擅长于睡眠呼吸障碍性疾病，各种睡眠障碍，慢性阻塞性肺疾病等呼吸系统常见疾病及各种原因引起的急、慢性呼吸衰竭的诊治,,,,,,,,
雷清生,新疆,克拉玛依,克拉玛依市中心医院,内科,呼吸科,主任医师,副教授,3.2,,纤维支管镜检查、诊断、治疗；肺癌、哮喘、慢阻肺、肺心病、弥漫性肺部疾病,,,,,,,,
宋玉玲,新疆,克拉玛依,克拉玛依市中心医院,内科,呼吸科,副主任医师,,3.1,,结核病、呼吸内科,,,,,,,,
李鸿霞,新疆,克拉玛依,克拉玛依市中心医院,内科,呼吸科,主任医师,,3.1,,纤维支气管镜检查，重症监护机械通气治疗，睡眠疾病诊治，支 气管哮喘诊治，COPD诊治，肺栓塞诊治，等呼吸系统常见病多发病的诊断治疗,,,,,,,,
郭红,新疆,克拉玛依,克拉玛依市中心医院,内科,呼吸科,主任医师,,3.1,,擅长呼吸系统常见病的诊断和治疗,,,,,,,,
朱造荣,新疆,克拉玛依,克拉玛依市中心医院,内科,呼吸科,副主任医师,,3.0,,,,,,,,,,
周黎黎,新疆,克拉玛依,克拉玛依市中心医院,内科,消化内分泌科,主任医师,,3.0,,内科疑难、危重症,,,,,,,,
赵迎春,新疆,克拉玛依,克拉玛依市中心医院,内科,消化内分泌科,副主任医师,,2.9,,甲状腺疾病、糖尿病,,,,,,,,
象仁欠,新疆,克拉玛依,克拉玛依市中心医院,内科,消化内分泌科,主任医师,,2.8,,消化内镜诊断及镜下介入治疗,,,,,,,,
刘光英,新疆,克拉玛依,克拉玛依市中心医院,内科,消化内分泌科,副主任医师,,2.8,,内镜操作、消化系统疾病,,,,,,,,
崔童,新疆,克拉玛依,克拉玛依市中心医院,内科,消化内分泌科,副主任医师,,2.8,,擅长消化危重症救治，消化内镜的早期精查，消化内镜下治疗（包括内镜止血、食管静脉曲张套扎、胃底静脉组织胶注射、EMR等）等,,,,,,,,
阳新,新疆,克拉玛依,克拉玛依市中心医院,内科,消化内分泌科,,,2.7,,糖尿病及并发症、肥胖、代谢综合症，甲状腺疾病，肾上腺疾病等诊断及治疗工作,,,,,,,,
梁文宝,新疆,克拉玛依,克拉玛依市中心医院,内科,神经内科,副主任医师,,3.0,,擅长脑血管病的介入诊断和治疗,,,,,,,,
许风雷,新疆,克拉玛依,克拉玛依市中心医院,内科,神经内科,主任医师,,2.9,,擅长脑血管疾病、肌张力障碍性疾病的诊治,,,,,,,,
王力,新疆,克拉玛依,克拉玛依市中心医院,内科,神经内科,副主任医师,,2.9,,,,,,,,,,
热衣汗,新疆,克拉玛依,克拉玛依市中心医院,内科,神经内科,副主任医师,,2.9,,脑血管病、癫痫、神经系统感染性疾病,,,,,,,,
李建玲,新疆,克拉玛依,克拉玛依市中心医院,内科,神经内科,主任医师,,2.9,,擅长脑血管病、周围神经病及癫痫等疾患诊治,,,,,,,,
罗瑞,新疆,克拉玛依,克拉玛依市中心医院,内科,神经内科,住院医师,,2.7,,,,0篇,0位,0位,0位,,,
冯梅,新疆,克拉玛依,克拉玛依市中心医院,内科,急救中心,主任医师,,2.9,,擅长急救领域常见病、多发病、疑难病症的诊断与治疗等,,,,,,,,
叶舟,新疆,克拉玛依,克拉玛依市中心医院,内科,急救中心,主任医师,,3.0,,,,,,,,,,
陈垦,新疆,克拉玛依,克拉玛依市中心医院,内科,急救中心,主任医师,,3.0,,多发伤的救治及急性重症胰腺炎,,,,,,,,
陶玲,新疆,克拉玛依,克拉玛依市中心医院,内科,急救中心,主任医师,,2.9,,急救内科及危重症,,,,,,,,
穆沙,新疆,克拉玛依,克拉玛依市中心医院,内科,急救中心,副主任医师,,2.8,,普外科和急诊外科,,,,,,,,
王毅,新疆,克拉玛依,克拉玛依市中心医院,内科,感染科,主任医师,,3.0,,急慢性肝炎、肝硬化,,,,,,,,
彭朝荣,新疆,克拉玛依,克拉玛依市中心医院,内科,感染科,主任医师,,2.9,,擅长肝硬化合并上消化道出血、肝肾综合征、肝性脑病、原发性腹膜炎、电解质紊乱、原发性肝癌等,,,,,,,,
杨奇帅,新疆,克拉玛依,克拉玛依市中心医院,内科,感染科,主任医师,,2.9,,对病毒性肝炎和艾滋病及其并发症的临床诊治亦有较深的研究,,,,,,,,
马凌,新疆,克拉玛依,克拉玛依市中心医院,内科,感染科,副主任医师,,2.9,,心血管病、结核病,,,,,,,,
朴贞秀,新疆,克拉玛依,克拉玛依市中心医院,内科,感染科,,,2.8,,病毒性肝炎，肝硬化，脂肪肝等急、慢性肝病,,,,,,,,
宋艳芳,新疆,克拉玛依,克拉玛依市中心医院,内科,肾病风湿科,主任医师,副教授,3.1,,主要从事肾脏病、风湿系统疾病、血液净化技术等方面的诊断和治疗,,,,,,,,
环文英,新疆,克拉玛依,克拉玛依市中心医院,内科,肾病风湿科,主任医师,,3.0,,痛风、类风湿关节炎、强直性脊柱炎、骨质疏松和干燥综合征的诊治,,,,,,,,
张红,新疆,克拉玛依,克拉玛依市中心医院,内科,肾病风湿科,主任医师,,2.9,,肾病、风湿性疾病,,,,,,,,
张奇峰,新疆,克拉玛依,克拉玛依市中心医院,内科,肾病风湿科,主任医师,,2.8,,"风湿免疫性疾病,以类风湿关节炎、强直性脊柱炎为主的诊断和治疗等",,,,,,,,
高锦风,新疆,克拉玛依,克拉玛依市中心医院,内科,内科,副主任医师,,2.9,,神经内科、老年病,,,,,,,,
宋镇,新疆,克拉玛依,克拉玛依市中心医院,内科,内科,主任医师,,2.8,,内科肾脏疾病,,,,,,,,
高庆江,新疆,克拉玛依,克拉玛依市中心医院,内科,内科,主任医师,,2.8,,内科老年疾病的防治及恶性肿瘤化疗,,,,,,,,
古力巴克.铁朱诺夫,新疆,克拉玛依,克拉玛依市中心医院,内科,内科,副主任医师,,2.8,,心血管疾病,,,,,,,,
贺军,新疆,克拉玛依,克拉玛依市中心医院,内科,心血管内科,主任医师,,2.9,1,心血管内科常见病、多发病、疑难病,,0篇,0位,0位,0位,,,
苟志平,新疆,克拉玛依,克拉玛依市中心医院,内科,心血管内科,副主任医师,,2.9,,冠心病，心律失常，高血压以及心血管,,,,,,,,
林玺安,新疆,克拉玛依,克拉玛依市中心医院,内科,心血管内科,主任医师,,2.9,,冠心病、高血压病、心律失常,,,,,,,,
刘晓红,新疆,克拉玛依,克拉玛依市中心医院,内科,心血管内科,主任医师,,2.8,,老年心血管疾病,,,,,,,,
何桂英,新疆,克拉玛依,克拉玛依市中心医院,内科,高压氧科,副主任医师,,2.9,,内科常见病诊断治疗，高压氧诊疗学,,,,,,,,
廖燚,新疆,克拉玛依,克拉玛依市中心医院,外科,骨科,主任医师,,3.2,,脊柱外科疾病，关节外科疾病，骨创伤等疾病的诊治,"4,504次",0篇,0位,0位,0位,,,
张德华,新疆,克拉玛依,克拉玛依市中心医院,外科,骨科,副主任医师,,2.9,3,创伤，关节疾病等,"2,172次",0篇,3位,0位,0位,,,
付新民,新疆,克拉玛依,克拉玛依市中心医院,外科,骨科,主任医师,,2.9,,骨科(四肢和脊柱)的常见病和多发病，尤其在四肢骨、关节、神经、血管，肌腱的创伤和病损的修复与功能锻重建,,,,,,,,
汪少波,新疆,克拉玛依,克拉玛依市中心医院,外科,骨科,主任医师,,2.9,,熟练开展脊柱疾患的各类手术以及通道系统、MED、椎间孔镜等各种脊柱微创手术。人工髋、膝关节置换术，四肢骨折的微创手术等,,,,,,,,
巴雪峰,新疆,克拉玛依,克拉玛依市中心医院,外科,骨科,主任医师,,2.9,,擅长各种类型骨质疏松疾病的诊断和治疗。对常见脊柱伤病及四肢创伤骨折的诊断治疗有较丰富的临床经验,,,,,,,,
拉华欠,新疆,克拉玛依,克拉玛依市中心医院,外科,骨科,主任医师,,2.9,,擅长颈肩腰腿痛、脊柱微创、四肢创伤、老年髋部骨折、人工关节置换、骨关节病及骨质疏松等,,,,,,,,
毛峰,新疆,克拉玛依,克拉玛依市中心医院,外科,骨科,副主任医师,,2.9,,擅长髋膝关节的初次置换及翻修，四肢骨折的微创诊疗，复杂关节内骨折，骨盆髋臼骨折的诊疗，以及脊柱的创伤及退变性疾患的诊疗,,,,,,,,
谢鸿,新疆,克拉玛依,克拉玛依市中心医院,外科,骨科,副主任医师,,2.8,,创伤骨科及骨关节损伤,,,,,,,,
凌立省,新疆,克拉玛依,克拉玛依市中心医院,外科,骨科,副主任医师,,2.8,,骨科创伤、手外伤、老年骨关节病,,,,,,,,
刁红亮,新疆,克拉玛依,克拉玛依市中心医院,外科,普胸外科,主任医师,,2.9,,擅长肝胆胰、消化道肿瘤微创和规范外科治疗，肝 内外胆管结石微创治疗，较为复杂的腹部创伤和普外科危急重症抢救治疗,,,,,,,,
佟箫兵,新疆,克拉玛依,克拉玛依市中心医院,外科,普胸外科,主任医师,副教授,3.1,620,食管癌、贲门癌，肺癌，纵膈肿瘤的常规手术及胸腔镜微创治疗；以及胸部良性疾病的诊治;如自发性气胸、肺大泡、肺部良性肿瘤、贲门失弛缓症的微创治疗；在胸部创伤诊治方面积累了丰富经验。对普通外科的甲状腺、乳腺疾病、胆囊结石、胆管结石、急、慢性胆囊炎、返流性食管炎、胃肠道肿瘤等方面深入的研究及丰富的临床经验！,"602,701次",2篇,620位,18位,18位,,,
丁锦辉,新疆,克拉玛依,克拉玛依市中心医院,外科,普胸外科,主任医师,,3.0,,普外科的疑难杂症、尤其擅长血管外科疾病的诊断和血管介入及开放手术，甲状腺乳腺肿瘤的诊治,,,,,,,,
刘永江,新疆,克拉玛依,克拉玛依市中心医院,外科,普胸外科,副主任医师,,2.9,,泌尿外科肿瘤、结石畸形及老年前列腺,,,,,,,,
罗超英,新疆,克拉玛依,克拉玛依市中心医院,外科,普胸外科,副主任医师,,2.8,,甲状腺乳腺，肝，胆，脾，胃，结肠， 直肠的手术,,,,,,,,
吾尔班,新疆,克拉玛依,克拉玛依市中心医院,外科,普胸外科,副主任医师,,2.8,,甲状腺乳腺，肝，胆，脾，胃，结肠，直肠的手术,,,,,,,,
刘明,新疆,克拉玛依,克拉玛依市中心医院,外科,泌尿外科,副主任医师,,3.1,23,泌尿系统结石、前列腺疾患的诊治。,"34,221次",0篇,23位,1位,1位,,,
陆敬义,新疆,克拉玛依,克拉玛依市中心医院,外科,泌尿外科,主任医师,,3.0,,泌尿外科，男性不育疾病,,,,,,,,
王争信,新疆,克拉玛依,克拉玛依市中心医院,外科,泌尿外科,主任医师,,3.0,,泌尿外科结石，泌尿道感染，女性排尿功能障碍，男性生殖系统各种疾病的诊断治疗等,,,,,,,,
袁新华,新疆,克拉玛依,克拉玛依市中心医院,外科,泌尿外科,副主任医师,,3.0,,,,,,,,,,
胡岚亭,新疆,克拉玛依,克拉玛依市中心医院,外科,泌尿外科,主任医师,,2.9,,泌尿系结石的微创手术治疗（输尿管镜、输尿管软镜、经皮肾镜治疗）；精通各种激光（铥激光、U100激光、钬激光）在泌尿系中的应用；对肾癌的靶向药物治疗（索拉菲尼、舒尼替尼、贝伐单抗等）尤为专精，对前列腺癌的内分泌治疗、膀胱肿瘤的化疗具有丰富的经验,,,,,,,,
王会军,新疆,克拉玛依,克拉玛依市中心医院,外科,烧伤整形科,主任医师,,3.1,2,各类型烧伤、烫伤，皮瓣移植，创面修复，糖尿病足等疾病的诊治，以及重睑，去眼袋，隆鼻等美容整形手术,"2,715次",0篇,2位,0位,0位,,,
李耀,新疆,克拉玛依,克拉玛依市中心医院,外科,烧伤整形科,主治医师,讲师,3.1,6,"1）烧伤后各类瘢痕修复
2）各类创面修复，糖尿病足 、褥疮难愈性创面修复
3）面部年轻化双眼皮、眼部美容手术
4）体表肿物的手术治疗。
5）毛发移植修复毛发缺失
6）副乳、腋臭等手术治疗
7）各类大面积烧伤救治
8）吸入性烧伤的综合救治
9）腋臭手术治疗","9,683次",12篇,6位,3位,3位,,,
蒋永能,新疆,克拉玛依,克拉玛依市中心医院,外科,烧伤整形科,主任医师,,2.9,,烧伤：各种烧伤的诊疗及创面修复。整形美容：疤痕整形、各种先天或后天畸形整形、面部除皱术、吸脂术、重睑术、隆鼻术、眼袋成型术、毛发移植术等。,,,,,,,,
张捷,新疆,克拉玛依,克拉玛依市中心医院,外科,烧伤整形科,副主任医师,,2.9,,各类热烧伤，电烧伤，化学烧伤，冻伤，电击伤及组织缺损的治疗，各种烧伤后畸形，先天畸形的整复及器官再造,,,,,,,,
常建波,新疆,克拉玛依,克拉玛依市中心医院,外科,神经外科,副主任医师,,2.8,,,,,,,,,,
田丰,新疆,克拉玛依,克拉玛依市中心医院,外科,神经外科,副主任医师,,2.8,,脑血管疾病的诊疗,,,,,,,,
刘军乐,新疆,克拉玛依,克拉玛依市中心医院,外科,血管外科,副主任医师,,3.1,2,擅长静脉血栓，静脉曲张，肢体动脉及颈动脉等其他动脉硬化狭窄或闭塞，主动脉瘤，主动脉夹层，血液透析通路，血管瘤等疾病的诊治。,"3,165次",0篇,2位,0位,0位,,,
罗红斌,新疆,克拉玛依,克拉玛依市中心医院,外科,肛肠科,副主任医师,,2.8,,痔疮、肛裂、肛瘘，直肠脱垂,,,,,,,,
周静,新疆,克拉玛依,克拉玛依市中心医院,妇儿,妇产科,主任医师,,3.0,,擅长妇科肿瘤、妇科内分泌疾病、女性不孕症以及盆腔脏器脱垂性疾病的诊治等,,,,,,,,
张永红,新疆,克拉玛依,克拉玛依市中心医院,妇儿,妇产科,主任医师,,3.0,,下生殖道疾病，性传播疾病，妊娠合并症，难产，内分泌疾病,,,,,,,,
秦万平,新疆,克拉玛依,克拉玛依市中心医院,妇儿,妇产科,主任医师,,3.0,,擅长各类妇科疾病的诊治，对妇科肿瘤及盆底障碍性疾病有丰富的临床经验。熟练操作各类妇科微创手术，尤其宫腔镜下的各种手术操作及腹腔镜微创手术,,,,,,,,
梁新芳,新疆,克拉玛依,克拉玛依市中心医院,妇儿,妇产科,副主任医师,,2.9,,妇科肿瘤，内分泌疾病及难产,,,,,,,,
付燕燕,新疆,克拉玛依,克拉玛依市中心医院,妇儿,妇产科,主任医师,,2.9,,擅长妇产科常见的手术，如：子宫全切术，阔韧带肌瘤剜除术、阴式子宫切除术、复杂的卵巢子宫内膜异位症，腹腔镜下卵巢囊肿剥除术，不孕症中如盆腔粘连松解术等,,,,,,,,
叶万安,新疆,克拉玛依,克拉玛依市中心医院,妇儿,妇产科,主任医师,,2.9,,中西医结合治疗血腹症、异位任娠、功能性子宫出血、子宫内膜异位症、不孕症,,,,,,,,
蒲建新,新疆,克拉玛依,克拉玛依市中心医院,妇儿,妇产科,副主任医师,,2.8,,妇科腹腔镜、宫腔镜,,,,,,,,
热孜万.马合木提,新疆,克拉玛依,克拉玛依市中心医院,妇儿,妇产科,副主任医师,,2.8,,不孕症，月经不调，更年期综合症等等疑难杂症,,,,,,,,
鲁菊英,新疆,克拉玛依,克拉玛依市中心医院,妇儿,妇产科,,,2.8,,,,,,,,,,
候曼玉,新疆,克拉玛依,克拉玛依市中心医院,妇儿,妇产科,副主任医师,,2.8,,,,,,,,,,
董晓燕,新疆,克拉玛依,克拉玛依市中心医院,妇儿,妇产科,副主任医师,,2.8,,擅长优生优育、产前诊断、高危妊娠，能积极应对处理临床突发症状：如难产的诊断及治疗，产时及产后出血、羊水栓塞的抢救及 新生儿 复苏等,,,,,,,,
谢勇,新疆,克拉玛依,克拉玛依市中心医院,妇儿,儿科,主任医师,,3.0,,小儿神经、普儿疾病,,,,,,,,
韩文,新疆,克拉玛依,克拉玛依市中心医院,妇儿,儿科,副主任医师,,2.9,,擅长儿童呼吸系统疾病、儿童哮喘及结核病、急危重症抢救、新生儿疾病的诊疗,,,,,,,,
康世金,新疆,克拉玛依,克拉玛依市中心医院,妇儿,儿科,主任医师,,2.9,,擅长小儿神经系统疾病，脑电图，感染性休克、过敏性休克、多器官功能衰竭，重度脱水液体疗法等危重症诊治,,,,,,,,
刘文璐,新疆,克拉玛依,克拉玛依市中心医院,妇儿,儿科,副主任医师,,2.8,,,,,,,,,,
张益枝,新疆,克拉玛依,克拉玛依市中心医院,其他,血液肿瘤科,主任医师,教授,3.3,,擅长常见血液病和肿瘤临床诊断治疗,,,,,,,,
李桂圆,新疆,克拉玛依,克拉玛依市中心医院,其他,血液肿瘤科,副主任医师,,3.2,53,恶性肿瘤的综合治疗（化疗、靶向、免疫和生物治疗等），尤其是恶性胸水、腹水及骨转移癌的综合治疗。,"104,077次",1篇,53位,0位,0位,,,
宋磊,新疆,克拉玛依,克拉玛依市中心医院,其他,血液肿瘤科,主任医师,,3.0,,乳腺肿瘤，甲状腺肿瘤及腹部肿瘤,,,,,,,,
胡军,新疆,克拉玛依,克拉玛依市中心医院,其他,血液肿瘤科,副主任医师,,2.9,,对于胸部肿瘤包括肺癌、乳腺癌及胃肠道肿瘤的化疗、相关肿瘤的综合治疗方面有较深入研究，同时在血液系统常见疾病红细胞疾病及血液肿瘤包括白血病、淋巴瘤、骨髓瘤的诊断治疗上也有一定的专业水准。,,,,,,,,
吴克雄,新疆,克拉玛依,克拉玛依市中心医院,其他,血液肿瘤科,副主任医师,,2.9,,骨髓穿刺细胞形态学、免疫组化检查、诊断。急性白血病、贫血、特发性血小板减少性紫癜；恶性淋巴瘤、多发性骨髓瘤诊断、治疗。恶性实体瘤；肺癌、肝癌、胃肠道肿瘤、乳腺癌、肾癌、膀胱癌的诊断及综合治疗，对癌症晚期姑息治疗、临终关怀治疗及免疫、内分泌治疗，并开展了自体外周血造血干/祖细胞移植支持下的大剂量化疗治疗恶性血液病及乳腺癌,,,,,,,,
冀红红,新疆,克拉玛依,克拉玛依市中心医院,其他,血液肿瘤科,主任医师,,2.9,,擅长各类常见肿瘤疾病的诊断及治疗，尤其在胃癌、乳腺癌、肺癌、肠癌、肝癌等方面有着丰富的临床经验,,,,,,,,
解静荣,新疆,克拉玛依,克拉玛依市中心医院,其他,血液肿瘤科,副主任医师,,2.8,,急、慢性白血病,,,,,,,,
赵乐修,新疆,克拉玛依,克拉玛依市中心医院,其他,血液肿瘤科,副主任医师,,2.8,,,,,,,,,,
唐焱,新疆,克拉玛依,克拉玛依市中心医院,其他,血液肿瘤科,副主任医师,,2.8,,肿瘤的化疗、免疫治疗、内分泌治疗及姑息对症治疗,,,,,,,,
尹斌,新疆,克拉玛依,克拉玛依市中心医院,其他,皮肤科,副主任医师,,3.5,6555,"擅长于中西医结合治疗各种皮肤病，充分运用中医特色治疗银屑病、痤疮、皮炎湿疹、荨麻疹、黄褐斑、白癜风、扁平疣、皮肤瘙痒症等常见病及疑难、顽固性皮肤病，有独特的治疗方法及见解，取得了良好的临床疗效。
擅长手术切除治疗浅表肿物，腋臭微创手术治疗，各型激光治疗设备治疗色素性，血管性等疾病。","834,922次",60篇,6555位,83位,83位,,,
李凡,新疆,克拉玛依,克拉玛依市中心医院,其他,皮肤科,主任医师,,3.4,3,,"11,195次",0篇,3位,0位,0位,,,
华伟,新疆,克拉玛依,克拉玛依市中心医院,其他,皮肤科,副主任医师,,3.3,202,常见皮肤病如皮炎、湿疹、荨麻疹、银屑病、毛发性皮肤病、痤疮、甲病以及性传播疾病具有丰富的临床诊断治疗经验，擅长皮肤科疑难重症诊断治疗，损容性皮肤病诊断治疗，皮肤外科手术治疗和激光美容技术。,"42,839次",11篇,202位,0位,0位,,,
霍亚兰,新疆,克拉玛依,克拉玛依市中心医院,其他,皮肤科,主任医师,,3.2,,擅长湿疹、过敏性皮炎、荨麻疹等过敏性疾病，白癜风、黄褐斑等色素异常性疾病，痤疮等医学美容性疾病以及毛发、甲等皮肤真菌感染性疾病,,,,,,,,
孙泽军,新疆,克拉玛依,克拉玛依市中心医院,其他,皮肤科,主任医师,,3.2,,擅长皮肤性病学的诊断及治疗、中西医结合治疗顽固性、慢性皮肤病等,,,,,,,,
刘引引,新疆,克拉玛依,克拉玛依市中心医院,其他,皮肤科,住院医师,,3.1,3,,14次,0篇,3位,0位,0位,,,
蒋元文,新疆,克拉玛依,克拉玛依市中心医院,其他,影像中心,副主任医师,,2.9,,CT及MR诊断，特别在神经系统影像诊断有较深造诣,,,,,,,,
吕新胜,新疆,克拉玛依,克拉玛依市中心医院,其他,影像中心,主任医师,,2.9,,,,,,,,,,
周宏伟,新疆,克拉玛依,克拉玛依市中心医院,其他,影像中心,主任医师,,2.9,,熟练掌握X线、CT、MRI各项影像检查及诊断技术，对本地区常见病、多发病、急危重症的影像诊断，及对疑难、少见病例的影像诊断有深刻的理解和认识。擅长全身血管CTA、MRA，尤其是冠状动脉、脑动脉、椎动脉、主动脉CTA影像诊断及技术；乳腺疾病的X线钼靶及MRI诊断；消化道肿瘤的CT诊断；女性生殖系统肿瘤影像诊断等,,,,,,,,
孙国良,新疆,克拉玛依,克拉玛依市中心医院,其他,影像中心,副主任医师,,2.9,,CT、MRI影像诊断,,,,,,,,
顾群,新疆,克拉玛依,克拉玛依市中心医院,其他,针灸科,主任医师,,3.2,,面瘫、三叉神经痛、颞颌关节紊乱、颈椎病、落枕、腰突症、膝关节痛、慢性胃炎、月经不调、继发闭经、附件炎及小儿腹泻、腮腺炎,,,,,,,,
朱文罡,新疆,克拉玛依,克拉玛依市中心医院,其他,针灸科,副主任医师,,3.1,,颈椎病、腰椎病、肩周炎、网球肘、腱鞘炎、骨质增质、腰扭伤、关节扭伤、软组织损伤、中风后遗症、面神经麻痹、神经性头痛、失眠、胃肠道疾病、耳鸣、耳聋、前列腺炎、阳痿、早泄等临床各科常见病、多发病及疑难杂症,,,,,,,,
任莲芳,新疆,克拉玛依,克拉玛依市中心医院,其他,针灸科,副主任医师,,3.1,,擅长中医经络辩证，中药内服结合治疗内外妇儿，颈肩腰腿病，内分泌系统等有关疾病。在总结经验的基础上应用改良毫火针治疗痹症，风湿顽疾,,,,,,,,
周东海,新疆,克拉玛依,克拉玛依市中心医院,其他,放射介入科,主任医师,副教授,3.0,,肿瘤的微创介入治疗；咯血、消化道出血、肾出血以及妇产科等出血性疾病的介入栓塞治疗等,,,,,,,,
李炳翠,新疆,克拉玛依,克拉玛依市中心医院,其他,放射介入科,副主任医师,,2.9,,,,,,,,,,
赵志文,新疆,克拉玛依,克拉玛依市中心医院,其他,放射介入科,主任医师,,2.8,,影像诊断和介入治疗,,,,,,,,
唐宏伟,新疆,克拉玛依,克拉玛依市中心医院,其他,麻醉科,副主任医师,,2.8,,对危、急、重症病人的麻醉工作积累了丰富的经验，开展了术后镇痛，靶控输注，有创动静脉监测等,,,,,,,,
孙建国,新疆,克拉玛依,克拉玛依市中心医院,其他,麻醉科,副主任医师,,2.8,,临床麻醉、术后镇痛、有创监测,,,,,,,,
陈旻,新疆,克拉玛依,克拉玛依市中心医院,其他,麻醉科,副主任医师,,2.8,,临床麻醉,"5,520次",0篇,0位,0位,0位,,,
高锦凤,新疆,克拉玛依,克拉玛依市中心医院,其他,干部诊疗科,主任医师,,4.1,210,内科系统慢病的综合诊治，如高血压病、糖尿病和心脑血管疾病等。,,11篇,0位,0位,0位,,,
李小玉,新疆,克拉玛依,克拉玛依市中心医院,其他,干部诊疗科,副主任医师,,3.0,,老年病、心血管疾病,,,,,,,,
朱敏,新疆,克拉玛依,克拉玛依市中心医院,其他,病理科,主任医师,,3.1,,呼吸和消化系统疾病病理诊断及其发病机制的研究,,,,,,,,
胡新梅,新疆,克拉玛依,克拉玛依市中心医院,其他,病理科,主任医师,,2.9,,病理诊断,"5,778次",0篇,0位,0位,0位,,,
彭宇明,新疆,克拉玛依,克拉玛依市中心医院,其他,全科,副主任医师,,2.8,,主要从事各种心血管疾病的诊断与治疗，尤其擅长原发性高血压及继发性高血压的诊断与鉴别诊断,,,,,,,,
何丽,新疆,克拉玛依,克拉玛依市中心医院,其他,全科,副主任医师,,2.8,,擅长擅长糖尿病及并发症、甲状腺疾病等疾病的诊断和治疗,,,,,,,,
魏国,新疆,克拉玛依,克拉玛依市中心医院,其他,营养科,副主任医师,,2.8,,,,,,,,,,
拓宽前,新疆,克拉玛依,克拉玛依市中心医院,其他,营养科,副主任医师,,2.8,,完全胃肠外营养（TPN）、肠内营养（EN）、危重病人救治等,,,,,,,,
杨枫,新疆,克拉玛依,克拉玛依市中心医院,其他,中医肛肠科,主任医师,,3.2,,痔疮、肛裂，肛瘘以及妇科疾病,,,,,,,,
郭理想,新疆,克拉玛依,克拉玛依市中心医院,其他,中医肛肠科,主治医师,,3.1,,擅长中西医结合治疗慢性疲劳综合征、失眠、情志疾病、慢性肾炎、肾病综合征、肾功不全、血尿、蛋白尿、水肿以及男性、妇科相关疾病等,,,,,,,,
马成,新疆,克拉玛依,克拉玛依市中心医院,其他,康复中心,副主任医师,,2.9,,,,,,,,,,
谢志强,新疆,克拉玛依,克拉玛依市中心医院,其他,康复中心,主任医师,,2.9,,擅长脑卒中、截瘫、骨伤的功能评定、康复治疗，矫形器设计与制作,,,,,,,,
秦川,新疆,克拉玛依,克拉玛依市中心医院,其他,超声诊断科,副主任医师,,2.8,,熟练掌握超声介入诊断技术、经食管实时三维超声心动图技术、超声造影技术等目前超声最先进的诊断技术等,,,,,,,,
杨德民,新疆,克拉玛依,克拉玛依市中心医院,其他,超声诊断科,副主任医师,,2.8,,心脏疾病、腹部疾病的超声诊断；超声引导下的穿刺与治疗,,,,,,,,
黄爱萍,新疆,克拉玛依,克拉玛依市中心医院,其他,口腔科,主任医师,,3.0,,口腔正畸,,,,,,,,
张留民,新疆,克拉玛依,克拉玛依市中心医院,其他,口腔科,主治医师,,2.8,,对口腔内科（牙体，牙髓病，口腔黏膜病）疾病的诊断治疗有丰富的经验,,,,,,,,
阿不力克木,新疆,克拉玛依,克拉玛依市中心医院,其他,耳鼻喉科,副主任医师,,2.9,,耳鼻咽喉科的复杂手术,,,,,,,,
陈璇,新疆,克拉玛依,克拉玛依市中心医院,其他,耳鼻喉科,副主任医师,,2.9,,主要从事耳鼻咽喉科常见病的诊断与手术治疗,,,,,,,,
杜刚,新疆,克拉玛依,克拉玛依市中心医院,其他,检验科,主任技师,,2.7,,擅长实验室管理、临床检验、生化检验、实验室生物安全等领域,,,,,,,,
杨明伟,新疆,克拉玛依,克拉玛依市中心医院,其他,疼痛科,主任医师,,2.9,,擅长头疼、神经痛、颈肩痛等各种疼痛的诊断与治疗,,,,,,,,
李剑敏,新疆,克拉玛依,克拉玛依市中心医院,其他,药剂科,副主任药师,,2.9,5,呼吸、消化用药指导，抗感染药物指导,"10,373次",0篇,5位,0位,0位,,,
张风臣,新疆,克拉玛依,克拉玛依市中心医院,其他,中医科,副主任医师,,3.0,,,,,,,,,,
张学平,新疆,克拉玛依,克拉玛依市中心医院,其他,核医学科,副主任技师,,2.8,,对实验室质量控制有较深入的研究,,,,,,,,
姜德,新疆,克拉玛依,克拉玛依市中心医院,其他,眼科,,,2.8,,,,,,,,,,
李建明,新疆,克拉玛依,克拉玛依市中心医院,其他,运动医学科,主任医师,,2.9,,擅长关节镜下前、后交叉韧带重建、半月板修复、肩袖缝合等,,,,,,,,
玛依努尔,新疆,克拉玛依,克拉玛依市中心医院,其他,肝病科,副主任医师,,2.8,,肝病,,,,,,,,
张志明,新疆,克拉玛依,新疆克拉玛依市独山子人民医院,内科,内二科,副主任医师,,2.6,,消化内镜下的诊断及治疗,,,,,,,,
艾尼瓦尔·塔西,新疆,克拉玛依,新疆克拉玛依市独山子人民医院,内科,内二科,副主任医师,,2.6,,脑血管病、椎体外系疾病、癫痫、颅内感染性疾病、头痛、头晕等神经系统疾病的诊治。,,,,,,,,
石青,新疆,克拉玛依,新疆克拉玛依市独山子人民医院,内科,内二科,主任医师,,2.6,,脑血管疾病、帕金森病、头痛、睡眠障碍的诊治,,,,,,,,
刘洋洋,新疆,克拉玛依,新疆克拉玛依市独山子人民医院,内科,内二科,主治医师,,2.5,,神经内科常见病的诊治，如急性脑血管病、头晕、头痛、帕金森病、癫痫等；擅长脑血管造影及血管内介入治疗等。,,,,,,,,
王振伟,新疆,克拉玛依,新疆克拉玛依市独山子人民医院,内科,内二科,主治医师,,2.5,,神经内科疾病的诊断及治疗,,,,,,,,
于芳,新疆,克拉玛依,新疆克拉玛依市独山子人民医院,内科,内二科,副主任医师,,2.5,,胃食管反流病、消化性溃疡、消化道早癌、消化道出血、急慢性胰腺炎、炎症性肠病、肝硬化并发症和其他消化系统常见病、消化道功能障碍性疾病、急症及危重症疾病的诊治,,,,,,,,
陶会荣,新疆,克拉玛依,新疆克拉玛依市独山子人民医院,内科,内二科,副主任医师,,2.5,,脑血管介入诊疗工作（全脑血管造影术、急性脑动脉溶栓术）。,,,,,,,,
温丽,新疆,克拉玛依,新疆克拉玛依市独山子人民医院,内科,内二科,主治医师,,2.4,,使用胃肠道、肝胆、胰腺等各种消化道基础疾病的诊疗,,,,,,,,
李王卫,新疆,克拉玛依,新疆克拉玛依市独山子人民医院,内科,内二科,主治医师,,2.4,,使用胃肠道、肝胆、胰腺等各种消化道基础疾病的诊疗,,,,,,,,
渠述秋,新疆,克拉玛依,新疆克拉玛依市独山子人民医院,内科,内一科,主任医师,,2.5,,心血管常见病（高血压、冠心病、心力衰竭、心律失常、心肌病）、多发病的诊治及急危重疾病救治,,,,,,,,
王玉锴,新疆,克拉玛依,新疆克拉玛依市独山子人民医院,内科,内一科,副主任医师,,2.5,,心血管常见病（高血压、冠心病、高血脂、心律失常）、多发病及急危重症（急性心梗、心衰、恶性心律失常、心源性休克）的处理,,,,,,,,
迟峰丽,新疆,克拉玛依,新疆克拉玛依市独山子人民医院,内科,内一科,副主任医师,,2.5,,,,,,,,,,
邓双龙,新疆,克拉玛依,新疆克拉玛依市独山子人民医院,内科,内一科,主治医师,,2.4,,急诊内科心血管、院前急救,,,,,,,,
田堂印,新疆,克拉玛依,新疆克拉玛依市独山子人民医院,内科,内一科,主治医师,,2.4,,心血管常见病：冠心病、高血压、心律失常、心力衰竭的诊治，及急危重症救治，并能熟练掌握心血管介入手术。,,,,,,,,
桂伟,新疆,克拉玛依,新疆克拉玛依市独山子人民医院,内科,内一科,主治医师,,2.4,,高血压病、心力衰竭、心肌病、冠心病及心律失常诊治,,,,,,,,
彭嘉亮,新疆,克拉玛依,新疆克拉玛依市独山子人民医院,内科,内一科,主治医师,,2.4,,高血压、冠心病、心律失常、心肌病，及急危重症急性心梗、急性心衰、恶性心律失常、心源性休克的处理，心脏康复训练,,,,,,,,
周啸啸,新疆,克拉玛依,新疆克拉玛依市独山子人民医院,内科,内一科,住院医师,,2.4,,高血压、冠心病、心律失常，及急危重症急性心梗、急性心衰、恶性心律失常、心源性休克的处理，具备一定的介入技术血压、冠心病、心律失常，及急危重症急性心梗、急性心衰、恶性心律失常、心源性休克的处理，具备一定的介入技术,,,,,,,,
周叶凤,新疆,克拉玛依,新疆克拉玛依市独山子人民医院,内科,呼吸科,主治医师,,2.9,7,呼吸科常见病等,"8,856次",0篇,7位,5位,6位,,,
张昌甲,新疆,克拉玛依,新疆克拉玛依市独山子人民医院,内科,呼吸科,主治医师,,2.6,,肺部感染、慢阻肺、哮喘、肺结节、睡眠呼吸暂停低通气综合症及支气管镜在肺部疾病中应用,,,,,,,,
雍楠,新疆,克拉玛依,新疆克拉玛依市独山子人民医院,内科,呼吸科,主治医师,,2.6,,慢阻肺、哮喘、支气管扩张、慢性咳嗽、肺栓塞、肺间质纤维化等呼吸系统疾病的中西医结合诊治。,,,,,,,,
梁彤,新疆,克拉玛依,新疆克拉玛依市独山子人民医院,内科,呼吸科,主治医师,,2.6,,肺部感染、慢性气道疾病、咳嗽病因诊断、睡眠呼吸暂停低通气综合症、呼吸机通气治疗、肺功能检查及报告分析,,,,,,,,
郑坤明,新疆,克拉玛依,新疆克拉玛依市独山子人民医院,内科,呼吸科,主治医师,,2.6,,肺部感染、慢性阻塞性肺病、慢性支气管炎、肺栓塞的诊治,,,,,,,,
李萍,新疆,克拉玛依,新疆克拉玛依市独山子人民医院,内科,感染内科,副主任医师,,2.6,,肝病、结核病、小儿传染病、艾滋病以及发热性疾病的诊治。,,,,,,,,
李瑞芝,新疆,克拉玛依,新疆克拉玛依市独山子人民医院,内科,感染内科,副主任医师,,2.6,,肝病、结核病、小儿传染病、以及发热性疾病的诊治。,,,,,,,,
谢小花,新疆,克拉玛依,新疆克拉玛依市独山子人民医院,内科,感染内科,副主任医师,,2.6,,肝病、结核病、小儿传染病、艾滋病以及发热性疾病的诊治。,,,,,,,,
黄维,新疆,克拉玛依,新疆克拉玛依市独山子人民医院,内科,感染内科,副主任医师,,2.6,,各种慢性病、常见病及各种传染病，自身免疫性肝病，脂肪肝、酒精性肝病，肝硬化、肺结核，各类病毒性肝炎的诊断、治疗及健康指导。,,,,,,,,
封旭涛,新疆,克拉玛依,新疆克拉玛依市独山子人民医院,内科,感染内科,住院医师,,2.5,,肝病、结核病、小儿传染病、以及发热性疾病的诊治。,,,,,,,,
胡艳,新疆,克拉玛依,新疆克拉玛依市独山子人民医院,内科,内三科,主治医师,,2.7,,慢性肾小球疾病、慢性肾脏病的诊治，以及血液净化技术及血管通路技术。,,,,,,,,
郑雷,新疆,克拉玛依,新疆克拉玛依市独山子人民医院,内科,内三科,主治医师,,2.6,,糖尿病、甲状腺疾病、甲状腺结节穿刺术等代谢内分泌疾病的诊治,,,,,,,,
王雪华,新疆,克拉玛依,新疆克拉玛依市独山子人民医院,内科,内三科,住院医师,,2.4,,内分泌相关疾病，糖尿病及其并发症，甲亢，甲减，甲旁亢、垂体和肾上腺疾病、高脂血症等的内分泌代谢病的诊治。,,,,,,,,
贺晓君,新疆,克拉玛依,新疆克拉玛依市独山子人民医院,内科,内三科,住院医师,,2.4,,慢性肾功能不全病人诊断、治疗及尿毒症血液透析病人的管理。,,,,,,,,
刘建华,新疆,克拉玛依,新疆克拉玛依市独山子人民医院,内科,急诊科,副主任医师,,2.7,,心脑血管急症,,0篇,0位,0位,0位,,,
陈和兵,新疆,克拉玛依,新疆克拉玛依市独山子人民医院,外科,骨科,主任医师,,2.7,2,关节炎、膝关节损伤、股骨头坏死、踝部扭伤、骨折等疾病的诊治,"3,050次",0篇,2位,0位,0位,,,
才林,新疆,克拉玛依,新疆克拉玛依市独山子人民医院,外科,骨科,主任医师,,2.5,,复杂性骨折、脊柱骨科、髋膝关节置换等治疗。,,,,,,,,
曾宪博,新疆,克拉玛依,新疆克拉玛依市独山子人民医院,外科,骨科,副主任医师,,2.5,,骨科常见病、颈肩腰腿痛、射频微创手术治疗颈腰椎间盘突出症、带状疱疹后遗痛等疾病。,,,,,,,,
李培,新疆,克拉玛依,新疆克拉玛依市独山子人民医院,外科,骨科,副主任医师,,2.5,,,,,,,,,,
张海江,新疆,克拉玛依,新疆克拉玛依市独山子人民医院,外科,骨科,主治医师,,2.5,,骨科常见疾病的诊治，脊柱疾病的诊断与治疗,,,,,,,,
艾光禹,新疆,克拉玛依,新疆克拉玛依市独山子人民医院,外科,骨科,主治医师,,2.5,,骨科常见病，复杂性四肢骨折、髋膝关节置换等治疗。,,,,,,,,
赵继明,新疆,克拉玛依,新疆克拉玛依市独山子人民医院,外科,骨科,主治医师,,2.5,,创伤骨科诊治,,,,,,,,
陈志兵,新疆,克拉玛依,新疆克拉玛依市独山子人民医院,外科,骨科,住院医师,,2.4,,骨科常见病、多发病，颈肩腰腿痛，骨质疏松的治疗。,,,,,,,,
刘平,新疆,克拉玛依,新疆克拉玛依市独山子人民医院,外科,普外科,主任医师,,2.9,,腹腔镜等普外科疾病,"4,397次",0篇,0位,0位,0位,,,
孙友刚,新疆,克拉玛依,新疆克拉玛依市独山子人民医院,外科,普外科,副主任医师,,2.8,2,普外疾病，尤其是腹部腹腔镜微创手术、甲状腺疾病、乳腺疾病的诊治,"14,061次",6篇,2位,2位,2位,,,
袁春生,新疆,克拉玛依,新疆克拉玛依市独山子人民医院,外科,普外科,主任医师,,2.5,,胃肠肿瘤手术、消化道穿孔手术、甲状腺、乳腺肿瘤切除手术。,,,,,,,,
徐斌,新疆,克拉玛依,新疆克拉玛依市独山子人民医院,外科,普外科,副主任医师,,2.5,,泌尿外科疾病诊治，输尿管镜钬激光碎石、前列腺电切、膀胱肿瘤电切等。,,,,,,,,
闫柯,新疆,克拉玛依,新疆克拉玛依市独山子人民医院,外科,普外科,主治医师,,2.5,,泌尿生殖系统肿瘤、泌尿系结石、泌尿系感染和男性病的诊断治疗,,,,,,,,
张月文,新疆,克拉玛依,新疆克拉玛依市独山子人民医院,外科,普外科,主治医师,,2.5,,普外、胸外、甲乳外、肛肠、泌尿外科等疾病诊治。,,,,,,,,
梅杰,新疆,克拉玛依,新疆克拉玛依市独山子人民医院,外科,普外科,住院医师,,2.4,,诊断和处理普外、胸外、甲乳外、肛肠及泌尿外科疾病,,,,,,,,
张拥军,新疆,克拉玛依,新疆克拉玛依市独山子人民医院,外科,神经外科,主任医师,,2.7,,颅脑肿瘤、脑血管疾病、高血压脑出血、颅脑损伤、脊髓椎管内病变等疾病的临床诊治,,,,,,,,
吴新龙,新疆,克拉玛依,新疆克拉玛依市独山子人民医院,外科,神经外科,主治医师,,2.6,,神经外科常见病、多发病的诊断、治疗，擅长急性脑血管病、颅脑损伤的诊断及手术，颅内肿瘤的诊治,,,,,,,,
巴传,新疆,克拉玛依,新疆克拉玛依市独山子人民医院,外科,神经外科,副主任医师,,2.5,,神经外科常见病、多发病的诊断、治疗,,,,,,,,
乔龙,新疆,克拉玛依,新疆克拉玛依市独山子人民医院,外科,神经外科,副主任医师,,2.5,,危重症急救,,,,,,,,
杨晓磊,新疆,克拉玛依,新疆克拉玛依市独山子人民医院,外科,神经外科,主治医师,,2.5,,各种脑血管意外，颅脑创伤，三叉神经痛的诊治,,,,,,,,
王雪梅,新疆,克拉玛依,新疆克拉玛依市独山子人民医院,妇儿,儿科,副主任医师,,2.8,4,哮喘、咳嗽等儿内科常见病,"8,636次",0篇,4位,0位,0位,,,
何谚,新疆,克拉玛依,新疆克拉玛依市独山子人民医院,妇儿,儿科,副主任医师,,2.8,,儿内、呼吸,"4,857次",0篇,0位,0位,0位,,,
姚霞,新疆,克拉玛依,新疆克拉玛依市独山子人民医院,妇儿,儿科,副主任医师,,2.5,,新生儿内科各类疾病，及危重症的诊断治疗。,,,,,,,,
杨敏,新疆,克拉玛依,新疆克拉玛依市独山子人民医院,妇儿,儿科,副主任医师,,2.5,,儿童常见病的诊治。新生儿常见病、疑难病、急重症疾病的诊治。,,,,,,,,
耿志宁,新疆,克拉玛依,新疆克拉玛依市独山子人民医院,妇儿,儿科,副主任医师,,2.5,,小儿呼吸、咳喘、消化等常见病及多发病诊治,,,,,,,,
赵新,新疆,克拉玛依,新疆克拉玛依市独山子人民医院,妇儿,儿科,副主任医师,,2.5,,呼吸、消化、小儿内分泌专科疾病治疗。,,,,,,,,
郭丽,新疆,克拉玛依,新疆克拉玛依市独山子人民医院,妇儿,儿科,主治医师,,2.5,,儿内科常见疾病的诊治，新生儿疾病的诊治。,,,,,,,,
刘文伟,新疆,克拉玛依,新疆克拉玛依市独山子人民医院,妇儿,儿科,主治医师,,2.5,,儿科呼吸系统疾病的诊治,,,,,,,,
刘敏,新疆,克拉玛依,新疆克拉玛依市独山子人民医院,妇儿,儿科,主治医师,,2.5,,儿内科常见疾病的诊治；新生儿疾病的诊治。,,,,,,,,
王春燕,新疆,克拉玛依,新疆克拉玛依市独山子人民医院,妇儿,妇产科,主任医师,,2.7,,妇产科常见病、多发病及疑难杂症诊治,,,,,,,,
马石玉,新疆,克拉玛依,新疆克拉玛依市独山子人民医院,妇儿,妇产科,主治医师,,2.7,,妇产科常见病,"6,263次",0篇,0位,0位,0位,,,
施艳军,新疆,克拉玛依,新疆克拉玛依市独山子人民医院,妇儿,妇产科,副主任医师,,2.6,,妇产科常见病、多发病及疑难杂症诊治,,,,,,,,
林洪,新疆,克拉玛依,新疆克拉玛依市独山子人民医院,妇儿,妇产科,副主任医师,,2.6,,妇产科常见病、多发病及疑难杂症诊治,,,,,,,,
冯涛,新疆,克拉玛依,新疆克拉玛依市独山子人民医院,妇儿,妇产科,副主任医师,,2.5,,妇产科常见病、多发病及疑难杂症诊治,,,,,,,,
战明宇,新疆,克拉玛依,新疆克拉玛依市独山子人民医院,妇儿,妇产科,主治医师,,2.5,,妇产科常见病、多发病的诊治，熟练掌握剖宫产、及妇科常见手术操作。,,,,,,,,
沈妮娜,新疆,克拉玛依,新疆克拉玛依市独山子人民医院,妇儿,妇产科,住院医师,,2.5,,妇产科炎症、宫颈疾病、月经不调、计划生育、子宫肌瘤、卵巢囊肿、痛经等常见病诊疗。,,,,,,,,
彭雨婷,新疆,克拉玛依,新疆克拉玛依市独山子人民医院,妇儿,妇产科,住院医师,,2.4,,妇产科炎症、宫颈疾病、月经不调、计划生育、子宫肌瘤、卵巢囊肿、痛经等常见病诊疗。,,,,,,,,
余金龙,新疆,克拉玛依,新疆克拉玛依市独山子人民医院,其他,五官科,主任医师,,2.7,,眼底病、白内障、青光眼、泪道阻塞等常见疾病诊断、手术、及激光治疗。,,,,,,,,
雷春燕,新疆,克拉玛依,新疆克拉玛依市独山子人民医院,其他,五官科,副主任医师,,2.7,,眼科常见病、多发病诊治,,,,,,,,
罗虹,新疆,克拉玛依,新疆克拉玛依市独山子人民医院,其他,五官科,主治医师,,2.6,,鼻部、耳部基本诊治,,,,,,,,
郭建红,新疆,克拉玛依,新疆克拉玛依市独山子人民医院,其他,五官科,副主任医师,,2.5,,耳鼻喉常见病、多发病预防及综合治疗。咽喉、鼻窦、鼻腔常见疾病微创外科手术治疗耳聋、耳鸣、咽喉康复综合治疗等。,,,,,,,,
罗学英,新疆,克拉玛依,新疆克拉玛依市独山子人民医院,其他,五官科,副主任医师,,2.5,,耳鼻喉常见病、多发病综合治疗。咽喉、鼻-鼻窦常见疾病微创外科检查治疗，中耳炎、耳聋、耳鸣等综合治疗等。,,,,,,,,
宁波,新疆,克拉玛依,新疆克拉玛依市独山子人民医院,其他,五官科,副主任医师,,2.5,,复杂难治青光眼、复杂白内障，儿童视光的诊治，熟练开展白内障超声乳化手术、中切口无缝线白内障手术等技术。,,,,,,,,
王琦,新疆,克拉玛依,新疆克拉玛依市独山子人民医院,其他,五官科,住院医师,,2.4,,眼科常见病诊断及治疗。擅长眼表及眼前节疾病的诊断及治疗，外眼手术。,,,,,,,,
马春林,新疆,克拉玛依,新疆克拉玛依市独山子人民医院,其他,康复科,主治医师,,2.7,,颈肩腰腿痛,"6,058次",0篇,0位,0位,0位,,,
王燕,新疆,克拉玛依,新疆克拉玛依市独山子人民医院,其他,康复科,主治医师,,2.6,,各种急慢性疼痛治疗,,,,,,,,
权斌,新疆,克拉玛依,新疆克拉玛依市独山子人民医院,其他,康复科,副主任医师,,2.5,,1.骨关节痛：颈椎病、肩周炎、腰椎间盘突出症、膝关节炎、腰腿痛等；2.神经痛：三叉神经痛、坐骨神经痛、带状疱疹后遗神经痛；3.头痛：偏头痛，顽固性头痛等；4.各种软组织疼痛。,,,,,,,,
王路,新疆,克拉玛依,新疆克拉玛依市独山子人民医院,其他,康复科,住院医师,,2.5,21,颞颌关节紊乱 骨关节术后康复 运动康复 急慢性腰腿痛 卒中后康复,"16,301次",0篇,21位,21位,21位,,,
杨雪珍,新疆,克拉玛依,新疆克拉玛依市独山子人民医院,其他,康复科,主治医师,,2.5,,使用物理治疗、注射治疗、中医微创等治疗技术解决临床类病症。,,,,,,,,
孔妍妍,新疆,克拉玛依,新疆克拉玛依市独山子人民医院,其他,康复科,主治医师,,2.5,,中西医结合治疗内科康复科常见病,,,,,,,,
姚森,新疆,克拉玛依,新疆克拉玛依市独山子人民医院,其他,口腔科,主任医师,,2.6,,口腔修复、牙体牙髓，综合,"8,592次",0篇,0位,0位,0位,,,
买日给亚·扎马别克,新疆,克拉玛依,新疆克拉玛依市独山子人民医院,其他,口腔科,主治医师,,2.5,,儿童牙病的综合治疗,,,,,,,,
王莉,新疆,克拉玛依,新疆克拉玛依市独山子人民医院,其他,口腔科,住院医师,,2.5,,口腔修复学冠修复、固定桥、全口活动义齿，局部活动义齿，精密修复体等；口腔正畸学，儿童、青少年及成人各种错牙合畸形的矫治；及颞下颌关节紊乱病、夜磨牙的诊治。,,,,,,,,
曲娜,新疆,克拉玛依,新疆克拉玛依市独山子人民医院,其他,口腔科,住院医师,,2.5,,前牙美学修复治疗，各类牙体缺损、牙列缺损的固定义齿及可摘局部义齿修复治疗；牙体牙髓病/根尖周病的诊断及治疗。,,,,,,,,
张延德,新疆,克拉玛依,新疆克拉玛依市独山子人民医院,其他,中医肿瘤科,主治医师,,2.9,,中西结合治疗风湿免疫性疾病、肿瘤化疗导致的脾胃失调，尤其对痛风、痛风性关节炎、强直性脊柱炎、类风湿关节炎、骨关节炎、干燥综合征、系统性红斑狼疮、产后风等疾病的诊治。,,,,,,,,
赵国祥,新疆,克拉玛依,新疆克拉玛依市独山子人民医院,其他,中医肿瘤科,主治医师,,2.9,,脾胃病、中医肿瘤、中医老年病（冠心病、脑梗塞）的治疗及预防。,,,,,,,,
朱玉虎,新疆,克拉玛依,新疆克拉玛依市独山子人民医院,其他,中医肿瘤科,副主任医师,,2.8,,风湿免疫、肿瘤、中医内科的诊治,,,,,,,,
刘国康,新疆,克拉玛依,新疆克拉玛依市独山子人民医院,其他,中医肿瘤科,主治医师,,2.8,,中西医肿瘤、中医脾胃病、中风后遗症、更年期综合征,,,,,,,,
邓钧,新疆,克拉玛依,新疆克拉玛依市独山子人民医院,其他,心身科,主任医师,,2.7,,,314次,0篇,0位,0位,0位,,,
张丹妮,新疆,克拉玛依,新疆克拉玛依市独山子人民医院,其他,心身科,主治医师,,2.7,,精神科常见病诊治，抑郁、焦虑、儿童青少年情绪障碍、老年精神障碍诊治及动力性心理治疗、团体心理治疗。,,,,,,,,
任雷,新疆,克拉玛依,新疆克拉玛依市独山子人民医院,其他,心身科,住院医师,,2.6,,儿童青少年方向的情绪障碍、青少年心理成长、焦虑障碍、抑郁障碍等精神疾病的诊治。,,,,,,,,
麦尔哈巴,新疆,克拉玛依,新疆克拉玛依市独山子人民医院,其他,心身科,住院医师,,2.6,,各种情绪障碍、焦虑、抑郁、恐惧、精神分裂症、睡眠障碍、酒精精神性疾病等的治疗,,,,,,,,
李才,新疆,克拉玛依,新疆克拉玛依市独山子人民医院,其他,针灸科,主治医师,,2.8,,针灸与中药结合治疗，过敏性鼻炎、带状疱疹、失眠、呃逆、斑秃、颈肩腰腿痛疼痛、肥胖症、脾胃不和等疾病。,,,,,,,,
马旭霞,新疆,克拉玛依,新疆克拉玛依市独山子人民医院,其他,针灸科,主治医师,,2.7,,颈肩腰腿疼、面瘫及各类神经疼痛的诊断治疗。,,,,,,,,
徐琼,新疆,克拉玛依,新疆克拉玛依市独山子人民医院,其他,针灸科,主治医师,,2.7,,顽固性失眠、便秘、高血压等常见病、多发病运用脐诊结合脐针治疗,,,,,,,,
于建江,新疆,克拉玛依,新疆克拉玛依市独山子人民医院,其他,皮肤性病科,副主任医师,,3.1,2215,擅长面部皮肤疾病、过敏性瘙痒性皮肤病、医学美容美肤、性病、儿童皮肤疾病、白癜风、银屑病及皮肤传染病的诊治,"1,678,642次",67篇,2215位,548位,578位,,,
刘弘懿,新疆,克拉玛依,新疆克拉玛依市独山子人民医院,其他,皮肤性病科,主治医师,,2.9,,常规皮肤病、性病诊疗，皮肤外科手术治疗、激光医学美容等。,,,,,,,,
郭华,新疆,克拉玛依,新疆克拉玛依市独山子人民医院,其他,皮肤性病科,主治医师,,2.8,,中西医结合治疗银屑病、过敏性疾病等。,,,,,,,,
程晓燕,新疆,克拉玛依,新疆克拉玛依市独山子人民医院,其他,医学影像科,副主任医师,,2.9,,影像诊断，从事MRI诊断工作15年，擅长CT MR影像诊断,,0篇,0位,0位,0位,,,
冯晓琴,新疆,克拉玛依,新疆克拉玛依市独山子人民医院,其他,医学影像科,副主任医师,,2.5,,影像诊断，从事MRI诊断工作15年，擅长CT MR影像诊断。,"6,769次",0篇,0位,0位,0位,,,
刘春霞,新疆,克拉玛依,新疆克拉玛依市独山子人民医院,其他,中医科,主治医师,,2.6,,1.中医妇科:月经不调、痛经、更年期综合征、产后病等；2.中医内科：咳嗽，脾胃病，失眠，多汗症，便秘，焦虑等；3.亚健康状态；4.中医皮肤：痤疮、黄褐斑、老年性瘙痒症等,,,,,,,,
王进,新疆,克拉玛依,新疆克拉玛依市独山子人民医院,其他,中医科,主治医师,,2.6,,中医内科常见病的诊治。,,,,,,,,
张静静,新疆,克拉玛依,新疆克拉玛依市独山子人民医院,其他,病理科,副主任医师,,2.7,,,348次,0篇,0位,0位,0位,,,
林晓峰,新疆,克拉玛依,新疆克拉玛依市独山子人民医院,其他,麻醉科,副主任医师,,2.7,,临床麻醉 术后疼痛 慢性疼痛,"4,665次",0篇,0位,0位,0位,,,
向蔚婷,新疆,克拉玛依,克拉玛依市人民医院,内科,内分泌代谢科,主治医师,,2.6,1,,231次,0篇,1位,0位,0位,,,
李农,新疆,克拉玛依,克拉玛依市人民医院,内科,内分泌代谢科,主任医师,,2.5,,在糖尿病、甲状腺疾病等内分泌代谢性疾病的临床及科研工作方面有很深的造诣并积累了丰富的临床工作经验，尤其擅长糖尿病并发症、甲状腺结节、甲状腺功能亢进及甲状腺功能减退疾病的诊断及治疗。,,,,,,,,
谢爱霞,新疆,克拉玛依,克拉玛依市人民医院,内科,内分泌代谢科,副主任医师,,2.5,,糖尿病、甲状腺疾病、妊娠期糖尿病、妊娠期甲状腺疾病的诊治。,,,,,,,,
左林,新疆,克拉玛依,克拉玛依市人民医院,内科,急诊科,副主任医师,,2.5,,对儿童急症及各种急危重病人的抢救积累了较为丰富的经验。,,,,,,,,
曲荣,新疆,克拉玛依,克拉玛依市人民医院,内科,急诊科,主治医师,,2.5,,高血压 脑梗死 心肌梗死 冠心病,"8,573次",0篇,0位,0位,0位,,,
吴胜利,新疆,克拉玛依,克拉玛依市人民医院,内科,内分泌肾病科,主任医师,,2.5,,诊治糖尿病、糖尿病各种并发症、甲状腺疾病、高血压、脂肪肝、骨质疏松、慢性肾病及肿瘤筛查等。,,,,,,,,
黄雪芳,新疆,克拉玛依,克拉玛依市人民医院,内科,内分泌肾病科,主任医师,,2.5,,糖尿病及相关并发症、甲状腺疾病、骨质疏松、代谢综合征、慢性肾脏病、血液净化治疗等专业疾病的预防和诊治。尤其在糖尿病肾病、慢性肾脏病、血液净化的诊治方面积累了较多的临床经验。,,,,,,,,
张军汉,新疆,克拉玛依,克拉玛依市人民医院,内科,普通内科,副主任医师,,2.5,,消化内科、心血管内科疾病诊治，对疑难、急危重症有较为丰富的临床诊治经验。,,,,,,,,
乔金彪,新疆,克拉玛依,克拉玛依市人民医院,内科,呼吸科,副主任医师,,2.7,,对呼吸系统疾病有系统的研究及丰富的诊治经验。,,,,,,,,
岳勇,新疆,克拉玛依,克拉玛依市人民医院,外科,骨科,副主任医师,,2.8,,四肢骨折、手部疾病、脊柱、关节疾病的诊断治疗。开展了骨盆骨折，手外伤带蒂皮瓣移植，血管、神经吻合，带血管蒂的髂骨瓣移植治疗青壮年股骨颈骨折，胫骨平台骨折腘动脉断裂、大隐静脉桥接动脉吻合手术，腰椎间盘突出症髓核摘除手术以及椎管减压手术，腰椎弓根钉内固定手术，老年股骨颈骨折人工关节置换手术。,,,,,,,,
杨勇,新疆,克拉玛依,克拉玛依市人民医院,外科,骨科,主治医师,,2.7,,骨科常见病的诊治，如骨创伤，骨关节疾病的诊治等,"4,360次",0篇,0位,0位,0位,,,
张永辉,新疆,克拉玛依,克拉玛依市人民医院,外科,骨科,主治医师,,2.7,,四肢骨创伤，骨关节疾病的诊治等,"3,914次",0篇,0位,0位,0位,,,
刘智,新疆,克拉玛依,克拉玛依市人民医院,外科,骨科,住院医师,,2.6,1,创伤骨科，骨关节病，关节镜,"8,386次",0篇,1位,0位,0位,,,
邓小虎,新疆,克拉玛依,克拉玛依市人民医院,外科,泌尿外科,主任医师,,2.8,,泌尿系结石，泌尿系肿瘤的诊治。,,0篇,0位,0位,0位,,,
黄辉健,新疆,克拉玛依,克拉玛依市人民医院,外科,泌尿外科,副主任医师,,2.6,,对泌尿外科疾病及男科疾病有系统的研究及丰富的诊治经验。,,,,,,,,
符长远,新疆,克拉玛依,克拉玛依市人民医院,外科,泌尿外科,住院医师,,2.5,,中医诊疗泌尿外科疾病、男科疾病,"2,119次",0篇,0位,0位,0位,,,
钱建荣,新疆,克拉玛依,克拉玛依市人民医院,外科,外科,主任医师,,2.7,,对外科疾病的诊断治疗积累了较为丰富的临床经验，操作细致尤其对乳腺甲状腺、肝胆外科疾病、创伤急救等有一定的专业研究，对微创外科手术也积累了较为丰富的经验,,,,,,,,
周昕科,新疆,克拉玛依,克拉玛依市人民医院,妇儿,儿科,副主任医师,,2.5,,对儿科疾病及新生儿疾病有系统的研究及丰富的诊治经验。,,,,,,,,
石芳云,新疆,克拉玛依,克拉玛依市人民医院,妇儿,儿科,副主任医师,,2.5,,对儿科呼吸、消化系统疾病及新生儿疾病有系统的研究和丰富的诊治经验。,,,,,,,,
黄发婷,新疆,克拉玛依,克拉玛依市人民医院,妇儿,妇产科,主治医师,,2.6,7,从事妇产科临床工作13年。妇产科的常见病及多发病的诊断及治疗。产前检查及咨询，产检问询。妇科宫腔镜及腹腔镜手术。,351次,0篇,7位,0位,0位,,,
党晓玲,新疆,克拉玛依,克拉玛依市人民医院,其他,中医科,副主任医师,,2.7,,中医妇科月经失调、围绝经期综合征、不孕症、妊娠病、盆腔炎等疾病的诊疗,,,,,,,,
宋文娟,新疆,克拉玛依,克拉玛依市人民医院,其他,中医科,副主任医师,,2.7,,成人踩跷、小儿推拿、针灸等。治疗成人腰椎间盘突出症、腰肌劳损、坐骨神经痛、痹症等。小儿呼吸系统如咳嗽、发热、感冒等；消化系统如厌食、泄泻、便秘等；泌尿系统如遗尿等疾病。,,,,,,,,
刘剑,新疆,克拉玛依,克拉玛依市人民医院,其他,中医科,副主任医师,,2.7,,诊治中医内科、亚健康、妇科等专科疾病，如：疑难杂病、消化系统疾病、亚健康状态、乳腺增生症等。,,,,,,,,
颜君宇,新疆,克拉玛依,克拉玛依市人民医院,其他,手术麻醉科,副主任医师,,2.5,,无痛人流、无痛分娩、腰硬联合麻醉，喉罩全身麻醉，神经刺激器引导神经阻滞，连续股神经阻滞等麻醉、麻醉方法和新技术。,,,,,,,,
张正昶,新疆,克拉玛依,克拉玛依市人民医院,其他,手术麻醉科,副主任医师,,2.5,,各种急难危重及老年病人的手术麻醉，擅长各型关节痛，腰腿痛，足跟痛等各种疼痛的治疗。,,,,,,,,
刘晓刚,新疆,克拉玛依,克拉玛依市人民医院,其他,手术麻醉科,副主任医师,,2.5,,对疼痛科疾病有独特的见解，特别是在运用疼痛微创介入治疗技术、神经调控技术等方面有丰富的治疗经验。,,,,,,,,
丁玲加提,新疆,克拉玛依,克拉玛依市人民医院,其他,皮肤风湿免疫科,副主任医师,,3.0,42,各种顽固性皮肤病（湿疹皮炎、银屑病等）、皮肤肿瘤疾病的治疗以及系统性红斑狼疮、强直性脊柱炎、类风湿关节炎、干燥综合征、骨关节炎、痛风等多种自身免疫性疾病的诊疗,"73,739次",11篇,42位,19位,19位,,,
黄玉华,新疆,克拉玛依,克拉玛依市人民医院,其他,皮肤风湿免疫科,主治医师,,2.8,,皮肤病、性病及风湿免疫性疾病的诊疗工作，积累了丰富的临床经验，尤擅长治疗痛风、类风湿关节炎、强直性脊柱炎及干燥综合症的诊治，以及中西医结合治疗痤疮、皮炎湿疹、红斑鳞屑性疾病，对重症药物疹、大庖性皮肤病、结缔组织病等危重疾病的诊断及治疗也有自己独到见解，同时在情志因素对皮肤、风湿病疾病的影响方面也颇有心得。,,,,,,,,
杨亚黎,新疆,克拉玛依,克拉玛依市人民医院,其他,临床心理科,主任医师,,2.7,,治疗各种重性精神病及睡眠障碍的诊断与治疗。,,,,,,,,
郑占营,新疆,克拉玛依,克拉玛依市人民医院,其他,临床心理科,副主任医师,,2.6,,精神心理疾病的诊治有较丰富的临床经验,,,,,,,,
李永宏,新疆,克拉玛依,克拉玛依市人民医院,其他,临床睡眠科,副主任医师,,2.6,,抑郁症，焦虑症，躯体化障碍及睡眠障碍的诊治及心理治疗等。,,,,,,,,
李厚隽,新疆,克拉玛依,昆仑路街道社区卫生服务中心,其他,全科,副主任医师,,2.6,,内科疾病,"5,164次",0篇,0位,0位,0位,,,
张彦红,新疆,克拉玛依,昆仑路街道社区卫生服务中心,其他,全科,副主任医师,,2.6,25,普通内科常见疾病的诊治，如心脑血管疾病，糖尿病，高血压等,"13,861次",7篇,25位,24位,25位,,,
陈霞,新疆,克拉玛依,昆仑路街道社区卫生服务中心,其他,全科,主治医师,,2.5,4,高血压、冠心病等全科疾病,"14,154次",2篇,4位,2位,2位,,,
廖粒莉,新疆,克拉玛依,昆仑路街道社区卫生服务中心,其他,全科,主治医师,,2.4,,高血压、糖尿病等,"6,949次",0篇,0位,0位,0位,,,
蒂力努尔·力提甫,新疆,克拉玛依,昆仑路街道社区卫生服务中心,其他,全科,主治医师,,2.4,180,高血压、冠心病等,"305,838次",6篇,180位,71位,99位,,,
夏秋玲,新疆,克拉玛依,昆仑路街道社区卫生服务中心,其他,全科,主治医师,,2.4,55,高血压、冠心病、糖尿病等,"159,270次",0篇,55位,46位,48位,,,
宋晶,新疆,克拉玛依,昆仑路街道社区卫生服务中心,其他,全科,住院医师,,2.4,,普通内科常见疾病的诊治，如高血压，冠心病，糖尿病，高血脂等,"6,868次",0篇,0位,0位,0位,,,
丁祥海,新疆,克拉玛依,昆仑路街道社区卫生服务中心,其他,全科,住院医师,,2.4,48,高血压、冠心病、糖尿病等全科疾病,"26,710次",0篇,48位,42位,45位,,,
顾健,新疆,克拉玛依,金山路街道社区卫生服务中心,内科,内科,副主任医师,,2.3,,高血压、糖尿病等,"6,283次",0篇,0位,0位,0位,,,
张利,新疆,克拉玛依,金山路街道社区卫生服务中心,内科,内科,主治医师,,2.2,,社区门诊常见病、多发病的诊治。,"6,369次",0篇,0位,0位,0位,,,
尤蔓蔓,新疆,克拉玛依,金山路街道社区卫生服务中心,内科,内科,主治医师,,2.2,,高血压、糖尿病等,"8,183次",0篇,0位,0位,0位,,,
左维维,新疆,克拉玛依,金山路街道社区卫生服务中心,内科,内科,主治医师,,2.2,,高血压、糖尿病等,"8,523次",0篇,0位,0位,0位,,,
刘文斌,新疆,克拉玛依,克拉玛依市第二人民医院,内科,内分泌肾病科,主任医师,,2.5,,糖尿病、甲状腺及骨病的治疗。擅长急慢性肾病、慢性肾功能衰竭的治疗,,,,,,,,
管丽萍,新疆,克拉玛依,克拉玛依市第二人民医院,内科,内分泌肾病科,副主任医师,,2.5,,糖尿病及其并发症、内分泌系统疾病、骨质疏松症及甲状腺疾病的内科治疗。,,,,,,,,
王晓平,新疆,克拉玛依,克拉玛依市第二人民医院,内科,消化肿瘤科,主任医师,,2.6,,消化系统疾病及肝病，肿瘤的诊治,,,,,,,,
张海泉,新疆,克拉玛依,克拉玛依市第二人民医院,妇儿,儿科,主治医师,,2.5,6,儿童常见营养缺乏性疾病（营养不良性贫血，佝偻病等）的诊治，新生儿保健（护理，喂养，疾病）。婴幼儿喂养（母乳喂养指导，辅食添加，良好饮食习惯的培养），生长发育偏离（低体重，生长迟缓，肥胖），行为发育偏离等儿童保健相关咨询。儿童常见疾病的诊治。,579次,0篇,6位,1位,1位,,,
